plant_id,timestamp,source,irradiance,panel_temperature,dc_voltage,dc_current,ac_power,battery_soc,battery_voltage,battery_current,battery_temperature,load_power,grid_status,grid_voltage,grid_frequency,import_power,export_power,inverter_status,inverter_fault_code,sensor_status,is_injected_anomaly
SOLAR_001,2026-01-01 00:00:00,solar,0.0,18.928434738920313,503.2459749678933,0.0745857909470584,0.03668269502152206,47.81764490109319,47.825411592087455,-34.680096207339,20.11522391795254,1.6952725701907008,available,232.02364235247114,49.98533363075466,0.0,0.0,normal,,normal,False
SOLAR_001,2026-01-01 00:15:00,solar,33.98263148753039,18.026293689701955,499.48624312439586,0.707430839322867,0.34238680251481274,46.13706587892974,47.69096527031438,-26.78159373803343,17.572611394773762,1.619626859359034,available,232.04679987417103,50.0308693887279,0.0,0.0,normal,,normal,False
SOLAR_001,2026-01-01 00:30:00,solar,0.0,16.396096272075077,505.63566774048576,0.14911125870265907,0.07301600363141789,44.112041946805064,47.5289633557444,-32.38063866227253,18.74944713585692,1.6120341920461692,available,231.12058830866695,49.983255293895404,0.0,0.0,normal,,normal,False
SOLAR_001,2026-01-01 00:45:00,solar,0.0,18.70238679088674,496.8684091216535,0.11340892594413156,0.054793098520406196,41.76674516793615,47.34133961343489,-37.65050939611658,18.73731640034325,1.8372186504607826,available,227.46470153757033,50.0096962728264,0.0,0.0,normal,,normal,False
SOLAR_001,2026-01-01 01:00:00,solar,6.432569498802131,15.670823547383023,499.4578514930069,0.12172780985148406,0.05877648395648838,40.20472481223913,47.21637798497913,-25.14245100942307,16.02241290906783,1.245911954286228,available,229.8037304455729,50.04786360826399,0.0,0.0,normal,,normal,False
SOLAR_001,2026-01-01 01:15:00,solar,35.00276026068411,18.478102140933164,499.7960512828896,0.6987983803840474,0.33647943259124435,38.78653329457561,47.10292266356605,-22.882349809218237,18.51731433531353,1.4143049860155164,available,227.30561537643976,50.07575808618979,0.0,0.0,normal,,normal,False
SOLAR_001,2026-01-01 01:30:00,solar,28.366565193817014,21.17803858656875,504.36874531533766,0.2884518216751045,0.1419563866205705,36.881783345963036,46.95054266767704,-30.832656635982996,21.519610316418927,1.5895663475661257,available,229.7054132280978,50.014434007240475,0.0,0.0,normal,,normal,False
SOLAR_001,2026-01-01 01:45:00,solar,32.95717719761817,18.26646599049503,500.4235483283287,0.6437015087487601,0.3117333815302376,35.38349338781277,46.83067947102502,-24.315264716556985,19.35915332355651,1.450433749724442,available,231.29484233445854,50.00588827035201,0.0,0.0,normal,,normal,False
SOLAR_001,2026-01-01 02:00:00,solar,0.0,16.075104997084118,500.5342756582325,0.0,0.0,33.36891172906512,46.66951293832521,-32.80690035637554,17.179331327829562,1.5310820606482143,available,231.98420864583022,49.94463549202591,0.0,0.0,normal,,normal,False
SOLAR_001,2026-01-01 02:15:00,solar,16.41874312758202,18.39751072573112,493.3806275399683,0.36398893950731115,0.17364969184372392,31.119257335383356,46.48954058683067,-36.776817271506125,16.630903013575097,1.8833870310418634,available,230.9456895597181,50.079289922705534,0.0,0.0,normal,,normal,False
SOLAR_001,2026-01-01 02:30:00,solar,0.0,16.827830193897974,496.400373163157,0.015397924677803997,0.0074630240934404945,29.006449732772886,46.32051597862183,-34.66571440449947,17.683327593511663,1.6131968020773992,available,232.5169431280281,50.024785053391405,0.0,0.0,normal,,normal,False
SOLAR_001,2026-01-01 02:45:00,solar,4.037209189504641,15.731647273378677,504.3838090947903,0.1519906259202652,0.07468879181607115,27.39968514162079,46.191974811329665,-26.436217422254064,16.22878669196834,1.2958298810916653,available,230.5195127738749,50.00681125622433,0.0,0.0,normal,,normal,False
SOLAR_001,2026-01-01 03:00:00,solar,0.0,18.989376213817092,491.6986309456113,0.1420250519370149,0.06765445943734734,25.38721258482888,46.03097700678631,-33.22717097524045,19.025268413070947,1.5971336025991978,available,229.5328794559794,50.004252461109836,0.0,0.0,normal,,normal,False
SOLAR_001,2026-01-01 03:15:00,solar,0.0,19.856464314706766,505.3719706097225,0.0,0.0,23.130742824260796,45.85045942594086,-37.402395515834094,21.569015238182484,1.7149170180317435,available,231.7473210193988,50.018032673677766,0.0,0.0,normal,,normal,False
SOLAR_001,2026-01-01 03:30:00,solar,0.0,17.980166609852496,501.9986579558169,0.22713370601519672,0.11040240503175226,20.994436431621864,45.679554914529746,-35.5430971567798,19.73293342821143,1.7339952634373412,available,231.81295220035335,50.038589524494036,0.0,0.0,normal,,normal,False
SOLAR_001,2026-01-01 03:45:00,solar,16.173995042567093,18.575617712566924,497.00991468654496,0.357173638858621,0.172699338813039,18.772723872941043,45.50181790983528,-37.10844142410518,19.480213982456053,1.8612008834104619,available,228.95165660335257,50.04477752650653,0.0,0.0,normal,,normal,False
SOLAR_001,2026-01-01 04:00:00,solar,14.412944190053798,17.968228049762764,496.6718040943708,0.1664531044448744,0.0802703617575831,16.417977355581158,45.31343818844649,-39.49396525046306,17.424694062034167,1.8698777149510946,available,230.75796451714012,50.08054009479033,0.0,0.0,normal,,normal,False
SOLAR_001,2026-01-01 04:15:00,solar,4.982755127954774,19.284244771797038,507.58382119939324,0.045043133599009945,0.022189742528283367,14.114010082991726,45.129120806639335,-38.800116108407806,18.091761640838104,1.7732048696962521,available,229.41137325132675,50.01213442542563,0.0,0.0,normal,,normal,False
SOLAR_001,2026-01-01 04:30:00,solar,0.0,18.89511742255417,505.6456232259177,0.0,0.0,12.022977841167222,44.96183822729338,-35.3451853047666,19.649517554720973,1.589184503786623,available,225.9828103955992,50.08771006096327,0.0,0.0,normal,,normal,False
SOLAR_001,2026-01-01 04:45:00,solar,0.0,18.5944593388079,499.522236913826,0.059269348529075415,0.028830492793654596,9.735749028677208,44.778859922294174,-38.81952109787773,19.953992897358667,1.767124390286065,available,230.88021298422663,50.05288616397413,0.0,0.0,normal,,normal,False
SOLAR_001,2026-01-01 05:00:00,solar,0.0,23.33825324559941,500.5383669178095,0.0,0.0,7.421306767651542,44.59370454141212,-39.444494160515994,21.30959548405284,1.758976118379506,available,227.41095563641898,49.99699343094153,0.0,0.0,normal,,normal,False
SOLAR_001,2026-01-01 05:15:00,solar,15.654163620500839,21.995072484103773,497.4152745563589,0.28854044997434064,0.13954163394368674,5.16387655632022,44.413110124505614,-38.629291121523366,23.08136721450364,1.8551885945554911,available,230.6564484186675,49.91663131357783,0.0,0.0,normal,,normal,False
SOLAR_001,2026-01-01 05:30:00,solar,21.20732735070932,22.709991819256132,500.5391359113044,0.4114840235565101,0.19876859342871842,5.0,44.4,-2.8050942072830494,22.455126281904118,2.0794969205525544,available,226.9293873956776,50.00427811321485,1.7561821443204686,0.0,normal,,normal,False
SOLAR_001,2026-01-01 05:45:00,solar,19.014940548555895,23.550396609990408,497.3043852457228,0.33952230264479594,0.16593658864168426,5.0,44.4,-0.0,21.74139377557598,2.051389141759186,available,228.5606658459585,50.07792389024451,1.885452553117502,0.0,normal,,normal,False
SOLAR_001,2026-01-01 06:00:00,solar,0.0,23.344821009422063,499.6858279033033,0.08119255503847705,0.039296064056984756,5.0,44.4,-0.0,23.81421716465203,2.1648011427483373,available,229.13280239652863,49.96123684349339,2.1255050786913525,0.0,normal,,normal,False
SOLAR_001,2026-01-01 06:15:00,solar,9.245754991299762,22.245846691474522,508.5493801036618,0.24686332009418488,0.12190372031087045,5.0,44.4,-0.0,23.155233344948382,1.9526147674330057,available,232.4034495406227,50.00412313237313,1.8307110471221353,0.0,normal,,normal,False
SOLAR_001,2026-01-01 06:30:00,solar,86.95771754912421,25.66908852764495,502.22806765819934,1.8429440634693224,0.9004324295297582,5.0,44.4,-0.0,25.317739870177512,2.36040894015597,available,228.93296988002814,50.00826094546609,1.4599765106262117,0.0,normal,,normal,False
SOLAR_001,2026-01-01 06:45:00,solar,216.91090534680995,28.561405002668256,499.70971891522805,4.245779921352792,2.053649982503383,5.0,44.4,-0.0,27.504050371065116,2.222358347426602,available,227.85005809278258,50.04710632959156,0.16870836492321883,0.0,normal,,normal,False
SOLAR_001,2026-01-01 07:00:00,solar,222.15614500903177,30.211599062390782,499.71089271011056,4.473339106274295,2.1684024466428697,5.035015741224284,44.402801259297945,0.664078372131304,31.923689989285055,2.1389155066645253,available,230.72869016398718,49.98060942261083,0.0,0.0,normal,,normal,False
SOLAR_001,2026-01-01 07:15:00,solar,294.94533082645523,32.343991504209626,506.9372603355211,5.512734281879833,2.7107116717870476,5.563921823410259,44.445113745872824,10.021227486821108,31.675354517895723,2.2653170762620163,available,229.5660528225323,49.956530812577235,0.0,0.0,normal,,normal,False
SOLAR_001,2026-01-01 07:30:00,solar,356.21491610853633,33.24506585695746,504.61008802933065,6.68882649872403,3.2585663161938805,7.014465963195267,44.56115727705562,27.412009229498807,34.40453817437583,2.037055461638084,available,231.58112112129868,50.028500107561186,0.0,0.0,normal,,normal,False
SOLAR_001,2026-01-01 07:45:00,solar,424.1450956606982,33.97531156124766,509.83218637231016,7.901595083154241,3.916467132246701,9.554751790193045,44.76438014321544,47.787728948692994,32.4622612360603,1.7772790674064665,available,227.97624010167092,49.96283064904812,0.0,0.0,normal,,normal,False
SOLAR_001,2026-01-01 08:00:00,solar,464.13744679394983,37.63452507101466,503.5219876274858,8.752882520624066,4.238707920331607,12.0901203332409,44.96720962665927,47.48009075661609,38.05053011866841,2.1036607261860443,available,230.42170776427955,49.908224732392895,0.0,0.0,normal,,normal,False
SOLAR_001,2026-01-01 08:15:00,solar,519.3623326980812,38.927730342863214,513.8724051986956,9.660765282945631,4.858974406269209,15.01074857007072,45.20085988560566,54.41215977276535,39.315237500521704,2.3994979963072542,available,234.9391335934544,50.09201859622139,0.0,0.0,normal,,normal,False
SOLAR_001,2026-01-01 08:30:00,solar,575.5399059256846,38.23172330313461,507.93456909300244,10.671997721083464,5.279548460365402,18.560854168701972,45.48486833349616,65.72653101805504,39.10513930964351,2.289985850991717,available,229.52144208193133,50.04635153310688,0.0,0.0,normal,,normal,False
SOLAR_001,2026-01-01 08:45:00,solar,632.1939559543965,43.662362383726006,513.3721053391107,11.34883551441569,5.670008509115107,22.599149540593057,45.80793196324744,74.23757504669872,45.15534577696008,2.269338722259456,available,230.37346081940126,50.09416938927086,0.0,0.0,normal,,normal,False
SOLAR_001,2026-01-01 09:00:00,solar,670.1011738967367,45.70054251578258,512.7889227539711,11.964674460295523,5.898017393898742,27.051547026460963,46.16412376211688,81.21864016830223,44.88691280414718,2.148630037378401,available,226.67791948392477,50.04370063765078,0.0,0.0,normal,,normal,False
SOLAR_001,2026-01-01 09:15:00,solar,686.0575474764528,48.83296503086196,521.9103519986951,11.946851476559504,6.023422079325682,31.801547026460963,46.544123762116875,85.93995711346217,49.35373980274707,1.9471627481822325,available,228.2940414240157,50.03401824608462,0.0,0.07625933114344985,normal,,normal,False
SOLAR_001,2026-01-01 09:30:00,solar,770.8825307615622,46.94659701711911,516.5530234995429,13.567269561142464,6.8466518294816,36.551547026460966,46.92412376211688,85.24399987260516,45.58002963231061,2.641978127294014,available,230.91944140408555,50.01847678167102,0.0,0.20467370218758596,normal,,normal,False
SOLAR_001,2026-01-01 09:45:00,solar,780.3718881174857,47.316650063814016,524.4112800385093,13.501686269770671,7.009632213614715,41.301547026460966,47.30412376211688,84.5592240565582,45.938735113341394,2.332582377173824,available,229.34020451499555,49.99069858592188,0.0,0.677049836440891,normal,,normal,False
SOLAR_001,2026-01-01 10:00:00,solar,732.2642337223356,45.59222176570536,519.5634776759384,12.803468604327877,6.49238498788502,46.051547026460966,47.684123762116876,83.88536234732784,45.01388718414456,2.3038038353235595,available,231.22886592120156,50.02560532909526,0.0,0.18858115256146135,normal,,normal,False
SOLAR_001,2026-01-01 10:15:00,solar,798.8472487210581,49.54702273010981,523.6390785199037,13.70316667167789,6.997451169250675,50.801547026460966,48.06412376211688,83.22215588069693,49.95635000271601,2.269263480271335,available,230.84987737159318,49.9723383757813,0.0,0.7281876889793395,normal,,normal,False
SOLAR_001,2026-01-01 10:30:00,solar,811.5056859355814,50.144592801265716,517.642397824534,14.213926016829404,7.156311918571416,55.551547026460966,48.444123762116874,82.56935391466375,51.82146062141078,2.666650285155405,available,227.36394112824448,49.946538541376036,0.0,0.4896616334160111,normal,,normal,False
SOLAR_001,2026-01-01 10:45:00,solar,845.5547356066941,49.742211174105044,520.3206147878634,14.651077982933806,7.362256717807025,60.301547026460966,48.824123762116876,81.92671351336448,51.60115676393895,2.6023887207486744,available,232.03061256524964,49.98338870915395,0.0,0.7598679970583504,normal,,normal,False
SOLAR_001,2026-01-01 11:00:00,solar,856.7020907035959,51.2173352710752,524.1930908818572,14.558777055051433,7.440635937765754,65.05154702646097,49.20412376211688,81.2939992456419,50.862443941999615,2.24121872898789,available,227.5146301131552,50.06457461456757,0.0,1.1994172087778647,normal,,normal,False
SOLAR_001,2026-01-01 11:15:00,solar,911.9526751548685,50.1089275692665,523.2355454024007,15.796724584424059,7.971935930810979,69.80154702646097,49.584123762116874,80.67098289747472,50.41446202785933,2.674261969190161,available,228.47015618838515,49.938379665653734,0.0,1.2976739616208182,normal,,normal,False
SOLAR_001,2026-01-01 11:30:00,solar,905.6244419233907,54.49733289741364,521.9528703402145,15.247437020904874,7.6715183445363095,74.55154702646097,49.96412376211688,80.05744319752938,55.44033836270413,2.417136103833961,available,230.45896983106843,49.939174167459996,0.0,1.2543822407023484,normal,,normal,False
SOLAR_001,2026-01-01 11:45:00,solar,927.2893343344736,52.65472537531932,518.6454391336212,16.03818952083085,8.01562289459637,79.30154702646097,50.34412376211688,79.4531655551414,53.42010806379495,2.326928077859926,available,233.13404601601314,50.02956545813564,0.0,1.6886948167364446,normal,,normal,False
SOLAR_001,2026-01-01 12:00:00,solar,949.2268334824427,54.44016709396508,519.3648940247731,16.25953721046978,8.232491933021603,84.05154702646097,50.724123762116875,78.85794181007391,54.270710350392264,2.39127752264049,available,227.99224729574502,49.97924606477817,0.0,1.841214410381113,normal,,normal,False
SOLAR_001,2026-01-01 12:15:00,solar,941.6825468282601,52.267520501582446,524.5078262711854,16.000775780983833,8.138346913328757,88.80154702646097,51.10412376211688,78.27156999344095,52.34362553953767,2.2923770653543922,available,230.29536890683912,50.02427475225797,0.0,1.8459698479743647,normal,,normal,False
SOLAR_001,2026-01-01 12:30:00,solar,908.2774068531603,52.77351880175332,525.2125422224047,15.229651928834004,7.762873801473077,93.55154702646097,51.48412376211688,77.69385409921817,52.66333788005783,2.1819747670684566,available,230.31204093766067,50.04949287159397,0.0,1.58089903440462,normal,,normal,False
SOLAR_001,2026-01-01 12:45:00,solar,876.7279881341416,52.48382543574747,517.2442546909459,15.307896184596887,7.679773876491085,98.30154702646097,51.864123762116876,77.12460386579829,52.275451489571665,2.596579569283172,available,231.3147199555449,50.02307662421289,0.0,1.083194307207913,normal,,normal,False
SOLAR_001,2026-01-01 13:00:00,solar,880.9587505288059,53.00703249277891,516.3434806283615,15.187622170659814,7.562629290529057,100.0,52.0,27.505311312373024,52.66562206595283,2.390525650023787,available,232.3680610993582,49.96838772106608,0.0,3.741827452261873,normal,,normal,False
SOLAR_001,2026-01-01 13:15:00,solar,844.3013089871642,52.8121439606331,515.3220674368212,14.529836833516764,7.237808548795492,100.0,52.0,0.0,52.692485470621406,2.5495604650018517,available,229.1918494719961,50.06414669042643,0.0,4.68824808379364,normal,,normal,False
SOLAR_001,2026-01-01 13:30:00,solar,807.103859948277,53.27632315355293,521.7963931131463,13.80992262084089,6.967434921982461,100.0,52.0,0.0,52.87050907197807,2.473188455855988,available,232.0236984825259,50.03710613413018,0.0,4.494246466126473,normal,,normal,False
SOLAR_001,2026-01-01 13:45:00,solar,814.5873168214225,52.32924629751221,514.2195547424037,14.17780779404189,7.020565131077387,100.0,52.0,0.0,51.193828637110876,2.5133009559603576,available,232.66064343765277,50.00134139270948,0.0,4.5072641751170295,normal,,normal,False
SOLAR_001,2026-01-01 14:00:00,solar,806.6272101341092,52.370407852095575,520.5909216997758,13.924004602556236,7.01297471332055,100.0,52.0,0.0,53.23298813514326,1.98051407062158,available,233.56791835774314,49.99892085930508,0.0,5.03246064269897,normal,,normal,False
SOLAR_001,2026-01-01 14:15:00,solar,753.8340527245025,51.64351838949301,518.8121536185349,12.917645496953812,6.4645428673119385,100.0,52.0,0.0,52.15977612340475,2.200809275664742,available,231.00384659944325,50.01869962697385,0.0,4.263733591647196,normal,,normal,False
SOLAR_001,2026-01-01 14:30:00,solar,782.4081685885578,50.881922764577006,513.6866994283616,13.685377201231908,6.8394016450936,100.0,52.0,0.0,52.75851650774563,2.4708819542114258,available,230.31487382070526,49.98440081498708,0.0,4.368519690882175,normal,,normal,False
SOLAR_001,2026-01-01 14:45:00,solar,705.2019718578367,47.85309769374624,521.2922334049846,12.177592179599571,6.178621197975659,100.0,52.0,0.0,48.22261571401555,2.083361774538346,available,229.05083105277026,49.918439765264,0.0,4.095259423437312,normal,,normal,False
SOLAR_001,2026-01-01 15:00:00,solar,688.4886544506428,48.788062047139725,508.293099991326,12.321809662903988,6.034687209490192,100.0,52.0,0.0,48.371101898433785,2.392811068296393,available,227.08202653570078,50.03750788731308,0.0,3.641876141193799,normal,,normal,False
SOLAR_001,2026-01-01 15:15:00,solar,603.6245270811945,46.52041439209017,519.8250467010356,10.610277513430418,5.341843019125546,100.0,52.0,0.0,45.89397901206312,2.018564700791316,available,229.444092934683,50.03453715099356,0.0,3.3232783183342303,normal,,normal,False
SOLAR_001,2026-01-01 15:30:00,solar,549.7381389996048,44.26977561397782,513.4507720371564,9.908834315675128,4.9822830370615465,100.0,52.0,0.0,44.31714168132735,2.277231439752863,available,230.22467547245301,49.884946701715165,0.0,2.7050515973086835,normal,,normal,False
SOLAR_001,2026-01-01 15:45:00,solar,499.33199064948684,39.56423702303586,502.8175392337573,9.337595599504287,4.531229703496738,100.0,52.0,0.0,40.117112186411454,2.5720046836460324,available,229.78101539513418,50.02553380713286,0.0,1.9592250198507055,normal,,normal,False
SOLAR_001,2026-01-01 16:00:00,solar,428.839850546726,38.40855350233201,516.3675185432865,7.83520271114646,3.93309940646429,100.0,52.0,0.0,38.16384289814184,2.379920023066325,available,231.19543598562964,50.08782417694449,0.0,1.553179383397965,normal,,normal,False
SOLAR_001,2026-01-01 16:15:00,solar,387.419168391712,37.88861875944755,512.73462382126,7.081730076457745,3.52403253669975,100.0,52.0,0.0,36.41836129091024,1.8288817211104038,available,227.09165345118694,49.943618082341324,0.0,1.6951508155893462,normal,,normal,False
SOLAR_001,2026-01-01 16:30:00,solar,318.04362377747634,37.3818521286018,505.94082191364964,6.0529588660654765,2.98730032150518,100.0,52.0,0.0,36.642841816043685,2.341881825427527,available,229.6360514594204,49.996335435455464,0.0,0.645418496077653,normal,,normal,False
SOLAR_001,2026-01-01 16:45:00,solar,280.93567992558934,34.880364000671115,502.56990704509764,5.51726653563146,2.693724136265248,100.0,52.0,0.0,34.898389016483,2.5090954047323395,available,233.98953901826061,49.990900884293296,0.0,0.18462873153290849,normal,,normal,False
SOLAR_001,2026-01-01 17:00:00,solar,231.49946497579822,34.9927895745708,498.90011392669686,4.398933078876343,2.1240567016585454,99.27392753859219,51.94191420308738,-10.623695316895688,35.73307323439023,2.6758717723284824,available,231.99119751900446,50.08302059671854,0.0,0.0,normal,,normal,False
SOLAR_001,2026-01-01 17:15:00,solar,213.9836217026782,34.41846631721639,513.5635910875641,4.063561703270762,2.024987070047361,99.06627132496898,51.92530170599752,-3.0393414610705283,32.9326425555047,2.1828057924009956,available,231.23238025842545,50.05604735220785,0.0,0.0,normal,,normal,False
SOLAR_001,2026-01-01 17:30:00,solar,116.61000394315609,31.39278982815034,498.91699634775364,2.3208082692271486,1.12362505756145,98.19491903002096,51.855593522401676,-12.770613528402086,31.657873278772012,1.7858528017219524,available,230.781364750045,49.95607919267438,0.0,0.0,normal,,normal,False
SOLAR_001,2026-01-01 17:45:00,solar,91.44185819226834,30.34443355864927,496.2537083365992,1.8040676775343278,0.8680065546669052,96.5523394917426,51.72418715933941,-24.13494571206885,30.56555308890696,2.1163670037584503,available,229.26913628520268,50.01710592616793,0.0,0.0,normal,,normal,False
SOLAR_001,2026-01-01 18:00:00,solar,0.0,24.25624245872957,501.0716764974006,0.0,0.0,93.50075170270537,51.48006013621643,-45.05058295448108,23.804665963435582,2.319206719668293,available,226.49185949648657,50.115133606613874,0.0,0.0,normal,,normal,False
SOLAR_001,2026-01-01 18:15:00,solar,4.667177547628343,26.206264941987268,493.44842613295555,0.0,0.0,90.95713202389435,51.27657056191155,-37.700472841924565,25.61934272273616,1.933150955896375,available,230.914257180824,49.96876460504294,0.0,0.0,normal,,normal,False
SOLAR_001,2026-01-01 18:30:00,solar,0.0,24.00238978410724,496.07380640622176,0.0,0.0,88.12833597379239,51.05026687790339,-42.11310007877834,23.26606604272929,2.1498849980774883,available,225.10314336742067,49.99944231081703,0.0,0.0,normal,,normal,False
SOLAR_001,2026-01-01 18:45:00,solar,0.0,21.984222407572204,503.9798767766419,0.0,0.0,85.83321919048028,50.866657535238424,-34.29139715163769,22.125028710937535,1.7442887553172048,available,229.34888827477445,50.02567536517438,0.0,0.0,normal,,normal,False
SOLAR_001,2026-01-01 19:00:00,solar,3.7896240742064418,23.663533903771405,501.8568423792775,0.21619784017819835,0.1050822102341318,83.39516672982883,50.67161333838631,-36.56721679101193,24.790352566519186,1.9580020803292357,available,229.99268162099534,49.96949727251404,0.0,0.0,normal,,normal,False
SOLAR_001,2026-01-01 19:15:00,solar,28.5480689572776,26.242985267761817,498.45452016104247,0.606768412429219,0.29303268231323215,81.9946356044784,50.55957084835827,-21.05246617813969,27.440769757252788,1.357436337579552,available,229.10561912918598,50.088160154249636,0.0,0.0,normal,,normal,False
SOLAR_001,2026-01-01 19:30:00,solar,3.995689998172881,23.877321919591655,500.0732266917255,0.07726524925253367,0.0372557045290299,79.88875445376875,50.3911003563015,-31.760959042824208,22.75334157237318,1.6377253790683661,available,234.34276612027045,49.976366584985826,0.0,0.0,normal,,normal,False
SOLAR_001,2026-01-01 19:45:00,solar,24.906966501473985,26.283755965832793,498.2301178792,0.27754021769393045,0.13283983588752138,77.69545692211408,50.21563655376912,-33.19496153897587,26.096777785163887,1.799745959945078,available,233.64868557020012,49.93054824354379,0.0,0.0,normal,,normal,False
SOLAR_001,2026-01-01 20:00:00,solar,11.533123983652564,22.742440001775837,499.7520087625238,0.05038332096404358,0.024339366066075844,75.48757628024745,50.0390061024198,-33.53362543580762,20.548930199457885,1.702328653884713,available,232.06562346735353,49.973750898054185,0.0,0.0,normal,,normal,False
SOLAR_001,2026-01-01 20:15:00,solar,29.293224110364346,26.15395847602634,496.9527544697614,0.586500512378061,0.28219976321358264,73.89853663146792,49.911882930517436,-24.196044351876093,26.26314278704751,1.48986989628603,available,228.14934646785525,50.03265100430931,0.0,0.0,normal,,normal,False
SOLAR_001,2026-01-01 20:30:00,solar,0.0,21.58749781171995,497.6790427218903,0.19796794684251082,0.09485877937064417,71.88371118678576,49.75069689494286,-30.7788118263343,22.18514573185109,1.6261261173290846,available,233.84283065393092,49.96009129371229,0.0,0.0,normal,,normal,False
SOLAR_001,2026-01-01 20:45:00,solar,43.02400879173248,22.013299832490905,497.55728744981826,0.8048276666727858,0.38878878641739073,70.06734723088947,49.605387778471155,-27.82836035162072,23.58426101804489,1.7692253928985684,available,231.2379382776474,50.01510996944336,0.0,0.0,normal,,normal,False
SOLAR_001,2026-01-01 21:00:00,solar,0.0,18.580914868117755,497.096556592577,0.08688432890518004,0.04214532194046615,67.9325957715427,49.43460766172342,-32.81933822971869,16.794457480793263,1.66455643104401,available,228.11604068049397,50.02812752200708,0.0,0.0,normal,,normal,False
SOLAR_001,2026-01-01 21:15:00,solar,0.0,21.77685247930194,504.17564398566594,0.0,0.0,65.7301489286366,49.258411914290924,-33.9811929690533,20.688792557321314,1.6738596006086341,available,230.0654338225925,49.93955329789602,0.0,0.0,normal,,normal,False
SOLAR_001,2026-01-01 21:30:00,solar,0.0,18.985482303528237,503.0804695680522,0.005490101746177437,0.002677354570099275,63.37921813532608,49.07033745082609,-36.41114970335126,19.129619105403865,1.789384757486092,available,231.91714970707628,49.97181488912029,0.0,0.0,normal,,normal,False
SOLAR_001,2026-01-01 21:45:00,solar,41.95844408804526,19.46296893738756,496.2705469264362,0.9865821066504915,0.4704178574453402,61.949233560494676,48.95593868483957,-22.199314446163736,17.84458057091294,1.5572061343172054,available,228.80224231871537,50.0174485429769,0.0,0.0,normal,,normal,False
SOLAR_001,2026-01-01 22:00:00,solar,14.750056307122156,21.340849785016083,495.2224248298297,0.2672776550388773,0.1288646903450693,59.64231322554426,48.77138505804354,-35.94852704051231,21.513061935867388,1.8821241449073858,available,230.28106510934558,50.03512060800018,0.0,0.0,normal,,normal,False
SOLAR_001,2026-01-01 22:15:00,solar,0.0,20.474455350841097,499.37089342747754,0.0,0.0,57.80211183989951,48.62416894719196,-28.762508097750718,21.097457895911564,1.3985530530900079,available,230.63295275436033,49.97306079901162,0.0,0.0,normal,,normal,False
SOLAR_001,2026-01-01 22:30:00,solar,22.48240854372291,20.706663882370442,508.6211503931582,0.5890211100666412,0.2912365905318663,55.593403773517984,48.44747230188144,-34.64820868239125,19.425376158417382,1.9698547209818247,available,227.79829159692,50.007588615512404,0.0,0.0,normal,,normal,False
SOLAR_001,2026-01-01 22:45:00,solar,12.378459332120075,17.945887496102713,495.88917918521383,0.26125846581266,0.1269227501565067,53.39660585553174,48.27172846844254,-34.58683727807719,18.078472866151184,1.796489167826055,available,229.45981430448418,49.985803187512715,0.0,0.0,normal,,normal,False
SOLAR_001,2026-01-01 23:00:00,solar,35.390294484760624,18.746115737670067,499.3551024411838,0.835710438454499,0.4030757468873812,51.96100312503162,48.15688025000253,-22.656328016182826,17.533904802655016,1.494133822067475,available,227.94907484991361,50.03639250854003,0.0,0.0,normal,,normal,False
SOLAR_001,2026-01-01 23:15:00,solar,0.0,17.632109212727404,500.35488165487067,0.0,0.0,49.986288805331185,47.998903104426496,-31.267024575691334,19.007535081665708,1.5007828829723302,available,231.73733603141343,50.02597067895828,0.0,0.0,normal,,normal,False
SOLAR_001,2026-01-01 23:30:00,solar,0.0,18.706620543429587,499.5654313038194,0.140789786564063,0.06785323228837811,47.97662604425782,47.83813008354063,-31.92732859224484,18.91326663588978,1.5951969307041327,available,228.18388914884557,49.981325849240214,0.0,0.0,normal,,normal,False
SOLAR_001,2026-01-01 23:45:00,solar,0.0,19.701836096275606,498.16716050312203,0.0274633994599586,0.013304171611761412,45.79584512464563,47.663667609971654,-34.77268078628765,19.061772067308574,1.670697670517024,available,230.5836074082628,50.02392219255981,0.0,0.0,normal,,normal,False
SOLAR_001,2026-01-02 00:00:00,solar,0.0,17.790739048774135,504.6203198887942,0.043080669671652846,0.021090126633637126,43.496082587260034,47.479686606980806,-36.81194323966067,16.55259766847415,1.7689096550466914,available,227.2196883632128,49.979370081410366,0.0,0.0,normal,,normal,False
SOLAR_001,2026-01-02 00:15:00,solar,19.085889686034495,20.57398690736429,501.8178344917738,0.4001837410593171,0.19357414197106312,42.06283114914352,47.36502649193148,-22.997371133194733,20.96313660089454,1.2828452349396118,available,227.73312623371737,50.022868097717826,0.0,0.0,normal,,normal,False
SOLAR_001,2026-01-02 00:30:00,solar,0.0,18.40567759743292,503.3832212949803,0.0,0.0,39.903175442835575,47.19225403542685,-34.77982500182965,19.763613099535334,1.6413383367940348,available,227.63623758165863,50.02356472726723,0.0,0.0,normal,,normal,False
SOLAR_001,2026-01-02 00:45:00,solar,13.31336168975812,16.995622488402102,502.35751979866535,0.2733353794413095,0.13294926027710705,38.58423529408703,47.086738823526964,-21.288255209299994,16.224118579200244,1.1353437733260032,available,229.42084969223984,50.11855232642843,0.0,0.0,normal,,normal,False
SOLAR_001,2026-01-02 01:00:00,solar,42.47589481793301,19.304964479641786,503.575793287224,0.8187556093161545,0.3973674818420106,37.09409608466491,46.967527686773195,-24.11252741923105,18.865319813569876,1.5298732810028226,available,230.36076323994092,49.983186887894796,0.0,0.0,normal,,normal,False
SOLAR_001,2026-01-02 01:15:00,solar,0.0,19.573897955392937,506.3376233318962,0.0947535812498589,0.046662876974913954,34.701989419520466,46.776159153561636,-38.86597571086282,18.821757254684748,1.864663942484694,available,230.72951059038326,49.992936575651825,0.0,0.0,normal,,normal,False
SOLAR_001,2026-01-02 01:30:00,solar,0.0,20.05731944539533,505.3241758671533,0.0,0.0,32.99049941435438,46.63923995314835,-27.88922815279318,21.612812016447474,1.3007324039262214,available,226.45552973657942,49.967638419980396,0.0,0.0,normal,,normal,False
SOLAR_001,2026-01-02 01:45:00,solar,2.1359550550319284,18.968238930451808,509.29921583838365,0.0,0.0,31.310815586586017,46.50486524692688,-27.450024902250732,17.059598461484228,1.2765597091039576,available,229.66272123194068,49.94835881511054,0.0,0.0,normal,,normal,False
SOLAR_001,2026-01-02 02:00:00,solar,17.770452353701373,17.721292205306057,504.86936512562875,0.19590646773630835,0.0955649638897512,29.259654238800692,46.340772339104056,-33.639547759574214,19.006885428106283,1.6544475882065977,available,228.4988557805798,49.977176975320376,0.0,0.0,normal,,normal,False
SOLAR_001,2026-01-02 02:15:00,solar,0.0,17.04644921245038,497.32221289388997,0.0,0.0,26.755279887092303,46.14042239096739,-41.2506953484452,16.669251124003253,1.903324507298375,available,231.0683569855405,50.03325503476106,0.0,0.0,normal,,normal,False
SOLAR_001,2026-01-02 02:30:00,solar,0.0,18.396947527763082,503.38924816722334,0.061381004839087726,0.0299781645549376,24.54726419955142,45.96378113596411,-36.50900515706392,18.32533240789684,1.7080700870860086,available,229.46472733784148,50.03687307656747,0.0,0.0,normal,,normal,False
SOLAR_001,2026-01-02 02:45:00,solar,19.029406864344587,20.708587723786366,502.8417407159384,0.27043374340846943,0.13204312922998496,23.03580975477752,45.8428647803822,-25.057451874598748,20.367953074069188,1.2807485072581497,available,229.83833798876302,50.01478399223436,0.0,0.0,normal,,normal,False
SOLAR_001,2026-01-02 03:00:00,solar,6.81550782908464,18.758863552557724,507.68117962092873,0.1671537789108808,0.08239143249433722,21.374250763511125,45.70994006108089,-27.62604439373664,18.99846443403987,1.3451762658567987,available,228.51010212299389,49.9852117559735,0.0,0.0,normal,,normal,False
SOLAR_001,2026-01-02 03:15:00,solar,0.0,18.8615105216854,496.13136593329483,0.013763947098415847,0.006621399080689612,19.11606356520828,45.529285085216664,-37.6949092764784,18.131711766745628,1.722843669790853,available,233.449295419181,49.97533125070346,0.0,0.0,normal,,normal,False
SOLAR_001,2026-01-02 03:30:00,solar,0.0,18.523623399436993,502.2318043255718,0.0,0.0,17.1552624164097,45.37242099331277,-32.843935599260995,19.58200653602467,1.4902088730869223,available,227.4328411535336,49.9541584744769,0.0,0.0,normal,,normal,False
SOLAR_001,2026-01-02 03:45:00,solar,27.022245548889785,18.920840892422586,497.2757186209322,0.6007001863912672,0.2886613359108366,15.19648699797355,45.215718959837886,-32.923712201364296,20.01983793521669,1.7773306539223102,available,229.2005320192222,49.97215561995185,0.0,0.0,normal,,normal,False
SOLAR_001,2026-01-02 04:00:00,solar,7.2347090954186255,18.987918499113754,502.05018041640056,0.16333445825947995,0.07938021056644368,12.913830666280202,45.033106453302416,-38.523187688281816,18.004509459337008,1.8141990226533877,available,230.21519690654594,49.93524359704339,0.0,0.0,normal,,normal,False
SOLAR_001,2026-01-02 04:15:00,solar,0.0,19.587718272167816,499.14101334160114,0.0,0.0,10.673016735661903,44.85384133885295,-37.968177004156196,20.255185237701856,1.703018587269907,available,229.49727907556954,50.06789291559378,0.0,0.0,normal,,normal,False
SOLAR_001,2026-01-02 04:30:00,solar,0.0,22.31581999129869,501.91787521676355,0.0,0.0,7.790459743259966,44.6232367794608,-49.09422696190045,21.95932613106557,2.190743314225472,available,228.47212803458626,50.0918575743161,0.0,0.0,normal,,normal,False
SOLAR_001,2026-01-02 04:45:00,solar,0.23826011043006368,19.757394203827335,494.3586472556743,0.04791606679160359,0.022927467307488774,5.223988408663983,44.41791907269312,-43.91286793739219,19.809027693888762,1.9734456816004358,available,226.37663292717718,49.90320686232501,0.0,0.0,normal,,normal,False
SOLAR_001,2026-01-02 05:00:00,solar,13.243200485042948,20.909998125993145,503.17290592622356,0.43049363634059956,0.21022078144359266,5.0,44.4,-3.834035823978087,22.435149023344085,2.125849605462701,available,228.61698209821648,50.01446318189253,1.7453976334344814,0.0,normal,,normal,False
SOLAR_001,2026-01-02 05:15:00,solar,0.0,19.605912677857226,500.8242380607444,0.16836821068332053,0.0816653049462223,5.0,44.4,-0.0,18.931878509908913,2.096325706747067,available,228.08123031699762,50.013634597767805,2.0146604018008447,0.0,normal,,normal,False
SOLAR_001,2026-01-02 05:30:00,solar,0.0,22.396162573154104,500.60877152708764,0.0,0.0,5.0,44.4,-0.0,23.32271201298369,1.9112485011110034,available,233.35844918542608,50.01044043947951,1.9112485011110034,0.0,normal,,normal,False
SOLAR_001,2026-01-02 05:45:00,solar,4.913203587540999,23.922772600643817,507.8009131993893,0.06273615423410431,0.030852612290656306,5.0,44.4,-0.0,24.37989777959612,1.931679141578566,available,234.52939185719612,49.97036278393935,1.9008265292879096,0.0,normal,,normal,False
SOLAR_001,2026-01-02 06:00:00,solar,0.0,24.625013453217488,498.4700664069287,0.0,0.0,5.0,44.4,-0.0,24.430985313766605,1.9404759926342459,available,229.8984166440088,50.051125697937785,1.9404759926342459,0.0,normal,,normal,False
SOLAR_001,2026-01-02 06:15:00,solar,60.14250759670327,24.44297722284825,502.6771242836908,1.3502889365694066,0.6611612624402052,5.0,44.4,-0.0,24.810380790377074,2.165651858653613,available,227.19048691940176,50.02052386507893,1.5044905962134079,0.0,normal,,normal,False
SOLAR_001,2026-01-02 06:30:00,solar,74.0170883285453,25.798275287592126,503.01160664055806,1.56745936432716,0.7719350259436193,5.0,44.4,-0.0,26.046687210909017,1.9286637510246507,available,231.47608821142475,50.05170608769819,1.1567287250810314,0.0,normal,,normal,False
SOLAR_001,2026-01-02 06:45:00,solar,159.40939446817023,27.297087473838197,504.6939630812855,3.164246777086682,1.5603056660602752,5.0,44.4,-0.0,26.138734161733506,2.4327972333141714,available,228.03784701736421,49.96312440102936,0.8724915672538962,0.0,normal,,normal,False
SOLAR_001,2026-01-02 07:00:00,solar,227.08062107004258,30.46904354629285,514.0635965206216,4.336884417895076,2.1610280651589666,5.230058359771807,44.41840466878175,4.361555914534482,29.86231970267316,1.9672947095616555,available,228.90165789281068,49.9308408597671,0.0,0.0,normal,,normal,False
SOLAR_001,2026-01-02 07:15:00,solar,289.8051819927703,32.17389918317908,506.6840176757182,5.69175649518069,2.796690411517043,5.953421179506374,44.47627369436051,13.696013336397225,31.128646798220004,2.1875427738458284,available,228.74230087763343,50.0217452764791,0.0,0.0,normal,,normal,False
SOLAR_001,2026-01-02 07:30:00,solar,312.02542609446834,32.8017155787793,505.38454944934875,6.101190032288995,2.9916640419229084,6.980932462980646,44.558474597038455,19.418812416556957,32.52509680729061,2.1263913821551004,available,228.9989886795921,49.95185281370909,0.0,0.0,normal,,normal,False
SOLAR_001,2026-01-02 07:45:00,solar,371.0867662415903,34.84943194856835,516.3293849861689,7.0160061552594275,3.516555617248973,8.652557651794822,44.692204612143584,31.49731327295583,36.19446724463657,2.1088712477212455,available,229.2905594970185,50.052729980291694,0.0,0.0,normal,,normal,False
SOLAR_001,2026-01-02 08:00:00,solar,376.79049423593904,35.909379096706594,508.7692449382441,7.127626046111463,3.502163650003747,9.653257108714165,44.772260568697135,18.82179431655056,36.49040689833304,2.659469370492723,available,227.37299610134147,49.89366893428116,0.0,0.0,normal,,normal,False
SOLAR_001,2026-01-02 08:15:00,solar,418.8316263860025,36.27963826450385,504.6906920715558,7.88975137022151,3.8810745966125246,11.694425755007149,44.93555406040057,38.25209004268087,34.847049187003584,2.162195736576328,available,228.59597267668047,49.97657300525489,0.0,0.0,normal,,normal,False
SOLAR_001,2026-01-02 08:30:00,solar,488.37889298464387,38.524511163054676,509.21185375445907,9.147355281510244,4.523015354052287,14.437570879803406,45.15500567038427,51.157494344240874,38.251143475975354,2.212998406855439,available,232.03988849572687,49.96920390761735,0.0,0.0,normal,,normal,False
SOLAR_001,2026-01-02 08:45:00,solar,508.5857077759741,42.37170654643969,508.2005663258299,9.392471048909155,4.628990782008284,17.364891243127417,45.3891912994502,54.31054870841665,42.605331407358996,2.163878897103853,available,229.9328861192517,49.98338116790839,0.0,0.0,normal,,normal,False
SOLAR_001,2026-01-02 09:00:00,solar,612.4220235200302,46.87637074127033,506.94227375847316,11.004774707174896,5.375964709833739,20.9862420036323,45.678899360290586,66.76077090012022,47.62045922157654,2.3264061746717313,available,230.25062768297755,50.01305495359816,0.0,0.0,normal,,normal,False
SOLAR_001,2026-01-02 09:15:00,solar,570.6215777300538,40.34798065158749,513.5847361321071,10.394268751418856,5.179850164862067,24.384609939528314,45.95076879516226,62.279339388688484,39.697213613669476,2.3180666398970007,available,225.5355037392974,50.01981178680007,0.0,0.0,normal,,normal,False
SOLAR_001,2026-01-02 09:30:00,solar,667.7686916192481,43.066340486978156,515.586202944731,12.125590409499516,6.005053702724288,28.98248563883755,46.318598851107005,83.59266950583837,41.82890866321392,2.133158376990195,available,231.8955673170477,50.03198688011573,0.0,0.0,normal,,normal,False
SOLAR_001,2026-01-02 09:45:00,solar,631.4216657713458,42.9652331082719,521.3515039065666,11.400517543360353,5.7480809785041425,33.08980306951961,46.64718424556157,74.14796159248623,42.90889020449749,2.2892873526666144,available,228.62896021967376,50.03774931821448,0.0,0.0,normal,,normal,False
SOLAR_001,2026-01-02 10:00:00,solar,736.9505646396801,47.21857896174001,519.838114523937,12.844529668648947,6.457964571203357,37.7760531187651,47.022084249501205,83.92473225993653,47.787608632771416,2.5116487402597896,available,232.24793710873539,49.99142371996641,0.0,0.0,normal,,normal,False
SOLAR_001,2026-01-02 10:15:00,solar,743.9548891338151,49.20542164725411,520.2727920631685,12.889527357084496,6.51451132467868,42.41385956882679,47.39310876550614,82.40694317877525,49.44026813388731,2.6089901035741003,available,230.3085496083954,50.105435218085326,0.0,0.0,normal,,normal,False
SOLAR_001,2026-01-02 10:30:00,solar,752.6495941847369,49.25659264972948,514.9047506294348,13.233076608393707,6.673405156995752,47.16385956882679,47.773108765506144,83.72911253554719,48.37191516918791,2.420545912223175,available,228.87589314190936,50.06935451669785,0.0,0.25285924477257726,normal,,normal,False
SOLAR_001,2026-01-02 10:45:00,solar,785.0402103319675,49.704339249587704,522.4783356377585,13.587120425419092,6.906306571056858,51.91385956882679,48.15310876550614,83.06836469227815,51.45895805306802,2.4379175164034392,available,226.64442080889765,49.98440058921693,0.0,0.46838905465341796,normal,,normal,False
SOLAR_001,2026-01-02 11:00:00,solar,768.8515971418203,50.076871075473434,524.8834478713762,13.128975558850057,6.734352510754703,56.66385956882679,48.53310876550614,82.41796377245286,49.97805553557991,2.3624676074770257,available,234.34969191485615,49.9931563153929,0.0,0.3718849032776772,normal,,normal,False
SOLAR_001,2026-01-02 11:15:00,solar,788.8501008341663,48.961232476640426,521.1939891742492,13.865478811633933,7.033119552281353,61.41385956882679,48.913108765506145,81.7776686240975,49.154942750042444,2.3408650357898773,available,231.60649454609478,49.98334761036499,0.0,0.6922545164914755,normal,,normal,False
SOLAR_001,2026-01-02 11:30:00,solar,762.425219361825,49.161603053995705,521.5189673726679,13.246882220519087,6.740107488516626,66.16385956882678,49.29310876550614,81.1472455313892,48.49963565227354,2.262235581641754,available,231.726148799378,50.018164930693025,0.0,0.47787190687487247,normal,,normal,False
SOLAR_001,2026-01-02 11:45:00,solar,751.6037161821703,49.3884619884563,514.8984092659721,13.22472134931023,6.6683358495988605,70.91385956882678,49.67310876550614,80.52646793022281,50.49496998682085,2.137706624609581,available,233.63765541090524,49.951403108492855,0.0,0.5306292249892799,normal,,normal,False
SOLAR_001,2026-01-02 12:00:00,solar,744.3687945101241,46.9943761384688,524.2177432304213,13.118127243675463,6.645289094121575,75.66385956882678,50.053108765506146,79.91511613673396,47.566223031019874,2.309510665178693,available,230.44817402445773,49.9605231269538,0.0,0.33577842894288246,normal,,normal,False
SOLAR_001,2026-01-02 12:15:00,solar,788.2857233327502,48.83067473905747,527.0805006598177,13.487482303364619,6.867386224372983,80.41385956882678,50.43310876550614,79.31297708809517,49.14533816821804,2.629847088925474,available,232.7048001027635,49.89163168772928,0.0,0.23753913544750915,normal,,normal,False
SOLAR_001,2026-01-02 12:30:00,solar,851.4053049211752,50.54289756072957,521.1207068236636,14.660206389619123,7.43609269976054,85.16385956882678,50.81310876550614,78.7198440949425,49.391242737417585,2.3612667990787792,available,229.04284948450635,49.980066993561344,0.0,1.0748259006817609,normal,,normal,False
SOLAR_001,2026-01-02 12:45:00,solar,785.9018259984907,51.778720448158154,517.2382764945946,13.445513707418131,6.745770396835712,89.91385956882678,51.19310876550614,78.13551660482857,52.87275067477642,2.3721496394426453,available,231.47515706566642,50.0532379591987,0.0,0.3736207573930663,normal,,normal,False
SOLAR_001,2026-01-02 13:00:00,solar,759.5481016903885,50.35673496511834,518.67053710183,13.142209956761164,6.61949296834178,94.66385956882678,51.57310876550614,77.55979997613285,51.113637938095295,2.361569581887151,available,228.73980658515057,49.992394948992526,0.0,0.2579233864546291,normal,,normal,False
SOLAR_001,2026-01-02 13:15:00,solar,766.1021949819627,51.05415913733021,517.2569197298517,13.12340033464879,6.576084579248396,99.29632614810004,51.943706091848,75.10100416999848,52.06909253486941,2.6750600914393443,available,228.99228240903136,49.99519190292602,0.0,0.0,normal,,normal,False
SOLAR_001,2026-01-02 13:30:00,solar,811.9121252931405,48.478434677241495,517.0357920375845,14.3007830456143,7.150152453561987,100.0,52.0,11.395527965991324,48.51546403493165,2.230069275523811,available,230.19400115090855,50.01390795719278,0.0,4.327515723806627,normal,,normal,False
SOLAR_001,2026-01-02 13:45:00,solar,732.190232467438,46.94490274543116,520.52938708543,12.87187350168211,6.55347991510022,100.0,52.0,0.0,46.87004158157452,2.4590034013677085,available,227.46520218008055,49.94988812836024,0.0,4.094476513732511,normal,,normal,False
SOLAR_001,2026-01-02 14:00:00,solar,726.2020962880256,49.91135635160886,518.4383645223701,12.584987485219463,6.292923678521395,100.0,52.0,0.0,49.72926346986173,2.3760182049889647,available,230.65884844474937,50.00126431063221,0.0,3.91690547353243,normal,,normal,False
SOLAR_001,2026-01-02 14:15:00,solar,708.03814329094,44.161460026240164,520.6451386699364,12.547276405995602,6.359118010049862,100.0,52.0,0.0,46.44045797055102,2.3877466905550992,available,229.37608358025147,50.044516474774944,0.0,3.9713713194947626,normal,,normal,False
SOLAR_001,2026-01-02 14:30:00,solar,645.9296880191118,48.45234296445651,517.3506769849376,11.387687075836473,5.730127054440709,100.0,52.0,0.0,47.909896696534304,2.4058790845543463,available,226.02487873442465,50.0153281583306,0.0,3.324247969886363,normal,,normal,False
SOLAR_001,2026-01-02 14:45:00,solar,650.4441649008509,43.8042375979659,511.5804442536668,11.647058926414509,5.732613328424631,100.0,52.0,0.0,42.617992754542485,2.349760901419154,available,229.08467622848215,50.048908236563086,0.0,3.3828524270054774,normal,,normal,False
SOLAR_001,2026-01-02 15:00:00,solar,578.0357882103368,45.77808986963696,512.1393675283334,10.368558697003868,5.128784851693761,100.0,52.0,0.0,45.404833703725096,2.4768024288641306,available,229.3098905936932,50.06320659531343,0.0,2.6519824228296307,normal,,normal,False
SOLAR_001,2026-01-02 15:15:00,solar,505.3958416785993,41.12230639094736,510.9355520108499,9.322130793274026,4.604335799137053,100.0,52.0,0.0,40.58917939547032,2.2908541512024456,available,231.7056729296765,50.03312948808189,0.0,2.3134816479346076,normal,,normal,False
SOLAR_001,2026-01-02 15:30:00,solar,493.2707239019643,43.45859705234513,511.42934827370067,8.758570717656697,4.357653373000465,100.0,52.0,0.0,44.71844388881771,2.6228179217390637,available,230.57039590498755,49.964331648790996,0.0,1.7348354512614015,normal,,normal,False
SOLAR_001,2026-01-02 15:45:00,solar,467.93286869759106,45.773441740667366,518.2902594260504,8.344267446957021,4.187073283576739,100.0,52.0,0.0,44.41744934205097,2.2589025926521904,available,232.8949447340463,49.98279323181899,0.0,1.9281706909245484,normal,,normal,False
SOLAR_001,2026-01-02 16:00:00,solar,451.7398704194743,36.833477783611,517.8195983665905,8.14930420849193,4.091467460199076,100.0,52.0,0.0,36.27218693557828,1.8843066234799462,available,231.04021919124966,50.09657444264833,0.0,2.2071608367191295,normal,,normal,False
SOLAR_001,2026-01-02 16:15:00,solar,355.99002629008174,38.5582370847435,512.1921786061664,6.561905456667935,3.235632504207537,100.0,52.0,0.0,38.748760248982364,2.326691982227297,available,228.89207785953144,50.015708425666425,0.0,0.9089405219802398,normal,,normal,False
SOLAR_001,2026-01-02 16:30:00,solar,273.3819217997659,32.38363397766459,508.1287238346363,5.106791762022444,2.5472379832292695,100.0,52.0,0.0,33.65192683229939,2.250626905616247,available,229.88328127904694,50.00904782948862,0.0,0.29661107761302263,normal,,normal,False
SOLAR_001,2026-01-02 16:45:00,solar,290.9743632519535,35.803504095762314,500.98218042804564,5.699931782080616,2.7709138432225546,100.0,52.0,0.0,36.51663640235946,2.1511567657388073,available,229.30390392617693,49.9570020329813,0.0,0.6197570774837473,normal,,normal,False
SOLAR_001,2026-01-02 17:00:00,solar,219.34515770110303,32.67347069719973,506.0564141249708,4.087034411513199,2.0113822222109654,99.93003673031455,51.99440293842517,-1.0226501691712773,34.29248804781528,2.0645543071719055,available,230.97594571222635,49.99542694221923,0.0,0.0,normal,,normal,False
SOLAR_001,2026-01-02 17:15:00,solar,134.3647584007123,30.649813275243584,500.74177725457434,2.4578988881801367,1.1905225425054002,99.30589950780153,51.94447196062412,-9.131756878180825,30.99560617603141,1.6648668316153006,available,230.11964429492645,50.03581867930764,0.0,0.0,normal,,normal,False
SOLAR_001,2026-01-02 17:30:00,solar,108.08985125144318,28.013500893349352,509.1326114306647,2.110524725655395,1.0387944951733412,98.47619756191659,51.878095804953325,-12.154907945027924,27.80988141327132,1.6693679740458882,available,228.74288073208214,50.00074228552482,0.0,0.0,normal,,normal,False
SOLAR_001,2026-01-02 17:45:00,solar,20.469729048643345,27.932631147582967,494.88363982544087,0.36697704322944696,0.17789942908083273,95.6064135840584,51.64851308672467,-42.22843394368355,28.78818767575516,2.358935252253061,available,230.01720094212502,49.97403108825747,0.0,0.0,normal,,normal,False
SOLAR_001,2026-01-02 18:00:00,solar,0.0,23.639196558762073,501.5379373333205,0.0,0.0,93.12891426908456,51.45031314152676,-36.59646296419506,22.27203562624066,1.8828994793801226,available,230.92236133110953,49.98563069185263,0.0,0.0,normal,,normal,False
SOLAR_001,2026-01-02 18:15:00,solar,18.864532397110548,27.69970145838877,496.5030424893985,0.42879684812489705,0.20680858983986214,90.55406678550955,51.24432534284077,-38.18733243973535,25.98981643414448,2.1636926773568774,available,227.98715692339644,50.059591265900806,0.0,0.0,normal,,normal,False
SOLAR_001,2026-01-02 18:30:00,solar,0.0,24.29980788562509,499.96193925806614,0.0,0.0,88.42162394491365,51.07372991559309,-31.731705546692194,25.27607148020642,1.6206565588528843,available,230.6340175232894,50.03338904063321,0.0,0.0,normal,,normal,False
SOLAR_001,2026-01-02 18:45:00,solar,0.0,22.35378588850637,502.6642727612442,0.0,0.0,86.18104802909906,50.89448384232792,-33.458197577845816,22.564352714480254,1.7028376960190892,available,226.84263380769636,50.02670201134311,0.0,0.0,normal,,normal,False
SOLAR_001,2026-01-02 19:00:00,solar,4.130286560251735,26.49566239901734,504.0878747551284,0.02439029408362022,0.01188677958034208,83.53976797712555,50.683181438170045,-39.60629113128429,27.45966621046184,2.019259619080209,available,232.2111426862832,50.02204410694743,0.0,0.0,normal,,normal,False
SOLAR_001,2026-01-02 19:15:00,solar,0.0,23.441164116175273,499.7572391962737,0.08026120776612472,0.03871004267557326,81.17642325239098,50.49411386019128,-35.57131422825753,22.5887916781608,1.8348520334738507,available,231.05436162154396,49.940848502038236,0.0,0.0,normal,,normal,False
SOLAR_001,2026-01-02 19:30:00,solar,0.0,25.947770610122674,503.0448662007261,0.12876270627680267,0.06284169421006457,78.7126282581495,50.29701026065196,-37.22853875249899,27.232554414230446,1.9353258898335854,available,233.2585660712436,50.013617454337464,0.0,0.0,normal,,normal,False
SOLAR_001,2026-01-02 19:45:00,solar,13.307868462148258,24.799098651410823,497.3501196055516,0.3786562671102951,0.1802568804405827,76.58369839528777,50.12669587162302,-32.2779442698288,25.46945752862372,1.7982435762154878,available,227.76680712044916,50.05340037386151,0.0,0.0,normal,,normal,False
SOLAR_001,2026-01-02 20:00:00,solar,0.0,20.9910481271027,500.9821535390929,0.0,0.0,74.30282259634214,49.94422580770737,-34.70802838896285,20.959927745587052,1.7334656071986785,available,232.2669034576329,49.98695392293899,0.0,0.0,normal,,normal,False
SOLAR_001,2026-01-02 20:15:00,solar,0.0,21.622439041472745,504.00882965775145,0.0,0.0,72.17915861014977,49.77433268881198,-32.42604254680413,21.829786958264823,1.6139846295062013,available,231.87156012713626,50.04887140311804,0.0,0.0,normal,,normal,False
SOLAR_001,2026-01-02 20:30:00,solar,2.7734398586796356,21.572108879406724,501.32839791256,0.09506210268710771,0.04590371422722862,70.28264135813286,49.622611308650626,-29.046297111768045,21.919036773343418,1.4872568257600756,available,229.63553590558422,50.02726133592606,0.0,0.0,normal,,normal,False
SOLAR_001,2026-01-02 20:45:00,solar,17.449376233467696,23.62966837428334,497.8826252145068,0.5000755077016555,0.24339333709599234,67.99258701069145,49.439406960855315,-35.203523080960636,22.77293620445355,1.9838346411514687,available,229.2467132938902,50.04138364212783,0.0,0.0,normal,,normal,False
SOLAR_001,2026-01-02 21:00:00,solar,22.286885426817292,21.713448705721103,498.88383052974626,0.5762629228519519,0.2780091077120547,65.73304140282306,49.25864331222584,-34.86199672806981,21.328434154336286,1.9952637696920301,available,227.82970788701994,50.00254682432785,0.0,0.0,normal,,normal,False
SOLAR_001,2026-01-02 21:15:00,solar,0.0,20.375447300507478,504.06262425019173,0.04592177513978251,0.0224255411988507,63.8494809363931,49.10795847491145,-29.15018255580933,20.70656964795265,1.4539314956856235,available,227.30838060455503,50.04432927806087,0.0,0.0,normal,,normal,False
SOLAR_001,2026-01-02 21:30:00,solar,16.87278540455366,19.860670251405335,495.6326215322874,0.22742915468109864,0.10900589030870873,62.12162661249988,48.96973012899999,-26.815938799327462,19.435536335323096,1.4221751764675545,available,228.49753136105394,49.926765919328965,0.0,0.0,normal,,normal,False
SOLAR_001,2026-01-02 21:45:00,solar,0.0,19.30874374051756,496.2227394639702,0.0,0.0,60.073884446737466,48.805910755739,-31.88720427261847,17.839324865995906,1.5562840459794363,available,227.4884487151941,50.001657286008665,0.0,0.0,normal,,normal,False
SOLAR_001,2026-01-02 22:00:00,solar,32.871768244322396,21.828934866319717,502.40635503924693,0.8550408226293824,0.4195003540586571,58.41746968724934,48.673397574979944,-25.86372186720098,22.123823630858617,1.678375571269633,available,233.19144496718124,50.03565074305388,0.0,0.0,normal,,normal,False
SOLAR_001,2026-01-02 22:15:00,solar,0.0,18.742679373843373,498.2434256218328,0.0,0.0,56.364780707355976,48.509182456588476,-32.15975915724947,19.578713547770665,1.5600436247189564,available,226.99589615346213,50.014814976312294,0.0,0.0,normal,,normal,False
SOLAR_001,2026-01-02 22:30:00,solar,23.912618594251157,18.45184617587037,494.18776721460125,0.3804170746482081,0.18305843218828474,54.38964940310442,48.35117195224835,-31.04577884303751,19.520380804794165,1.6841582234194652,available,230.2977909562122,50.0547811828002,0.0,0.0,normal,,normal,False
SOLAR_001,2026-01-02 22:45:00,solar,0.0,17.332951965461653,505.4032746681676,0.09324747171297365,0.04597012278469564,52.39220002228832,48.19137600178306,-31.50068861623843,17.865262529000162,1.5640316522049293,available,230.87141025377022,49.99214505874019,0.0,0.0,normal,,normal,False
SOLAR_001,2026-01-02 23:00:00,solar,36.238436186302806,18.013135347412256,495.60159884848036,0.7081375895323813,0.34343743442471003,50.814608291426005,48.06516866331408,-24.94466884853523,18.831442598268886,1.5424071498800727,available,230.7149984638959,49.972627236349744,0.0,0.0,normal,,normal,False
SOLAR_001,2026-01-02 23:15:00,solar,10.643773119344718,15.884841143190652,499.20227994672143,0.102625257243277,0.04975758879908903,48.19420726198728,47.85553658095898,-41.61492952867279,16.872350213090584,2.04126237117252,available,230.89057722079795,49.91804625004188,0.0,0.0,normal,,normal,False
SOLAR_001,2026-01-02 23:30:00,solar,0.0,16.407280309931274,497.5219174252516,0.1535581775603464,0.07470642668762716,46.386177347020045,47.7108941877616,-28.800607466450927,16.486936127316202,1.4488091620627241,available,231.89280063489934,49.98635167498136,0.0,0.0,normal,,normal,False
SOLAR_001,2026-01-02 23:45:00,solar,0.0,19.619119507009746,498.8092660578391,0.04621565892198947,0.022452550259833674,43.94341377748359,47.51547310219869,-39.07148959360353,17.50020282467786,1.878952863107538,available,229.10815567512665,50.025843747341,0.0,0.0,normal,,normal,False
SOLAR_001,2026-01-03 00:00:00,solar,14.061261694027351,17.280151867475965,496.46152216939464,0.2535233553742597,0.12217926773754255,41.68394884880119,47.3347159079041,-36.277673011488126,18.43993308415101,1.8393726135361728,available,230.17510129138043,50.03805042568746,0.0,0.0,normal,,normal,False
SOLAR_001,2026-01-03 00:15:00,solar,18.947599517080103,18.66481052793854,502.85711695077384,0.272420761439662,0.13311902098130957,39.68570784238244,47.1748566273906,-32.1922157998989,17.771492236095867,1.6517821858595583,available,229.41287697406855,49.9300407209172,0.0,0.0,normal,,normal,False
SOLAR_001,2026-01-03 00:30:00,solar,0.0,13.341751193532076,500.44329409722764,0.20455929652862545,0.09836692308562572,38.277475576584735,47.06219804612678,-22.741320347113213,12.210874311387673,1.1686234450918804,available,232.60505118250038,50.05876625631633,0.0,0.0,normal,,normal,False
SOLAR_001,2026-01-03 00:45:00,solar,0.8038490573423953,17.887550727212155,503.9346143808436,0.013979180752411544,0.006843544576548647,36.227456395907645,46.89819651167261,-33.22120450680468,16.784143273895967,1.5648581218911386,available,234.19973184694976,49.95127895894351,0.0,0.0,normal,,normal,False
SOLAR_001,2026-01-03 01:00:00,solar,13.65035458759318,17.099229808136162,497.5633271538331,0.42343129022374654,0.20273715153825217,34.57001261281217,46.76560100902498,-26.935551943606264,19.583807740222127,1.4623944266908098,available,227.61213247967726,49.99394259293527,0.0,0.0,normal,,normal,False
SOLAR_001,2026-01-03 01:15:00,solar,2.372371686194759,16.352136795148883,508.53208707979684,0.13612913262263404,0.0665866962963217,32.581443028971414,46.606515442317715,-32.42707311147179,16.792684481493197,1.5778995800152973,available,225.93779831479134,49.971559180917126,0.0,0.0,normal,,normal,False
SOLAR_001,2026-01-03 01:30:00,solar,0.0,17.331325906515026,492.3814048579842,0.0,0.0,30.77662611858675,46.46213008948694,-29.522125852828953,16.28970949824231,1.3716608518923445,available,231.13826313803804,50.02086249419162,0.0,0.0,normal,,normal,False
SOLAR_001,2026-01-03 01:45:00,solar,0.0,16.39076515645935,493.6594603683108,0.0,0.0,28.47707499211267,46.278165999369016,-37.764220305189475,15.707348724010943,1.7476588561203008,available,232.14074576847142,50.004703735877094,0.0,0.0,normal,,normal,False
SOLAR_001,2026-01-03 02:00:00,solar,4.232158976729972,14.158510810562241,507.0123393908657,0.22972350344706835,0.11297432858153023,26.247718090615713,46.09981744724926,-36.753100965669525,14.157785834769909,1.8072855737192157,available,233.91395462649692,50.03389842776849,0.0,0.0,normal,,normal,False
SOLAR_001,2026-01-03 02:15:00,solar,21.878683496958484,19.30182809271613,501.89616666978554,0.5915555075015205,0.28819796399724734,24.179763392089402,45.934381071367156,-34.21501572946345,19.84423187042247,1.859843534877243,available,231.4757807024333,50.09219023072622,0.0,0.0,normal,,normal,False
SOLAR_001,2026-01-03 02:30:00,solar,29.08768363491686,18.624561705316207,501.3655443322243,0.4077841190730967,0.19850256107815897,22.3796940598343,45.79037552478675,-29.876424397815633,18.903854043248355,1.5665552535920375,available,232.79156191737442,50.019892623650335,0.0,0.0,normal,,normal,False
SOLAR_001,2026-01-03 02:45:00,solar,14.031529573886104,17.601765366496554,501.72510122927207,0.3427308107344904,0.16602060274389657,20.69052766051692,45.65524221284135,-28.11870885486457,16.673158925468705,1.4497870662251053,available,233.3201214657526,49.97116601806829,0.0,0.0,normal,,normal,False
SOLAR_001,2026-01-03 03:00:00,solar,5.1712336986545475,16.617824957866638,502.2848290806018,0.09433978780314023,0.0461768031858424,18.445841570287488,45.475667325623,-37.513719509799344,16.934971501544897,1.7521382317602106,available,232.92955554326173,50.02305345137778,0.0,0.0,normal,,normal,False
SOLAR_001,2026-01-03 03:15:00,solar,13.478649947684586,16.311892688413593,501.1990708817358,0.17518887148350448,0.08513118835143142,15.854554650177901,45.26836437201423,-43.504511077515154,15.700704878789297,2.054509247634717,available,231.7623210203263,50.09725696233687,0.0,0.0,normal,,normal,False
SOLAR_001,2026-01-03 03:30:00,solar,0.0,18.78236567856344,496.13638203349956,0.02637844191594924,0.012723548052973956,13.581907629367628,45.08655261034941,-38.30880020352976,19.829280699277607,1.7399352838687825,available,227.43558087411296,50.03281701319145,0.0,0.0,normal,,normal,False
SOLAR_001,2026-01-03 03:45:00,solar,0.0,21.157282787985196,503.2727636202912,0.0,0.0,11.160259192047103,44.89282073536377,-40.99659549603228,21.213579390269963,1.840452812363599,available,229.98327628832328,50.047284680453,0.0,0.0,normal,,normal,False
SOLAR_001,2026-01-03 04:00:00,solar,0.0,19.355002246805725,502.6427128461529,0.0,0.0,8.886554835700261,44.71092438685602,-38.64861517673289,18.595668148983716,1.7280153108236003,available,230.60007723811833,49.92032117750509,0.0,0.0,normal,,normal,False
SOLAR_001,2026-01-03 04:15:00,solar,0.0,17.310436885160282,505.7137245869593,0.0,0.0,6.6493495090919765,44.53194796072736,-38.18103914344297,17.999391011417284,1.7002760482222967,available,229.80038073361277,50.019343929947865,0.0,0.0,normal,,normal,False
SOLAR_001,2026-01-03 04:30:00,solar,6.003882209451689,20.22644214273285,507.0569643076047,0.07138380221232962,0.03528536549864528,5.0,44.4,-28.232108714186985,20.609687112517875,1.9594476431566095,available,229.92378808430237,49.98659911250372,0.670656650748062,0.0,normal,,normal,False
SOLAR_001,2026-01-03 04:45:00,solar,3.339239518525385,20.114474913455826,501.32190431857305,0.06078136179004939,0.029435425559987762,5.0,44.4,-0.0,19.639609213953317,1.8341388871458042,available,233.1344561273758,49.96599375689638,1.8047034615858164,0.0,normal,,normal,False
SOLAR_001,2026-01-03 05:00:00,solar,12.37774472116223,22.105509057140402,495.08980392947126,0.15034081559572698,0.07199620327323666,5.0,44.4,-0.0,22.83560111136224,1.9642360120097317,available,228.48633663262328,49.998884133637056,1.892239808736495,0.0,normal,,normal,False
SOLAR_001,2026-01-03 05:15:00,solar,9.83001295606405,22.05982925848618,507.09009172480853,0.3512495325194622,0.17189120246965645,5.0,44.4,-0.0,22.68894636880015,2.013710726548148,available,231.5981047257333,50.00543169906486,1.8418195240784916,0.0,normal,,normal,False
SOLAR_001,2026-01-03 05:30:00,solar,4.367596883829516,16.951672094375223,495.92740025998825,0.1406379331867185,0.06742490689728992,5.0,44.4,-0.0,18.15349429278473,2.0107665813287583,available,230.63288324975846,49.9687804049004,1.9433416744314684,0.0,normal,,normal,False
SOLAR_001,2026-01-03 05:45:00,solar,10.019099982195977,22.818264549075455,501.3518567746895,0.38055810442825755,0.18373504184784809,5.0,44.4,-0.0,23.52840308123163,2.0821396557239837,available,228.28493522152334,50.00942318801044,1.8984046138761357,0.0,normal,,normal,False
SOLAR_001,2026-01-03 06:00:00,solar,0.0,20.68304757002623,498.9730642943166,0.0,0.0,5.0,44.4,-0.0,20.469100689623996,1.8293988534479817,available,227.84679700349284,49.99132564511005,1.8293988534479817,0.0,normal,,normal,False
SOLAR_001,2026-01-03 06:15:00,solar,74.40392157813575,22.361872673167447,499.58556118386366,1.4501043558971711,0.7050110518202057,5.0,44.4,-0.0,20.671342830436977,1.8466255368841982,available,226.59736985303968,50.035121943725805,1.1416144850639924,0.0,normal,,normal,False
SOLAR_001,2026-01-03 06:30:00,solar,123.98190258269968,25.903154103466786,505.6677243305271,2.616858368290435,1.2783688430433204,5.0,44.4,-0.0,26.089800698313493,2.050212465177572,available,230.97115405989754,50.01137874204103,0.7718436221342517,0.0,normal,,normal,False
SOLAR_001,2026-01-03 06:45:00,solar,182.9474141740136,28.732320113284352,504.87964483739444,3.5122398780282484,1.7192573277673895,5.0,44.4,-0.0,29.074124338384028,2.0840783808550083,available,229.87351037319792,50.01879616794246,0.3648210530876188,0.0,normal,,normal,False
SOLAR_001,2026-01-03 07:00:00,solar,254.22902673301766,27.894623752895203,507.22934686712296,4.936504140617865,2.4260610042592647,5.491692686677129,44.43933541493417,9.317353543678541,27.945820694749926,2.0120040049522085,available,228.34844514004644,50.04896939843433,0.0,0.0,normal,,normal,False
SOLAR_001,2026-01-03 07:15:00,solar,297.8685037887336,32.96139912491567,503.1660441454097,5.8029142478308,2.847638357898032,6.26925645201118,44.501540516160894,14.713884769694317,29.95052472266041,2.1928478186693576,available,226.2477897511279,50.02774779299196,0.0,0.0,normal,,normal,False
SOLAR_001,2026-01-03 07:30:00,solar,391.1388863971077,35.83716377676545,506.95736878580317,7.258892666884502,3.5582975186725254,7.699536656441625,44.61596293251533,26.995864456926196,36.5159937351195,2.3538510307310982,available,230.86542180369779,49.99969578036954,0.0,0.0,normal,,normal,False
SOLAR_001,2026-01-03 07:45:00,solar,391.7156267807949,35.22898721808202,505.76763388501723,7.498397648219751,3.667766048836276,9.161626750487471,44.732930140038995,27.524102703591755,34.31693696005315,2.436532285429248,available,229.65254541279936,49.89565375249918,0.0,0.0,normal,,normal,False
SOLAR_001,2026-01-03 08:00:00,solar,460.8719585283596,36.03209683358607,509.2037136480901,8.70871805676134,4.282717775915397,11.269754414633304,44.901580353170665,39.53681334649522,36.71781964513032,2.5074523745294313,available,228.57261305629865,50.025686399689754,0.0,0.0,normal,,normal,False
SOLAR_001,2026-01-03 08:15:00,solar,525.1005540539626,37.90852310218726,510.6363557609224,9.87658016164386,4.8633564326486285,14.685372730109782,45.17482981840878,63.6706363247692,39.609207827346474,1.9870462722473836,available,228.07192015069833,49.954403834887145,0.0,0.0,normal,,normal,False
SOLAR_001,2026-01-03 08:30:00,solar,612.0040840139478,43.51778432427467,519.5524452729936,10.992585506849565,5.554999411474548,18.857839803865023,45.508627184309205,77.20858001125934,43.26498674331742,2.0413429283122393,available,229.52284967315347,49.99568810876499,0.0,0.0,normal,,normal,False
SOLAR_001,2026-01-03 08:45:00,solar,635.9759665759216,40.7285859661872,512.1493622441263,11.763440357507648,5.839829354076445,23.134090022829092,45.85072720182633,78.5386194665699,41.16706999866931,2.2387765381067015,available,230.93999297147852,50.01855234926299,0.0,0.0,normal,,normal,False
SOLAR_001,2026-01-03 09:00:00,solar,678.0002761385377,46.04671259469222,505.6397423256084,12.269001166298112,6.019283868823842,27.510061377371592,46.200804910189724,79.76113221948815,46.079490380987224,2.334255359735422,available,229.3400340311573,50.06665145118956,0.0,0.0,normal,,normal,False
SOLAR_001,2026-01-03 09:15:00,solar,708.7821791843907,45.36074737205133,520.6171622988627,12.422630962957916,6.314630127181221,32.26006137737159,46.58080491018973,85.87228167723192,45.88633095190473,2.290644312594142,available,227.62294734540706,50.09211614007251,0.0,0.02398581458707927,normal,,normal,False
SOLAR_001,2026-01-03 09:30:00,solar,743.1250459420736,46.6957044021486,517.6641043019288,13.31335284719979,6.7309919992272,37.01006137737159,46.96080491018973,85.17741566929712,46.79914950680357,2.246481137094546,available,229.88375008992904,49.95393908565643,0.0,0.4845108621326535,normal,,normal,False
SOLAR_001,2026-01-03 09:45:00,solar,836.0315752044172,46.954078527690925,516.1053505078373,14.628425862457222,7.261170819616814,41.76006137737159,47.340804910189725,84.49370490401257,46.437098216522784,2.313277677496671,available,232.09109493450524,49.93420685618187,0.0,0.9478931421201438,normal,,normal,False
SOLAR_001,2026-01-03 10:00:00,solar,827.1122474776606,49.40747871005448,515.5716466082444,14.338041834958535,7.194464104722596,46.51006137737159,47.72080491018973,83.8208828943262,48.50253649223738,2.486374196189498,available,230.08053518248843,50.01628585845934,0.0,0.7080899085330978,normal,,normal,False
SOLAR_001,2026-01-03 10:15:00,solar,837.1570231270731,51.11218250454673,514.1497522064262,14.636643744526202,7.308154398809384,51.26006137737159,48.10080491018973,83.15869157425753,52.702648224704454,2.1376682443313033,available,230.13684708458857,50.012121387701896,0.0,1.1704861544780805,normal,,normal,False
SOLAR_001,2026-01-03 10:30:00,solar,888.4218509742271,49.75940452461635,526.2297830385717,15.365143199595956,7.824366901493891,56.01006137737159,48.480804910189725,82.50688096886934,50.19795750933946,2.8844172241474997,available,229.34866208644365,49.93990620610379,0.0,0.9399496773463909,normal,,normal,False
SOLAR_001,2026-01-03 10:45:00,solar,945.1265728933687,54.1964054093298,519.1459821445422,16.097536367891234,8.119954403867318,60.76006137737159,48.86080491018973,81.86520887963955,55.02692032794009,2.4303172669496576,available,228.2206723788708,49.999169849903495,0.0,1.6896371369176606,normal,,normal,False
SOLAR_001,2026-01-03 11:00:00,solar,939.1678506943226,53.67489247436767,512.3675119518555,16.325044058126366,8.041288549021004,65.51006137737158,49.24080491018972,81.23344058440145,54.07395537719,2.6448361006758256,available,228.15420516729256,50.029877047287336,0.0,1.3964524483451788,normal,,normal,False
SOLAR_001,2026-01-03 11:15:00,solar,943.9949080648325,52.91234847160118,520.9266657412055,15.906642712005784,8.098207214160745,70.26006137737158,49.620804910189726,80.61134855107102,53.88811658565065,2.3253523971885524,available,226.67629186649617,49.938492413891055,0.0,1.7728548169721918,normal,,normal,False
SOLAR_001,2026-01-03 11:30:00,solar,976.4665144783525,56.160829219274774,524.6535840356156,16.244218860145825,8.288853296486844,75.01006137737158,50.00080491018973,79.99871216442827,55.26486193701399,2.561020106123168,available,232.3624516727743,49.950270730393456,0.0,1.7278331903636754,normal,,normal,False
SOLAR_001,2026-01-03 11:45:00,solar,952.7822142746545,51.144681109864266,520.582917138186,16.208210043464,8.148084278284026,79.76006137737158,50.380804910189724,79.39531746526312,51.2278625543339,2.4690547300230867,available,230.9249083520957,49.967792003231885,0.0,1.6790295482609388,normal,,normal,False
SOLAR_001,2026-01-03 12:00:00,solar,926.5156875772536,54.444394096570385,516.3936261112187,15.904436628828405,7.942521487422033,84.51006137737158,50.76080491018973,78.80095690123778,54.949880211195726,2.621361678777659,available,230.1649736785058,49.98938698754983,0.0,1.3211598086443743,normal,,normal,False
SOLAR_001,2026-01-03 12:15:00,solar,944.7448650806131,56.91327132694788,515.9928813206734,15.822100287543732,7.849645167386327,89.26006137737158,51.14080491018973,78.21542908885671,58.205940922735145,2.409307131892621,available,230.59116553355477,50.03469857528877,0.0,1.4403380354937063,normal,,normal,False
SOLAR_001,2026-01-03 12:30:00,solar,946.0523448006139,56.75133735828302,516.1596215165993,15.877056394475444,7.936378008688988,94.01006137737158,51.520804910189725,77.63853858597005,59.42441345778359,2.75646290103615,available,230.67905879244978,49.983675966321236,0.0,1.1799151076528371,normal,,normal,False
SOLAR_001,2026-01-03 12:45:00,solar,1011.9509595316276,56.8684965317687,525.7023375962524,16.8445829445772,8.568206001468074,98.76006137737158,51.90080491018973,77.07009567427107,57.276015153811116,2.142942206684045,available,228.53090741949015,50.002765841301226,0.0,2.425263794784028,normal,,normal,False
SOLAR_001,2026-01-03 13:00:00,solar,967.9629041627646,54.746551439872846,519.031860304834,16.532661253908692,8.2666948737039,100.0,52.0,20.07997769438729,54.085450699720596,2.6245413878696855,available,229.34947534141338,50.112308891512,0.0,4.597994645726075,normal,,normal,False
SOLAR_001,2026-01-03 13:15:00,solar,900.7041176843207,52.54891156995679,512.2237049311875,15.630975237579252,7.797452916277636,100.0,52.0,0.0,51.35326848325566,2.449862509379407,available,229.05158264523476,49.95218448586606,0.0,5.347590406898229,normal,,normal,False
SOLAR_001,2026-01-03 13:30:00,solar,898.0488851430819,52.93694746733526,520.0141263536035,15.394673509501898,7.8163909302758885,100.0,52.0,0.0,52.03213273371589,2.21208044995549,available,235.02284803375,49.967350330134934,0.0,5.6043104803203985,normal,,normal,False
SOLAR_001,2026-01-03 13:45:00,solar,807.8356050362322,51.877097960605276,518.501601972948,13.957053099671224,7.018661753538653,100.0,52.0,0.0,51.102978516265935,2.7940059076991317,available,232.04040408291218,50.03390444371455,0.0,4.224655845839521,normal,,normal,False
SOLAR_001,2026-01-03 14:00:00,solar,838.2018407602802,50.50566109484136,515.5249262081554,14.579491697392191,7.279122290497364,100.0,52.0,0.0,47.604578662522535,2.759450977016513,available,230.3357645696508,50.049402159556635,0.0,4.519671313480851,normal,,normal,False
SOLAR_001,2026-01-03 14:15:00,solar,786.4903094334747,51.42690436937818,512.5477652216956,13.61587763313769,6.7846023486765885,100.0,52.0,0.0,50.75124935731835,1.9593871765714546,available,232.73196855025938,50.0207400436823,0.0,4.825215172105134,normal,,normal,False
SOLAR_001,2026-01-03 14:30:00,solar,768.3984196997931,52.87685799707882,511.6114872067332,13.39963545291933,6.649072033986989,100.0,52.0,0.0,53.59359869841696,2.392365880600221,available,232.47937648901683,50.09044837843827,0.0,4.256706153386768,normal,,normal,False
SOLAR_001,2026-01-03 14:45:00,solar,672.0047469281525,46.98540301124154,519.3833314114449,11.85969990529664,5.941608871629229,100.0,52.0,0.0,47.060802750429666,2.479460424311687,available,227.23895138487,50.0158727967436,0.0,3.4621484473175417,normal,,normal,False
SOLAR_001,2026-01-03 15:00:00,solar,708.3298107587382,45.75383089053457,515.1321870469513,12.695725889202425,6.322435236904602,100.0,52.0,0.0,45.49520629023068,2.4065390131975097,available,229.55429343785008,49.90119481582451,0.0,3.9158962237070924,normal,,normal,False
SOLAR_001,2026-01-03 15:15:00,solar,650.8781785504601,44.0751246304047,515.1014909606484,11.70208573938414,5.837994729149478,100.0,52.0,0.0,42.453171979665974,2.5998115384507177,available,229.96735120638283,50.00484978437237,0.0,3.23818319069876,normal,,normal,False
SOLAR_001,2026-01-03 15:30:00,solar,539.9864023600339,44.217981768606855,513.154263818495,9.600117200302197,4.784664101330119,100.0,52.0,0.0,45.26839174819215,2.535469184556847,available,231.22305589796414,49.97145081879513,0.0,2.2491949167732717,normal,,normal,False
SOLAR_001,2026-01-03 15:45:00,solar,523.7239798121489,42.2663588792159,512.4221594800393,9.582030105038228,4.762972440371668,100.0,52.0,0.0,42.778172170136294,2.3030440761222577,available,229.55201450941513,50.06919058744278,0.0,2.45992836424941,normal,,normal,False
SOLAR_001,2026-01-03 16:00:00,solar,464.75990971763184,41.88399155534271,508.12642134628703,8.528684527062124,4.208198785364415,100.0,52.0,0.0,41.871059910739255,2.6804207224823275,available,229.80293776982424,50.048231203210754,0.0,1.5277780628820872,normal,,normal,False
SOLAR_001,2026-01-03 16:15:00,solar,410.1741461069248,38.06932298463458,508.02245638645695,7.604342297218464,3.7178279541206716,100.0,52.0,0.0,35.86680377225412,2.386399215140066,available,229.0773023454173,49.92051546117697,0.0,1.3314287389806054,normal,,normal,False
SOLAR_001,2026-01-03 16:30:00,solar,342.7530262620695,38.07609098092253,512.3133158690019,6.311613577836897,3.1472729567701605,100.0,52.0,0.0,37.58531847730454,2.101924645528706,available,232.09787032517022,50.06751590317938,0.0,1.0453483112414546,normal,,normal,False
SOLAR_001,2026-01-03 16:45:00,solar,282.809584222548,34.72178247652633,512.0871499773397,5.240526838100067,2.6031440937571877,100.0,52.0,0.0,35.15550086155067,2.0341782404207525,available,227.11331911454388,50.046968388439936,0.0,0.5689658533364352,normal,,normal,False
SOLAR_001,2026-01-03 17:00:00,solar,262.5570111549513,32.96516919588786,500.2880129510114,5.16974181439934,2.541780185158688,100.0,52.0,0.0,32.93660181858706,2.365136870890856,available,229.14529045686533,49.983776893544956,0.0,0.17664331426783209,normal,,normal,False
SOLAR_001,2026-01-03 17:15:00,solar,199.0207093499114,31.47004084707722,503.06877110789145,3.712801468376588,1.8081405312328842,99.8407114889891,51.987256919119126,-2.3286335064115247,31.661978915247563,1.9291997996011694,available,226.31264801120778,49.996077905281716,0.0,0.0,normal,,normal,False
SOLAR_001,2026-01-03 17:30:00,solar,149.32906236425788,28.616429052527224,505.9676652803757,2.810485543050337,1.3816541781157228,99.05763918307909,51.92461113464633,-11.461519681839382,29.30187521409543,1.976789130607328,available,227.9407211137035,50.069608852056824,0.0,0.0,normal,,normal,False
SOLAR_001,2026-01-03 17:45:00,solar,56.15921618939935,30.638095999729533,508.83638151346577,1.0464823171463833,0.5240462574718899,97.139914482565,51.7711931586052,-28.15215728031661,30.792834975084425,1.9815170298625948,available,230.6343549327438,49.901424404211255,0.0,0.0,normal,,normal,False
SOLAR_001,2026-01-03 18:00:00,solar,13.982538579572639,26.01672405986923,507.127838325323,0.43370577643364533,0.21355939139744842,94.69574173617319,51.57565933889386,-36.01643315991432,26.666399092861294,2.07113067865523,available,230.6723085799213,50.022269900251985,0.0,0.0,normal,,normal,False
SOLAR_001,2026-01-03 18:15:00,solar,0.0,26.33240338713619,496.816968740214,0.1061035165290553,0.05111478124048233,92.22105471247103,51.377684376997685,-36.60659605078802,25.488854296850857,1.9318769192541194,available,229.37361661591868,50.054670481756254,0.0,0.0,normal,,normal,False
SOLAR_001,2026-01-03 18:30:00,solar,15.535575324816392,24.496769029354574,505.1001844728233,0.1457659978260685,0.07105432172925868,90.1068248276346,51.208545986210765,-31.37786245499661,23.27399727295155,1.677869034204949,available,232.24797029227557,49.9955643484644,0.0,0.0,normal,,normal,False
SOLAR_001,2026-01-03 18:45:00,solar,3.188156940090544,22.95963409514353,500.2345452084281,0.19932474688604435,0.09747976088849113,87.41321227263144,50.99305698181052,-40.145573985349245,23.436994777416828,2.144625302690895,available,232.70808577459857,50.03239549065709,0.0,0.0,normal,,normal,False
SOLAR_001,2026-01-03 19:00:00,solar,11.287972802684981,23.931378553690223,504.177666555503,0.35866967869553423,0.17436022393259912,85.27072348840217,50.82165787907218,-32.03932228831828,24.613787015228386,1.8026516999468427,available,229.86154532944005,50.00515772682789,0.0,0.0,normal,,normal,False
SOLAR_001,2026-01-03 19:15:00,solar,6.840419382875036,25.364977380029675,503.15311472328517,0.01908745730236283,0.009336306347914262,82.31019324100012,50.58481545928001,-44.4798101484976,25.883951175857284,2.2593392943734756,available,230.50086571278842,49.960798036514404,0.0,0.0,normal,,normal,False
SOLAR_001,2026-01-03 19:30:00,solar,0.0,22.30521896736221,494.94414382974094,0.0,0.0,79.82520579772687,50.38601646381815,-37.482432417412106,22.43680514608387,1.8885904568876775,available,229.0949111155532,49.95954849912929,0.0,0.0,normal,,normal,False
SOLAR_001,2026-01-03 19:45:00,solar,0.0,21.328569786792983,502.1998958265087,0.0,0.0,77.12203265788229,50.169762612630585,-40.94919886594538,21.004528848759684,2.0544115862818813,available,231.25377544290305,50.035596463368954,0.0,0.0,normal,,normal,False
SOLAR_001,2026-01-03 20:00:00,solar,0.0,22.42146305083607,504.02278636467713,0.11134659381130746,0.054038019767171964,74.69159281173889,49.97532742493911,-36.960924084855804,22.63244905805466,1.9011723028361587,available,227.6118790399507,49.968214663723096,0.0,0.0,normal,,normal,False
SOLAR_001,2026-01-03 20:15:00,solar,10.168511062912419,22.752670420527295,499.9193789798887,0.36438333180538235,0.17792075592365517,72.27700874133251,49.7821606993066,-36.8622789314649,23.1319703591928,2.0130046494325047,available,233.59166961875854,49.923770953080215,0.0,0.0,normal,,normal,False
SOLAR_001,2026-01-03 20:30:00,solar,12.421645473157117,24.096029363553072,499.0147342907735,0.1625688342436828,0.07857783583373287,69.95918331979931,49.596734665583945,-35.51740517279655,24.535326811175423,1.8401251561989622,available,232.27997052545646,50.006119934586074,0.0,0.0,normal,,normal,False
SOLAR_001,2026-01-03 20:45:00,solar,0.0,21.43460488602573,493.71334435290765,0.17742877772113103,0.08443878365298566,67.76722362723307,49.42137789017865,-33.70786970068274,24.0417444426544,1.7503281500033303,available,227.6021472921178,49.97434592895157,0.0,0.0,normal,,normal,False
SOLAR_001,2026-01-03 21:00:00,solar,0.0,21.46598901779685,502.73447006620376,0.0,0.0,65.26663314455233,49.22133065156419,-38.610267980980794,20.545185232294735,1.900448766837357,available,228.42196304899863,49.940044593738016,0.0,0.0,normal,,normal,False
SOLAR_001,2026-01-03 21:15:00,solar,0.0,21.18992122424327,500.83499347125564,0.0,0.0,62.42601931619329,48.994081545295465,-44.06382243449098,24.415914348391194,2.1588665095528707,available,230.84249752808967,50.003587371653396,0.0,0.0,normal,,normal,False
SOLAR_001,2026-01-03 21:30:00,solar,0.0,18.00914692404001,496.31126434115964,0.0,0.0,60.33518825152491,48.826815060121994,-32.5442404381966,16.75232583221172,1.5890316091479693,available,229.32349779263276,50.03836383700435,0.0,0.0,normal,,normal,False
SOLAR_001,2026-01-03 21:45:00,solar,0.0,17.939581188595206,498.6966400124944,0.11553486954468274,0.05613074452145653,58.06059176798886,48.64484734143911,-35.53702852336384,18.32524991500581,1.7848240720088575,available,231.0891990974433,50.00100750320957,0.0,0.0,normal,,normal,False
SOLAR_001,2026-01-03 22:00:00,solar,0.0,17.424408097285696,500.6180129965111,0.1296699711391356,0.0631215295831605,56.02622590718384,48.48209807257471,-31.890493928240673,16.229565516357663,1.609239583794973,available,229.2812073059678,49.946687957196716,0.0,0.0,normal,,normal,False
SOLAR_001,2026-01-03 22:15:00,solar,0.0,16.73890271410969,497.7654568437893,0.09585073073208991,0.04575582688735664,53.85272163939234,48.30821773115139,-34.19424936590742,17.04514649150702,1.6976190704088974,available,233.0496235162401,50.024090178120176,0.0,0.0,normal,,normal,False
SOLAR_001,2026-01-03 22:30:00,solar,1.552569052050102,19.67853065656821,500.0107085100396,0.0,0.0,51.75708226849073,48.140566581479256,-33.084070981789594,20.66065348142196,1.5926859218852276,available,230.0166139854026,50.05175781910382,0.0,0.0,normal,,normal,False
SOLAR_001,2026-01-03 22:45:00,solar,0.0,18.614787851377816,493.0002694111862,0.0874866694118838,0.04181532520561375,50.30903287457032,48.02472262996562,-22.91564592385228,18.64737053122084,1.1423328645851218,available,234.84111026201748,50.110651708164845,0.0,0.0,normal,,normal,False
SOLAR_001,2026-01-03 23:00:00,solar,0.0,18.057066268146105,505.3976867874078,0.050360536059162554,0.024646663122898226,48.3344942278606,47.86675953822885,-31.350552783939552,19.030146697111316,1.525296034622284,available,231.20535059422565,50.072092201513286,0.0,0.0,normal,,normal,False
SOLAR_001,2026-01-03 23:15:00,solar,19.05395069055268,14.309164803431596,500.06363713986514,0.23022248561615913,0.11160932994853802,46.16745697992413,47.69339655839393,-34.53199871003643,13.885482592029327,1.7585576383802533,available,227.30119132350373,49.949732080490065,0.0,0.0,normal,,normal,False
SOLAR_001,2026-01-03 23:30:00,solar,0.0,20.616058560348918,495.60258597403873,0.0,0.0,44.32428791712404,47.54594303336992,-29.462208515770097,18.566194419360166,1.4008084877280713,available,234.1729931669465,50.04290413690473,0.0,0.0,normal,,normal,False
SOLAR_001,2026-01-03 23:45:00,solar,0.0,16.030081087303927,490.1611646064493,0.10588244897514253,0.050392348403825754,42.10749788455416,47.36859983076433,-35.567030285301264,16.65679021984318,1.7351527731569372,available,232.19735790974104,50.01282619603288,0.0,0.0,normal,,normal,False
SOLAR_001,2026-01-04 00:00:00,solar,18.445621207513906,20.77737888007281,504.11653976413356,0.35421730438950844,0.17199162273888985,40.246010765949976,47.219680861276,-29.96060507684146,20.80801720458798,1.586721832878069,available,230.76029525016196,49.94239504195654,0.0,0.0,normal,,normal,False
SOLAR_001,2026-01-04 00:15:00,solar,0.0,14.960640816200414,502.23236621089455,0.0,0.0,38.25566158388183,47.060452926710546,-32.14302634799397,14.481026854320406,1.5126653783717867,available,231.29326691239686,50.0141897605911,0.0,0.0,normal,,normal,False
SOLAR_001,2026-01-04 00:30:00,solar,0.0,15.84128423254852,500.8427428538762,0.0,0.0,35.97274988725228,46.877819990980186,-37.01138171041859,15.430722700106617,1.735012889438459,available,227.62190647076562,50.095933834895355,0.0,0.0,normal,,normal,False
SOLAR_001,2026-01-04 00:45:00,solar,20.942924657516528,14.234286580003245,503.45459200505843,0.47005216635311564,0.23082127794694246,34.04639244700957,46.723711395760766,-31.333804846617717,14.64086831518186,1.6948529325313988,available,226.39124777932747,50.05979321053596,0.0,0.0,normal,,normal,False
SOLAR_001,2026-01-04 01:00:00,solar,0.0,17.543187463914045,503.4435935851868,0.0,0.0,31.876072983312827,46.55008583866503,-35.43372182225882,16.728654566736097,1.6494427924095263,available,229.9165005849973,49.94932750968817,0.0,0.0,normal,,normal,False
SOLAR_001,2026-01-04 01:15:00,solar,19.88091045370022,15.860125067455435,500.77775228021414,0.2565572406109696,0.1255562998964623,29.703039848593324,46.37624318788747,-35.61101695314041,16.235369877017195,1.7770614822832853,available,232.75754067829834,50.00068586084425,0.0,0.0,normal,,normal,False
SOLAR_001,2026-01-04 01:30:00,solar,7.721377040289578,15.643420165243036,498.98314313096876,0.3494736149108755,0.16997556770766786,27.78869997151442,46.22309599772115,-31.47557027879953,16.83205718419999,1.6248738742876372,available,230.79141768653722,50.02458372151534,0.0,0.0,normal,,normal,False
SOLAR_001,2026-01-04 01:45:00,solar,0.0,15.075731711415793,498.33143360553896,0.10075803985734468,0.048596766251045906,26.184914059065157,46.094793124725214,-26.442841172176447,17.13580185602885,1.2674740597124854,available,233.4183429948183,49.913504819918046,0.0,0.0,normal,,normal,False
SOLAR_001,2026-01-04 02:00:00,solar,8.634429550755547,18.620412548852208,501.6837680956208,0.14307576091757043,0.06922749986809365,24.256707619851415,45.940536609588115,-31.8985584834592,20.02493908661447,1.5346643936705386,available,232.64244156638438,49.91522811181552,0.0,0.0,normal,,normal,False
SOLAR_001,2026-01-04 02:15:00,solar,5.76809124922868,18.5828868521163,505.5881254995174,0.08783188770710071,0.04275398069139033,22.64854418667182,45.81188353493375,-26.678759197589027,18.744632285082904,1.2649581899078814,available,230.0412174135709,50.007731392205436,0.0,0.0,normal,,normal,False
SOLAR_001,2026-01-04 02:30:00,solar,18.375890778044532,20.710291378490286,499.5883873147361,0.41011034564133597,0.19901816850975018,20.575589195091663,45.64604713560733,-34.51439702808253,20.967956478395056,1.774463962110671,available,232.36751384265446,50.0083837524967,0.0,0.0,normal,,normal,False
SOLAR_001,2026-01-04 02:45:00,solar,0.0,16.69333087766172,505.9059096236669,0.0,0.0,18.153336491811327,45.45226691934491,-40.50209547875256,16.293082350516574,1.8409120544930537,available,233.04519077170946,49.90805905332686,0.0,0.0,normal,,normal,False
SOLAR_001,2026-01-04 03:00:00,solar,0.7417092020691544,18.28459396013086,501.49260989380963,0.04735892118287667,0.023180069030245973,15.723122902518675,45.257849832201494,-40.809767470399805,17.8189504835149,1.8701423968926618,available,229.83963605783424,50.019398676285384,0.0,0.0,normal,,normal,False
SOLAR_001,2026-01-04 03:15:00,solar,0.0,16.245709917779255,501.52276387406664,0.0,0.0,13.353236951135873,45.06825895609087,-39.96412030927841,17.11774171623971,1.8011133230509297,available,229.57244887891036,50.05434813517492,0.0,0.0,normal,,normal,False
SOLAR_001,2026-01-04 03:30:00,solar,12.674666549516125,18.26083474759628,509.62043786929587,0.2484920386596308,0.12226723325208845,10.988269649067654,44.87906157192541,-40.04930331912766,17.95332468927201,1.9196423828239355,available,230.28090097466648,49.989084916557275,0.0,0.0,normal,,normal,False
SOLAR_001,2026-01-04 03:45:00,solar,0.0,17.95885337772539,506.61071286487373,0.0,0.0,9.10054237605754,44.7280433900846,-32.07546359619495,18.32495301881508,1.434672727487687,available,225.17618434454937,50.00299058930956,0.0,0.0,normal,,normal,False
SOLAR_001,2026-01-04 04:00:00,solar,18.305586868281406,20.204567139644332,506.71443697755285,0.2578631839615746,0.1262949034400852,6.959500649477201,44.55676005195818,-36.5195249902275,19.242057632238517,1.7534866156411424,available,230.56086380315168,50.02857058583421,0.0,0.0,normal,,normal,False
SOLAR_001,2026-01-04 04:15:00,solar,8.393917899067498,21.119959951403494,496.8095453665326,0.3372078107970094,0.16250937921979805,5.175977606819295,44.41407820854555,-30.519095905928445,22.490272600709016,1.5179868916398063,available,231.4408759661696,50.0219514638147,0.0,0.0,normal,,normal,False
SOLAR_001,2026-01-04 04:30:00,solar,0.0,21.225270033186206,508.76873000862514,0.005820512424530304,0.002887054897757811,5.0,44.4,-3.012229305915858,20.90281336953595,1.756126532874532,available,230.289022182831,49.91656887489174,1.6194964967941101,0.0,normal,,normal,False
SOLAR_001,2026-01-04 04:45:00,solar,21.748730858649004,19.390508232002592,499.67113282352017,0.46578157239151297,0.22589189611741606,5.0,44.4,-0.0,20.478487402667554,2.1786025878001287,available,230.68934884072274,49.954743940394316,1.9527106916827126,0.0,normal,,normal,False
SOLAR_001,2026-01-04 05:00:00,solar,40.21367545435916,23.00304374329348,499.090035280986,0.6106712977150212,0.29582089845320786,5.0,44.4,-0.0,22.29922056601905,2.102178866174804,available,229.913047248801,49.980207328190566,1.8063579677215964,0.0,normal,,normal,False
SOLAR_001,2026-01-04 05:15:00,solar,18.03301145188934,21.288676749102528,491.36300634634705,0.3116984347663508,0.14871946593535737,5.0,44.4,-0.0,20.531966256473797,2.044666436387627,available,226.00595622009138,49.95695864746069,1.8959469704522693,0.0,normal,,normal,False
SOLAR_001,2026-01-04 05:30:00,solar,25.68572581007645,21.47646377485076,501.3051632982153,0.5655996949741242,0.2726316161176823,5.0,44.4,-0.0,22.80449555620863,1.9049391677808483,available,233.32518952180672,50.07334842489885,1.632307551663166,0.0,normal,,normal,False
SOLAR_001,2026-01-04 05:45:00,solar,1.5366848688465857,20.725573634370654,495.66658416758946,0.051115811813606346,0.02462594663296595,5.0,44.4,-0.0,20.099566119685132,1.7718496349573192,available,229.26434230519655,50.03172379691337,1.7472236883243533,0.0,normal,,normal,False
SOLAR_001,2026-01-04 06:00:00,solar,0.0,21.348362992740025,501.63301531418796,0.0,0.0,5.0,44.4,-0.0,19.78046274236833,2.0374055367568857,available,228.76445974493964,49.94451372971017,2.0374055367568857,0.0,normal,,normal,False
SOLAR_001,2026-01-04 06:15:00,solar,26.36417263536969,25.90694283106569,496.6618020516521,0.5497547610142363,0.266069917792378,5.0,44.4,-0.0,24.8670022943243,2.251566574518026,available,232.71596555690365,49.98928321211027,1.985496656725648,0.0,normal,,normal,False
SOLAR_001,2026-01-04 06:30:00,solar,129.7304872488501,26.790694985421926,509.80132319558027,2.5624502014991952,1.2711072641811116,5.0,44.4,-0.0,27.647403666420196,2.1407110843508703,available,231.95740093692243,50.05651960685252,0.8696038201697587,0.0,normal,,normal,False
SOLAR_001,2026-01-04 06:45:00,solar,147.66979165216057,27.495840657944818,506.1081022918295,3.015449858878796,1.4788182844003572,5.0,44.4,-0.0,28.256461201196675,1.7706524870703455,available,230.54613171195155,49.96768803043058,0.2918342026699883,0.0,normal,,normal,False
SOLAR_001,2026-01-04 07:00:00,solar,208.82269792231455,28.827197160252442,514.2958672050487,3.934500210576421,1.9732375024974314,5.0,44.4,-0.0,28.064696077286126,2.137390749719301,available,231.5387394461992,50.04257919271721,0.16415324722186986,0.0,normal,,normal,False
SOLAR_001,2026-01-04 07:15:00,solar,293.8603988664636,35.47329979342963,502.33669318009316,5.381635598534398,2.618335760611864,6.016919947070969,44.481353595765675,19.251968980553457,34.84158109223067,1.761982120973153,available,227.69002332861905,50.06915898452803,0.0,0.0,normal,,normal,False
SOLAR_001,2026-01-04 07:30:00,solar,329.0196841268544,35.096691181981356,513.8503856261337,6.047437123463292,3.018093737194371,6.830416140456513,44.54643329123652,15.378322693764279,35.76970700827399,2.3330443111854917,available,229.8382112519609,50.06080704823233,0.0,0.0,normal,,normal,False
SOLAR_001,2026-01-04 07:45:00,solar,395.40313291302033,34.16911740474022,501.63492413624874,7.483845295930486,3.6356929013749864,8.701042782169374,44.69608342257355,35.24390550054769,35.48503794993296,2.060428360985208,available,232.5895682189145,50.00902020722919,0.0,0.0,normal,,normal,False
SOLAR_001,2026-01-04 08:00:00,solar,446.3267401743549,36.55947923801958,510.83230190589717,8.40536246857541,4.17483205664879,11.306959681904884,44.90455677455239,48.86934632573825,36.49067969854781,1.9803757200294134,available,228.64571636173966,50.06255124986576,0.0,0.0,normal,,normal,False
SOLAR_001,2026-01-04 08:15:00,solar,542.7147196920605,39.49657743436728,508.58491218062426,9.785209922589914,4.8179436109459015,14.162126344234395,45.13297010753875,53.272604657122514,40.05081584980411,2.4135927374052613,available,228.0033333900125,49.973888099170736,0.0,0.0,normal,,normal,False
SOLAR_001,2026-01-04 08:30:00,solar,511.02276411113525,39.67316109675791,510.38340243917304,9.380941898873381,4.683682105738092,16.89083971984065,45.35126717758725,50.668129872741076,40.5465941633059,2.3858182104907213,available,230.15720790567337,50.124294066897306,0.0,0.0,normal,,normal,False
SOLAR_001,2026-01-04 08:45:00,solar,626.6248905631046,41.70980410666347,511.12093063036605,11.57985744239353,5.800847187088965,20.99681308099132,45.679745046479304,75.69354369847967,43.86280733851001,2.343185409277873,available,230.2041140221956,50.012042477071724,0.0,0.0,normal,,normal,False
SOLAR_001,2026-01-04 09:00:00,solar,653.7049751888665,44.500849164764205,510.48327088232566,11.80743549114897,5.87301164821064,24.697623589596517,45.97580988716772,67.78503771646054,43.34513318356374,2.756539640964157,available,231.29514419968004,50.057339708105495,0.0,0.0,normal,,normal,False
SOLAR_001,2026-01-04 09:15:00,solar,689.03180682017,47.29291899970045,509.9980429229768,12.39360187046589,6.1798017842651305,29.10856135017899,46.32868490801432,80.17654528773036,46.624195591436646,2.465327880616731,available,227.2436951255207,49.981899557049246,0.0,0.0,normal,,normal,False
SOLAR_001,2026-01-04 09:30:00,solar,736.5108149098414,44.70365821230084,514.0973595780988,13.037491465148792,6.449880506968699,33.85856135017899,46.70868490801432,85.63717877900854,44.19718487818607,2.2280176171455826,available,224.90124645919875,50.02497072666257,0.0,0.2218628898231163,normal,,normal,False
SOLAR_001,2026-01-04 09:45:00,solar,765.7337210005152,46.066543625075255,517.0935058351984,13.405666755768868,6.6747588908409305,38.60856135017899,47.08868490801432,84.94609708922269,46.89406777379,2.4780020990331337,available,231.84246385487774,50.02717317403307,0.0,0.19675679180779682,normal,,normal,False
SOLAR_001,2026-01-04 10:00:00,solar,760.7526781730554,47.24382658968626,521.9752855021928,13.415399297782585,6.781173021829817,43.35856135017899,47.46868490801432,84.26608000097902,46.99190886763509,2.332495963023709,available,227.8340360535905,49.95355831628675,0.0,0.4486770588061084,normal,,normal,False
SOLAR_001,2026-01-04 10:15:00,solar,775.8536519467315,48.004026610859384,519.118856417138,13.580101894564585,6.839649683560348,48.10856135017899,47.84868490801432,83.59686389897057,48.316272449583785,2.65694449806911,available,228.78001927763762,49.95207783150441,0.0,0.1827051854912387,normal,,normal,False
SOLAR_001,2026-01-04 10:30:00,solar,840.4304900509877,53.56193444543224,523.1437514554033,14.239481548589643,7.218434393793868,52.85856135017899,48.228684908014316,82.9381934761258,53.683777398607006,2.4719412309961646,available,225.63352903609209,49.98977487217887,0.0,0.7464931627977034,normal,,normal,False
SOLAR_001,2026-01-04 10:45:00,solar,845.8035754952127,52.4679405035204,513.0258951020737,14.56618251303915,7.187286979197753,57.60856135017899,48.60868490801432,82.28982140885904,52.46967762941109,2.502103215632887,available,232.04582536405113,50.0552666271923,0.0,0.6851837635648668,normal,,normal,False
SOLAR_001,2026-01-04 11:00:00,solar,906.9158077356698,54.15155654806021,517.5866389029463,15.488569957397974,7.822336252646754,62.35856135017899,48.98868490801432,81.65150804743523,54.25895312244658,2.146192939791022,available,230.70067644814506,49.90842861780775,0.0,1.6761433128557321,normal,,normal,False
SOLAR_001,2026-01-04 11:15:00,solar,840.0199035826773,50.88205824002565,522.4597252846103,14.303962646396162,7.329541312238666,67.10856135017899,49.368684908014316,81.02302112063462,51.91195895495441,2.4536237000820442,available,230.6203890881019,49.981857539015365,0.0,0.8759176121566217,normal,,normal,False
SOLAR_001,2026-01-04 11:30:00,solar,890.2044656372533,52.29279825833012,521.2016602506417,15.329078843309182,7.8010276230630495,71.85856135017899,49.74868490801432,80.40413545395279,51.322212609391066,2.434897016765163,available,230.60691016837907,50.06549363114331,0.0,1.3661306062978866,normal,,normal,False
SOLAR_001,2026-01-04 11:45:00,solar,957.3610844810607,52.38497989784416,516.5124780061353,16.768829770771678,8.448480790348333,76.60856135017899,50.12868490801432,79.79463270061768,52.23652370691325,2.244193824415261,available,225.87967569193702,49.93839353032811,0.0,2.204286965933072,normal,,normal,False
SOLAR_001,2026-01-04 12:00:00,solar,849.1467014048299,53.16275866121595,523.7362755686636,14.433011182467292,7.340865070238912,81.35856135017899,50.50868490801432,79.19430108474893,51.94748091541644,2.4056997027222313,available,228.0296680231842,50.06269503316279,0.0,0.9351653675166816,normal,,normal,False
SOLAR_001,2026-01-04 12:15:00,solar,835.047324710691,52.478261987803066,517.8320857369621,14.292084568063277,7.147678266524565,86.10856135017899,50.88868490801432,78.60293515602426,52.70481891593471,2.536187004174187,available,229.0965457791076,49.943610351171614,0.0,0.6114912623503779,normal,,normal,False
SOLAR_001,2026-01-04 12:30:00,solar,910.1551356189452,55.62298846710773,516.7194429819014,15.211352577430516,7.627051934946861,90.85856135017899,51.26868490801432,78.02033555525665,55.42745960636729,2.445280267749412,available,228.50251445772733,49.95417291929578,0.0,1.1817716671974487,normal,,normal,False
SOLAR_001,2026-01-04 12:45:00,solar,913.3707815640122,53.50303743173628,521.5634966500518,15.354086316065963,7.852196142063844,95.60856135017899,51.64868490801432,77.44630879031966,54.57228056430418,2.158933437864647,available,229.4569769007076,49.9926389111062,0.0,1.6932627041991974,normal,,normal,False
SOLAR_001,2026-01-04 13:00:00,solar,884.7440655053422,52.905932918332965,519.3431939871183,15.283919182594026,7.685501719619595,100.0,52.0,71.11641538171679,52.90110969778357,2.380023255190692,available,230.4923994053576,50.093672953419045,0.0,1.60742486457963,normal,,normal,False
SOLAR_001,2026-01-04 13:15:00,solar,896.1622836383183,53.644137846469135,516.8469532497876,15.252815858229436,7.628937277872227,100.0,52.0,0.0,53.20029871306613,2.332513600464823,available,232.01287663251037,49.967999640179386,0.0,5.296423677407404,normal,,normal,False
SOLAR_001,2026-01-04 13:30:00,solar,832.3911316395217,53.08773868386536,516.2501165492373,14.276355496139917,7.189870165208436,100.0,52.0,0.0,52.84102863579264,2.4544484942363156,available,227.0395919459186,49.91335186058189,0.0,4.735421670972121,normal,,normal,False
SOLAR_001,2026-01-04 13:45:00,solar,849.46546673298,49.89681019800089,513.658267631427,14.954420536593533,7.496096016375311,100.0,52.0,0.0,51.62023441160807,2.420699246068594,available,229.98232922640304,49.92990319762605,0.0,5.0753967703067175,normal,,normal,False
SOLAR_001,2026-01-04 14:00:00,solar,786.8234502914707,51.53615124191781,515.7375150914532,13.780611535535927,6.863832052500876,100.0,52.0,0.0,49.96607063097909,2.3073888192806282,available,231.42308735784755,50.04659740951362,0.0,4.556443233220248,normal,,normal,False
SOLAR_001,2026-01-04 14:15:00,solar,826.9703367309788,51.272025981480965,521.0294299880006,14.184758382115556,7.159293536092611,100.0,52.0,0.0,50.64450988086537,2.2840286368514753,available,228.15183366005635,49.93226298574539,0.0,4.875264899241136,normal,,normal,False
SOLAR_001,2026-01-04 14:30:00,solar,691.1555123735014,46.158088634986,516.8452686577774,12.201680036608975,6.101363143296091,100.0,52.0,0.0,46.19409667898607,2.370453520727956,available,229.61433445246425,50.05939822877406,0.0,3.730909622568135,normal,,normal,False
SOLAR_001,2026-01-04 14:45:00,solar,641.5483587201517,43.18990952975152,518.871172472689,11.4715881132848,5.775782135452612,100.0,52.0,0.0,42.55348308317145,2.530923264362852,available,230.9331042309747,50.00348954105503,0.0,3.24485887108976,normal,,normal,False
SOLAR_001,2026-01-04 15:00:00,solar,661.8061882627338,46.40262196524189,516.2064097744297,11.662204055079872,5.872722896160657,100.0,52.0,0.0,46.89330363800585,2.373926156075584,available,230.02241771895902,49.99838643866925,0.0,3.4987967400850732,normal,,normal,False
SOLAR_001,2026-01-04 15:15:00,solar,571.3620981068373,46.275909213699855,510.7379314741141,10.17876248353096,5.021820283577932,100.0,52.0,0.0,46.21942377558894,2.581319481853174,available,231.34839552113212,50.01486521229797,0.0,2.440500801724758,normal,,normal,False
SOLAR_001,2026-01-04 15:30:00,solar,548.8417089129454,45.78654310497437,505.5786634810375,9.993835947530222,4.928618699499536,100.0,52.0,0.0,46.042528007604716,2.5005808388223025,available,230.1893962940992,49.95995398320516,0.0,2.4280378606772333,normal,,normal,False
SOLAR_001,2026-01-04 15:45:00,solar,506.1661861824599,42.450097622919486,507.40398720157685,9.29756285369898,4.5784896093875265,100.0,52.0,0.0,42.567925758197774,2.5493431041006516,available,229.3762749206715,50.00689359607476,0.0,2.029146505286875,normal,,normal,False
SOLAR_001,2026-01-04 16:00:00,solar,420.9435657787869,42.41634510853888,507.31505675560993,7.929518221535463,3.948869676764239,100.0,52.0,0.0,42.31329971564156,2.4987255303606113,available,227.65458049027225,49.940346350163146,0.0,1.4501441464036278,normal,,normal,False
SOLAR_001,2026-01-04 16:15:00,solar,402.3117582196804,38.60880303675738,505.8514423232134,7.563605524929173,3.7173782727159037,100.0,52.0,0.0,37.31797930153389,2.5116198139466954,available,230.49433711282734,50.067444546482704,0.0,1.2057584587692083,normal,,normal,False
SOLAR_001,2026-01-04 16:30:00,solar,308.80952750267664,37.41152351809214,511.57774835474066,5.849239325843546,2.901120396491314,100.0,52.0,0.0,37.58761594728578,1.9415789824700436,available,230.19994555498474,49.948635238504465,0.0,0.9595414140212706,normal,,normal,False
SOLAR_001,2026-01-04 16:45:00,solar,284.29411564500845,34.319498188902784,510.311143173462,5.258356188524435,2.610606766096307,100.0,52.0,0.0,32.556089353008716,2.274133014968516,available,228.0143359443888,50.02194403174619,0.0,0.3364737511277909,normal,,normal,False
SOLAR_001,2026-01-04 17:00:00,solar,186.46624000856204,31.38975774128783,514.023899463157,3.585944743987354,1.7848562184822374,99.24305728633333,51.93944458290667,-11.075907087693436,30.717796759657986,2.360132680868914,available,231.16411164969054,49.94826248488697,0.0,0.0,normal,,normal,False
SOLAR_001,2026-01-04 17:15:00,solar,177.81595637733827,30.525156065645515,500.846921755553,3.3996656185430156,1.6363465322530606,98.28088679024711,51.86247094321977,-14.099782824194973,31.01436135166817,2.3675961092785816,available,232.53584701268005,49.97333977067543,0.0,0.0,normal,,normal,False
SOLAR_001,2026-01-04 17:30:00,solar,112.50838215501322,26.40070015974449,509.0003170686587,2.236841169211092,1.1030270480703261,97.22619471679197,51.77809557734336,-15.480792927746254,27.590387695452918,1.9045930238962328,available,228.67981386407197,49.98130839829201,0.0,0.0,normal,,normal,False
SOLAR_001,2026-01-04 17:45:00,solar,40.046622733099035,29.181880215369976,507.67313140725935,0.8434426081951444,0.41479863972374903,94.92868304124445,51.594294643299556,-33.84306124326223,31.531296340651814,2.1609075131398523,available,228.54473571144408,50.14906739904607,0.0,0.0,normal,,normal,False
SOLAR_001,2026-01-04 18:00:00,solar,19.466108453313577,25.335937368343462,499.0709449678445,0.39451896165998523,0.18941858205457088,92.52654879001352,51.40212390320108,-35.51647076633388,24.907683389939404,2.015040612990084,available,228.47170288615737,49.99927769566324,0.0,0.0,normal,,normal,False
SOLAR_001,2026-01-04 18:15:00,solar,0.0,24.1634740844801,501.89422158776097,0.23982401250398233,0.1167113426187862,89.60119445339619,51.168095556271695,-43.45030378127225,23.29834945425999,2.3399806384479582,available,226.64267689562547,49.95892351014799,0.0,0.0,normal,,normal,False
SOLAR_001,2026-01-04 18:30:00,solar,0.0,23.14372582312135,504.96293299656486,0.14139451391357538,0.06851907090644509,87.50213416692824,51.00017073335426,-31.28000935636711,23.666009373981538,1.6638048886220864,available,234.0089633737502,49.97777221941131,0.0,0.0,normal,,normal,False
SOLAR_001,2026-01-04 18:45:00,solar,0.0,24.151282749806576,499.76430150935096,0.11778005444503217,0.05699407046621796,85.26350605068883,50.82108048405511,-33.47739465861503,26.021251564635225,1.7583514388081691,available,229.10222923896845,49.92476637241062,0.0,0.0,normal,,normal,False
SOLAR_001,2026-01-04 19:00:00,solar,0.0,26.645238465839615,499.45443289114144,0.0765121042119766,0.037114424593254765,83.31049257684917,50.664839406147934,-29.296258658189497,28.177983258600523,1.5214046647113966,available,228.28309164517154,49.991860703927244,0.0,0.0,normal,,normal,False
SOLAR_001,2026-01-04 19:15:00,solar,0.0,26.68284637162308,497.4906503155302,0.17722552339542905,0.08556575947446593,80.94376923665742,50.47550153893259,-35.63530195253936,25.647767166381197,1.884275498020194,available,227.74644990602133,50.09255433322044,0.0,0.0,normal,,normal,False
SOLAR_001,2026-01-04 19:30:00,solar,17.299682750163893,21.02750840951061,490.5598459253479,0.2117932750935252,0.10056681311275108,78.07535647852993,50.246028518282394,-43.386388147745485,20.88699922204831,2.28056050928964,available,229.22406506721205,50.016801976549004,0.0,0.0,normal,,normal,False
SOLAR_001,2026-01-04 19:45:00,solar,0.0,22.10269575192268,500.2818864659539,0.13695110247448755,0.06642943100607684,75.80473498551846,50.064378798841474,-34.469065153538814,22.953063035068105,1.7921017656947908,available,228.60958126667336,50.045170047486344,0.0,0.0,normal,,normal,False
SOLAR_001,2026-01-04 20:00:00,solar,0.0,20.636730029141805,497.16052269018627,0.0,0.0,73.44262095327524,49.87540967626202,-35.99382293112816,21.556441181578165,1.795206664504851,available,232.8761463735211,49.95450281800974,0.0,0.0,normal,,normal,False
SOLAR_001,2026-01-04 20:15:00,solar,0.0,23.232430354695147,495.69860550553267,0.0,0.0,70.9951983884518,49.679615871076145,-37.44073130703795,23.824292278540856,1.8600411492658202,available,227.50252436787238,49.989832891537915,0.0,0.0,normal,,normal,False
SOLAR_001,2026-01-04 20:30:00,solar,31.385193611248177,22.535736134666465,501.68876660057725,0.6877076730146503,0.334764961298857,69.19515325865474,49.53561226069238,-27.617187639594928,22.086987550657344,1.7027992599446176,available,226.92293153742332,50.010195131762806,0.0,0.0,normal,,normal,False
SOLAR_001,2026-01-04 20:45:00,solar,13.834867778934642,20.2949968718706,494.1947510367156,0.4099869727206298,0.19562299402563033,67.11505247838085,49.36920419827047,-32.02151257409851,20.87796208977793,1.776499587033785,available,231.10356816457482,49.963734658478685,0.0,0.0,normal,,normal,False
SOLAR_001,2026-01-04 21:00:00,solar,0.0,20.608859620886527,503.22431956512247,0.0,0.0,64.79894158057608,49.18391532644608,-35.78902311148737,21.53821042576352,1.7602442823316167,available,229.7855870073814,50.02000033683655,0.0,0.0,normal,,normal,False
SOLAR_001,2026-01-04 21:15:00,solar,23.48124654807992,19.981911600453223,501.9343972610421,0.4261482408866726,0.20776112822229573,63.108415754268904,49.04867326034151,-26.19438085866206,19.04989152480269,1.492560756215755,available,229.55411032744178,50.030771420759436,0.0,0.0,normal,,normal,False
SOLAR_001,2026-01-04 21:30:00,solar,0.0,22.1600391385013,498.399227153211,0.009784532879234234,0.004726252816978103,60.9775533835557,48.878204270684456,-33.1324651939664,23.490275037611852,1.6241816545590106,available,231.11927249260893,50.02714240254183,0.0,0.0,normal,,normal,False
SOLAR_001,2026-01-04 21:45:00,solar,18.1637964672121,20.659113478503883,499.74675898862216,0.3511249256783658,0.17233348581314067,58.869801049412594,48.709584083953004,-32.886582878388694,21.651072992468553,1.774225259761904,available,230.27342327458908,49.99244583613308,0.0,0.0,normal,,normal,False
SOLAR_001,2026-01-04 22:00:00,solar,0.0,20.05498766306883,495.23911562338304,0.0862242131419863,0.04139051388257642,56.5610993681928,48.524887949455426,-36.1590382146722,19.31302616353714,1.7960037916096219,available,229.90636482627943,50.054545565032626,0.0,0.0,normal,,normal,False
SOLAR_001,2026-01-04 22:15:00,solar,19.31864097220483,15.219711154902935,503.0013544134615,0.7406351152032202,0.3608441218116136,54.59364742643289,48.36749179411463,-30.914637502858394,16.14462098326238,1.8561075975491454,available,227.18870779615273,49.98711912807408,0.0,0.0,normal,,normal,False
SOLAR_001,2026-01-04 22:30:00,solar,0.0,18.346343599718136,500.7494569642051,0.041869312357122934,0.020292774819047812,52.44753078313364,48.19580246265069,-33.842130757578154,19.159457255202586,1.6513414237264796,available,226.66380970065634,49.98255896061114,0.0,0.0,normal,,normal,False
SOLAR_001,2026-01-04 22:45:00,solar,0.0,21.304529152470735,501.0473998183582,0.0,0.0,50.28300633053352,48.022640506442684,-34.255479636847404,22.155681805244438,1.6450385839760906,available,228.5991432374189,50.072076950355026,0.0,0.0,normal,,normal,False
SOLAR_001,2026-01-04 23:00:00,solar,0.0,19.927015778563955,502.0075615186925,0.0,0.0,48.02594007893767,47.842075206315016,-35.85484834876938,21.502988833004636,1.7153703512128442,available,227.83127011820213,49.94465168501497,0.0,0.0,normal,,normal,False
SOLAR_001,2026-01-04 23:15:00,solar,4.992195234963868,15.076061311264823,497.4303383444331,0.07165012565646693,0.03444942540378677,46.176935926700175,47.69415487413601,-29.463634682465987,15.065599532194984,1.4396925811042847,available,230.53841159704638,49.91485155396072,0.0,0.0,normal,,normal,False
SOLAR_001,2026-01-04 23:30:00,solar,0.0,17.0627045233956,493.92376690031625,0.0,0.0,44.29970697672129,47.5439765581377,-30.00788123474198,17.394225839218507,1.426694001983953,available,226.40257017858048,49.956609184188096,0.0,0.0,normal,,normal,False
SOLAR_001,2026-01-04 23:45:00,solar,9.971163107915828,15.818488972354075,503.8292734996505,0.25157556558564825,0.122607486764733,42.45313273165942,47.396250618532754,-29.609861707041095,13.179760717193892,1.5260039130117489,available,229.10567981412953,50.0193620963339,0.0,0.0,normal,,normal,False
SOLAR_001,2026-01-05 00:00:00,solar,0.0,19.80517155652083,502.7548736544496,0.044954475776490165,0.02181174539073776,40.777889686003576,47.262231174880284,-26.93873486394216,20.920994253095206,1.2949964600891792,available,229.65385028333645,50.06417955072326,0.0,0.0,normal,,normal,False
SOLAR_001,2026-01-05 00:15:00,solar,11.166703090764443,17.780088037860363,497.85856478691625,0.1842561958325764,0.08817835421883768,38.7460932588144,47.099687460705155,-32.78504312692215,18.79967445545055,1.6323436388826105,available,229.92068944093677,49.96697407459092,0.0,0.0,normal,,normal,False
SOLAR_001,2026-01-05 00:30:00,solar,7.9599971166587915,16.107192558702643,501.63644079652016,0.362173031989,0.17580828229577658,36.65680649918326,46.93254451993466,-33.83276899988274,17.46322686348737,1.7636662196154382,available,230.79792852541908,50.09074187601452,0.0,0.0,normal,,normal,False
SOLAR_001,2026-01-05 00:45:00,solar,0.0,17.06622445264096,505.0318937548718,0.0,0.0,34.79280926911632,46.7834247415293,-30.2807650931407,16.12954404547143,1.4166378948508755,available,229.3469196130181,50.001359867713816,0.0,0.0,normal,,normal,False
SOLAR_001,2026-01-05 01:00:00,solar,0.0,13.088951706397275,504.55480321233574,0.0,0.0,32.618647142607145,46.60949177140857,-35.4512171952189,14.05099709219239,1.6523632161469735,available,228.66501599207913,49.99422352264009,0.0,0.0,normal,,normal,False
SOLAR_001,2026-01-05 01:15:00,solar,2.727734323774791,15.45573894023928,497.741764654272,0.12110063722223052,0.05893887229295643,30.790862459388926,46.46326899675111,-29.897086219718624,16.474488236677235,1.4480552315388038,available,232.48896030089958,49.95750309295902,0.0,0.0,normal,,normal,False
SOLAR_001,2026-01-05 01:30:00,solar,9.904567374606586,17.362165743487957,494.044955818263,0.29688471558466895,0.14282489462133335,29.16176480761313,46.33294118460905,-26.722115706327777,16.71124913074839,1.3809391099709358,available,229.35993462290833,50.09756775843178,0.0,0.0,normal,,normal,False
SOLAR_001,2026-01-05 01:45:00,solar,37.11238474916895,19.330825708586595,494.731139441613,0.8962818414257143,0.43127765911647936,27.087762418210836,46.167020993456866,-34.142159966724755,20.38679013555065,2.0075194750622236,available,232.8382607351086,49.99248555609905,0.0,0.0,normal,,normal,False
SOLAR_001,2026-01-05 02:00:00,solar,16.909567592367257,14.749287224889695,498.7530959481796,0.39589509578799037,0.19338896955757712,25.48716640303192,46.038973312242554,-26.42224367789064,15.212327935922664,1.409841941093554,available,229.3497455011113,49.93340059869041,0.0,0.0,normal,,normal,False
SOLAR_001,2026-01-05 02:15:00,solar,17.56781909668514,17.23895160939775,505.84926853314863,0.46195107576004535,0.22655378160403675,23.982665048765803,45.918613203901266,-24.90103575569445,15.540939835668713,1.3699748108462857,available,229.9674606734604,50.12288343344152,0.0,0.0,normal,,normal,False
SOLAR_001,2026-01-05 02:30:00,solar,55.5932195074851,20.437202367886353,497.0862183514345,1.0718929457625137,0.5170065554744958,22.44460252139013,45.79556820171121,-25.524904847928767,21.021683188356256,1.6859340762800068,available,229.72250530499653,50.019683504692615,0.0,0.0,normal,,normal,False
SOLAR_001,2026-01-05 02:45:00,solar,9.287252581821194,15.776892137256803,497.6146885879626,0.2857691309950573,0.1379286782432971,20.369013437069977,45.629521074965595,-34.57077056521584,15.009685273828472,1.7153763823266133,available,230.46243721726464,50.03994152253021,0.0,0.0,normal,,normal,False
SOLAR_001,2026-01-05 03:00:00,solar,8.72358320361064,18.499686005775455,497.5323556075267,0.270817624671919,0.13173836803833203,18.15386868882562,45.45230949510605,-37.03904218215748,16.8237540911639,1.8152483767040417,available,229.1603036102081,50.08407801104204,0.0,0.0,normal,,normal,False
SOLAR_001,2026-01-05 03:15:00,solar,12.672271337789773,18.59548125198593,497.8730768148453,0.41298364716867836,0.19944762183172157,15.648483988726637,45.25187871909813,-42.077642431045064,18.96203452755257,2.10353999390695,available,230.1922699474915,50.03072312912272,0.0,0.0,normal,,normal,False
SOLAR_001,2026-01-05 03:30:00,solar,0.0,21.018097098496256,499.9550926236535,0.0,0.0,13.581863733585651,45.08654909868685,-34.83591947721043,20.952766395398793,1.5706313939071497,available,233.06162805319124,50.048744467852224,0.0,0.0,normal,,normal,False
SOLAR_001,2026-01-05 03:45:00,solar,0.0,18.3919170579797,494.87979930179296,0.0,0.0,11.431461065761441,44.914516885260916,-36.38703343334214,19.795730629010606,1.634306027546399,available,232.09770357944913,50.002716253616406,0.0,0.0,normal,,normal,False
SOLAR_001,2026-01-05 04:00:00,solar,0.0,18.792851634131562,504.3374398253078,0.08160617320542583,0.03975436279128188,8.724873254353428,44.69798986034827,-46.02011730498124,18.97457075517205,2.0967610994613715,available,232.11147668723908,50.03668661437176,0.0,0.0,normal,,normal,False
SOLAR_001,2026-01-05 04:15:00,solar,11.657051589952111,20.958445213795354,499.42071568796143,0.0,0.0,6.108037935271051,44.488643034821685,-44.703427815183254,21.736964540532373,1.9887948425026063,available,227.316138856345,49.99829210927217,0.0,0.0,normal,,normal,False
SOLAR_001,2026-01-05 04:30:00,solar,0.0,17.74914699486494,509.91653829890134,0.04824379450700886,0.023913202502376014,5.0,44.4,-18.96641510824322,18.25795636091509,1.987808722988056,available,227.63976011659778,49.998989495707946,1.121786689679681,0.0,normal,,normal,False
SOLAR_001,2026-01-05 04:45:00,solar,2.4880216585374506,19.841884100499932,495.3057160057999,0.15825332812035045,0.07595803417177746,5.0,44.4,-0.0,20.862841455192726,1.7373785015121137,available,230.43550184551398,50.0059858378267,1.6614204673403363,0.0,normal,,normal,False
SOLAR_001,2026-01-05 05:00:00,solar,19.574183162672362,20.305767062806044,506.35946468729963,0.3369118425926717,0.16596317828232046,5.0,44.4,-0.0,19.4193597177658,2.108709073786316,available,231.54147585091187,49.98015924269769,1.9427458955039953,0.0,normal,,normal,False
SOLAR_001,2026-01-05 05:15:00,solar,15.536713296674499,21.0840292818262,505.56538159194594,0.26958191857410635,0.1311886829571479,5.0,44.4,-0.0,21.282565911938885,2.0728459191289494,available,228.9617288951171,50.0252188917668,1.9416572361718016,0.0,normal,,normal,False
SOLAR_001,2026-01-05 05:30:00,solar,0.0,22.59382564688863,498.3532639646174,0.0,0.0,5.0,44.4,-0.0,22.45308974381643,1.97917066712485,available,228.6048302724876,50.02509225876076,1.97917066712485,0.0,normal,,normal,False
SOLAR_001,2026-01-05 05:45:00,solar,0.0,22.58116597050113,498.4197575459525,0.0,0.0,5.0,44.4,-0.0,23.2348493543399,1.853583029799737,available,232.78768600534593,50.040945829994726,1.853583029799737,0.0,normal,,normal,False
SOLAR_001,2026-01-05 06:00:00,solar,20.434945169757395,21.576116850733275,496.3148087354804,0.3677498594922643,0.17965620760518122,5.0,44.4,-0.0,21.831929927497438,2.021339110877689,available,231.37175333350729,50.031980325751775,1.8416829032725077,0.0,normal,,normal,False
SOLAR_001,2026-01-05 06:15:00,solar,59.71731284659191,24.332349372042717,497.6687768836446,1.1345414923056967,0.5481270148284,5.0,44.4,-0.0,23.718311506056885,2.359128785850219,available,232.11597336145903,50.1000021525808,1.811001771021819,0.0,normal,,normal,False
SOLAR_001,2026-01-05 06:30:00,solar,59.24376219945705,26.80307313059685,502.60810004530157,1.0968404202490263,0.5330985556148489,5.0,44.4,-0.0,26.465139590678334,1.8399432359782872,available,229.11709988313356,50.05263148698183,1.3068446803634384,0.0,normal,,normal,False
SOLAR_001,2026-01-05 06:45:00,solar,130.16727063863377,25.549311313158885,503.984590377308,2.5502017274082003,1.2378471049785824,5.0,44.4,-0.0,27.197814021697784,1.9278308312945638,available,228.95995882536832,49.98963740547927,0.6899837263159814,0.0,normal,,normal,False
SOLAR_001,2026-01-05 07:00:00,solar,183.48976031606338,28.804994178497104,498.7669598342858,3.5944948903207794,1.7507325908647473,5.0,44.4,-0.0,27.11064306028582,1.990908083282001,available,231.89778120932633,50.0226535751913,0.24017549241725367,0.0,normal,,normal,False
SOLAR_001,2026-01-05 07:15:00,solar,250.5304091332446,30.431341117534174,515.6028105993666,4.935159369815705,2.4637911457170225,5.476552795819901,44.43812422366559,9.030705605679724,31.140705824399507,2.062483528184474,available,229.4745482794882,50.070634905708,0.0,0.0,normal,,normal,False
SOLAR_001,2026-01-05 07:30:00,solar,272.4929534742647,31.63149965864181,506.61560121864954,5.197113539605691,2.543532728643682,5.921238914962923,44.473699113197036,8.420089375306244,32.872945955374824,2.169060207260085,available,228.77828594121593,49.952501340549226,0.0,0.0,normal,,normal,False
SOLAR_001,2026-01-05 07:45:00,solar,281.0488078313484,29.94586601652251,509.10822291324877,5.445000246420983,2.693592833079139,6.2808717662106694,44.502469741296856,6.805211454571776,30.524703169024896,2.390744116238932,available,228.17360712722956,50.10071208965581,0.0,0.0,normal,,normal,False
SOLAR_001,2026-01-05 08:00:00,solar,373.3599397762377,37.2618760915919,507.49505026634625,6.939243081930165,3.4274229227425836,7.59916313479334,44.607933050783465,24.886607021115797,39.232884342889896,2.3172828228834925,available,228.97740972072083,49.96126802831251,0.0,0.0,normal,,normal,False
SOLAR_001,2026-01-05 08:15:00,solar,373.221261353824,34.41907993963546,510.04336650402473,6.983948861696506,3.4665443571781154,9.029351966177938,44.722348157294235,26.929926353211304,35.35759558671068,2.2621748149595065,available,231.75016710291735,50.045013769661885,0.0,0.0,normal,,normal,False
SOLAR_001,2026-01-05 08:30:00,solar,430.77247194946625,38.987203780522584,510.74371613519764,7.795483278400696,3.862442456684047,10.849909544532126,44.86799276356257,34.16914874469468,39.37132749426028,2.329341338069993,available,226.9806702865441,50.00033002201123,0.0,0.0,normal,,normal,False
SOLAR_001,2026-01-05 08:45:00,solar,455.7165486560133,37.55686963586207,513.1751945987003,8.28119185651145,4.125593728608739,12.87351632422465,45.02988130593797,37.84353567719395,37.09014007744418,2.4215038088676666,available,231.25810493668786,49.99745338000428,0.0,0.0,normal,,normal,False
SOLAR_001,2026-01-05 09:00:00,solar,479.5598241197167,38.55073862514927,514.0837759820184,8.705415231972426,4.346245544323155,15.681227884141363,45.25449823073131,52.24648984019724,38.9534060723302,1.9818568622880277,available,228.58356248250772,49.93485435631761,0.0,0.0,normal,,normal,False
SOLAR_001,2026-01-05 09:15:00,solar,523.3427900889795,42.79224625905991,518.2562615437439,9.397194693131679,4.732241850700761,18.26949943918522,45.46155995513482,47.943737547398406,43.473928179248006,2.5526447517164597,available,229.57939921042612,50.045375004746035,0.0,0.0,normal,,normal,False
SOLAR_001,2026-01-05 09:30:00,solar,569.8036219046274,43.997247455893614,516.7759465542198,10.29238477721793,5.1705906967295645,21.80690077426897,45.74455206194152,65.1195420635486,44.00074788025389,2.1917264145537754,available,229.70750883876528,49.93558209074472,0.0,0.0,normal,,normal,False
SOLAR_001,2026-01-05 09:45:00,solar,629.7853568055541,44.673053474285304,519.446524327649,10.99810670412138,5.57280310307996,25.710621598256907,46.05684972786055,71.37578603841729,43.93022686504074,2.2854592513006478,available,229.55851025672538,49.92786148835691,0.0,0.0,normal,,normal,False
SOLAR_001,2026-01-05 10:00:00,solar,594.8776387443376,44.963414261623754,517.281264788467,10.528684042160135,5.284438526726133,29.067256634692278,46.325380530775384,61.0170925375258,43.75919159561731,2.457798496043715,available,229.42574474016905,50.05798515092033,0.0,0.0,normal,,normal,False
SOLAR_001,2026-01-05 10:15:00,solar,613.2122288723821,44.16035520377779,518.8624650510774,10.780897762349873,5.403143909219768,32.647132539785154,46.61177060318281,64.6753449208169,44.34576208915876,2.388511568088926,available,229.1112881323176,50.089480279789655,0.0,0.0,normal,,normal,False
SOLAR_001,2026-01-05 10:30:00,solar,666.3045014039826,46.19853447555988,517.5123679194926,11.757871654403479,5.897908718996371,36.66655503864796,46.93332440309184,72.1188384627756,44.71821826777831,2.513131877848747,available,228.8571496521172,49.96663771168845,0.0,0.0,normal,,normal,False
SOLAR_001,2026-01-05 10:45:00,solar,623.4699312763724,44.414598979331394,522.9510495272526,11.099147893555413,5.652057600238047,40.463673520348294,47.237093881627864,67.69200210086622,43.94305628987388,2.4544841419640786,available,232.63954709393096,50.05015546118276,0.0,0.0,normal,,normal,False
SOLAR_001,2026-01-05 11:00:00,solar,653.1383251179986,47.746733378391426,520.609006243845,11.36124908815441,5.684491042214861,44.391556437732355,47.551324515018585,69.56043625561692,45.314992907514565,2.3768001644177565,available,230.05009863213985,50.039826317669885,0.0,0.0,normal,,normal,False
SOLAR_001,2026-01-05 11:15:00,solar,639.5197511821474,45.22598297353147,518.9834061900129,11.321026778868648,5.646848907900555,47.83500231642192,47.82680018531375,60.63010459843127,46.05900150315272,2.7471050100567105,available,229.7481034135501,49.99542406524443,0.0,0.0,normal,,normal,False
SOLAR_001,2026-01-05 11:30:00,solar,683.3010876529803,49.77741843631029,519.0772566892709,11.99928283779035,6.0702958389477875,51.970509713523384,48.15764077708187,72.31526479978388,50.93146514548148,2.5877632940202417,available,228.71069455529582,50.06679084408021,0.0,0.0,normal,,normal,False
SOLAR_001,2026-01-05 11:45:00,solar,661.9904768643349,46.70452157559438,519.5202210997841,11.680146614515806,5.93215125728186,56.03495560472025,48.48279644837762,70.5959954360656,46.78346963585682,2.5094599804844955,available,229.18411235773863,49.991818890986174,0.0,0.0,normal,,normal,False
SOLAR_001,2026-01-05 12:00:00,solar,649.7553267390781,47.03612679852493,520.1217756947082,11.31816685816614,5.672980236303675,59.69777117312677,48.77582169385014,63.23781252711741,48.86758583038473,2.5885039681718736,available,228.71765758327726,50.02587670726595,0.0,0.0,normal,,normal,False
SOLAR_001,2026-01-05 12:15:00,solar,612.8363050704314,47.3244966205649,519.7317340598963,10.753736914382483,5.424193947736298,63.39828637847602,49.071862910278085,63.50326125825017,48.671883372781174,2.3079706169158722,available,231.530688343829,49.93731150583287,0.0,0.0,normal,,normal,False
SOLAR_001,2026-01-05 12:30:00,solar,606.3774994025248,46.13534814646417,517.5935306066308,10.644950594099177,5.3334578507644155,66.31045593978067,49.304836475182455,49.73859544219874,46.615133861611376,2.8811045359815513,available,228.49280182705814,49.93944851849245,0.0,0.0,normal,,normal,False
SOLAR_001,2026-01-05 12:45:00,solar,647.662058029655,46.729701441983636,522.6753078291376,11.354476604856183,5.748923669765896,70.49650949866944,49.63972075989356,71.0136495499623,46.61648708107142,2.2238259359648263,available,225.50750825670357,50.05845224823944,0.0,0.0,normal,,normal,False
SOLAR_001,2026-01-05 13:00:00,solar,652.9820693252054,47.27951656141743,522.630820495974,11.429985514771468,5.803578522572335,74.47021482445618,49.957617185956494,66.98234138405306,46.93011844253418,2.457300353488761,available,230.11661607492977,50.02756026057867,0.0,0.0,normal,,normal,False
SOLAR_001,2026-01-05 13:15:00,solar,723.290905377262,50.40801262743815,526.074029941505,12.221579710325432,6.195009760493654,79.01379936826515,50.32110394946121,76.03522493837043,50.97050370179814,2.3688333025492496,available,229.44121834485958,49.99287715620311,0.0,0.0,normal,,normal,False
SOLAR_001,2026-01-05 13:30:00,solar,681.5543470361877,46.984694372316305,516.0630718076467,12.062382915169788,6.003739999101862,83.35159090617682,50.66812727249415,72.09417993508919,46.843467531422014,2.350862914544669,available,228.8284235663854,50.09539226004822,0.0,0.0,normal,,normal,False
SOLAR_001,2026-01-05 13:45:00,solar,561.5082527418472,44.71384777045889,520.6032097312623,9.923919482803884,5.003649648831503,86.54704447253246,50.923763557802594,52.84189695347923,45.26207797211634,2.3127413824267578,available,231.82311223989538,50.0948657835916,0.0,0.0,normal,,normal,False
SOLAR_001,2026-01-05 14:00:00,solar,604.6764536592349,45.893822216510564,509.683958810558,10.925669166822042,5.397531443570819,90.30211186186264,51.224168948949014,61.7318362981934,46.51627583034341,2.235369431503297,available,224.53296079390375,50.02195839998801,0.0,0.0,normal,,normal,False
SOLAR_001,2026-01-05 14:15:00,solar,561.8890926259636,45.97261601540632,519.9455645061385,9.98005804016,5.004200909640983,93.1430525943452,51.45144420754762,46.49764802505324,45.74303676759617,2.6118297664977694,available,233.15248812993977,49.92721724408834,0.0,0.0,normal,,normal,False
SOLAR_001,2026-01-05 14:30:00,solar,547.6682780523358,44.00909561808025,510.040738345796,9.968082413650684,4.95167762044398,96.51033849111774,51.72082707928942,54.82528676276648,45.10488143370324,2.1160684442144793,available,232.10935552089498,49.994420050599985,0.0,0.0,normal,,normal,False
SOLAR_001,2026-01-05 14:45:00,solar,504.5485535720561,45.60427167177081,511.0994717352904,9.028558831431573,4.466422741679976,98.80385467380373,51.9043083739043,37.21043799802763,45.375720414798394,2.5350406931023035,available,228.74389347361037,49.958370908500214,0.0,0.0,normal,,normal,False
SOLAR_001,2026-01-05 15:00:00,solar,494.2270924459423,42.18304727106699,515.4710369397942,9.01940941903981,4.499961330484807,100.0,52.0,19.37077451329997,42.204385819712314,2.447905598478143,available,229.098431456634,50.00447567954065,0.0,1.0447754573150658,normal,,normal,False
SOLAR_001,2026-01-05 15:15:00,solar,392.69191918271076,39.281059808077664,510.7009201603121,7.164552945201561,3.5543466313163643,100.0,52.0,0.0,38.3035352077533,2.220527390459162,available,231.00877390292538,49.95318514167112,0.0,1.3338192408572023,normal,,normal,False
SOLAR_001,2026-01-05 15:30:00,solar,430.47992252020595,40.0589232626172,509.14181454016284,7.816035625269789,3.857521510489359,100.0,52.0,0.0,39.78830652762427,2.380464099812695,available,231.062431979682,49.94018870377867,0.0,1.477057410676664,normal,,normal,False
SOLAR_001,2026-01-05 15:45:00,solar,344.6168538224739,35.90333785492767,509.17214057039865,6.1592239531690405,3.0551541642783797,100.0,52.0,0.0,38.06153631090308,2.2184268013195063,available,228.73223628485687,49.88686933781372,0.0,0.8367273629588734,normal,,normal,False
SOLAR_001,2026-01-05 16:00:00,solar,323.25529598057,35.47603959768206,512.9185039676742,6.031345090992652,2.986342719807684,100.0,52.0,0.0,34.57565302881184,2.0047987322981298,available,226.76644649227148,50.008362865675046,0.0,0.9815439875095544,normal,,normal,False
SOLAR_001,2026-01-05 16:15:00,solar,351.00428729856856,36.594527553556055,505.11421221870904,6.54540362518941,3.1838910710022703,100.0,52.0,0.0,37.032239913930155,1.9809431796643695,available,234.227385442404,49.885061844161044,0.0,1.2029478913379008,normal,,normal,False
SOLAR_001,2026-01-05 16:30:00,solar,263.76600888369245,36.559224998428554,507.43704919041164,4.996857424859153,2.45559539713533,100.0,52.0,0.0,36.10473384618399,2.3032958478582284,available,231.9122480998711,49.98398796706245,0.0,0.15229954927710176,normal,,normal,False
SOLAR_001,2026-01-05 16:45:00,solar,197.29278155942362,32.77162208107979,504.9141641679059,3.590778744295457,1.759190048399748,99.33398450562674,51.94671876045014,-9.744056752802168,30.55772057956385,2.2653618241234272,available,230.3137060565887,50.034719848663215,0.0,0.0,normal,,normal,False
SOLAR_001,2026-01-05 17:00:00,solar,181.59022130666568,31.312789248243078,508.4559439873665,3.417581550976668,1.6747787202121303,98.68912643595853,51.89513011487668,-9.443894482256134,31.87175967152992,2.1648708531599783,available,230.3515504984801,49.963895215639795,0.0,0.0,normal,,normal,False
SOLAR_001,2026-01-05 17:15:00,solar,121.06161577228966,31.962363344250143,507.29349345665395,2.3663119481281973,1.156072816567548,97.56621259323273,51.80529700745862,-16.473499232110164,31.40623908530974,2.0094873370391566,available,231.24263405699304,49.94575857435002,0.0,0.0,normal,,normal,False
SOLAR_001,2026-01-05 17:30:00,solar,97.59037215722134,31.445309029824553,495.2693966546566,1.8156823661088093,0.8730940108245949,96.05626987093244,51.684501589674596,-22.203106030870188,31.764350246165893,2.020650479772819,available,231.48212657209,49.996607652122066,0.0,0.0,normal,,normal,False
SOLAR_001,2026-01-05 17:45:00,solar,21.148726617426746,28.661868113919443,505.4885002596601,0.4527350267737826,0.22111967989099854,93.76258421720907,51.50100673737673,-33.84790331806537,29.651587076491314,1.964320776720759,available,225.82726664502405,49.958569723576225,0.0,0.0,normal,,normal,False
SOLAR_001,2026-01-05 18:00:00,solar,0.5401176935569222,24.545601262203835,497.5569763741648,0.0,0.0,91.59072741067666,51.32725819285413,-32.158568976404574,24.780199646391925,1.6506111729646264,available,229.29825604126935,50.00928289614962,0.0,0.0,normal,,normal,False
SOLAR_001,2026-01-05 18:15:00,solar,0.0,24.62275932382241,500.9451687943867,0.0,0.0,88.98175472396917,51.11854037791753,-38.78865138242955,24.951058169726906,1.9828192418976915,available,229.09034008759136,49.94835850672441,0.0,0.0,normal,,normal,False
SOLAR_001,2026-01-05 18:30:00,solar,5.455833929105946,27.77068329924009,496.2443650384668,0.16869024616003694,0.08093579390659011,86.39646736628985,50.91171738930319,-38.59265592657271,26.902743375433015,2.0457541857428767,available,229.67713068299602,49.99477530369085,0.0,0.0,normal,,normal,False
SOLAR_001,2026-01-05 18:45:00,solar,2.244550997724243,24.87564521755414,501.48453841083915,0.13977804017882248,0.06839661917496888,83.9526061877722,50.716208495021775,-36.62210860765997,25.5824705784121,1.9257311148483836,available,231.54158788628362,49.982678963908,0.0,0.0,normal,,normal,False
SOLAR_001,2026-01-05 19:00:00,solar,0.0,23.598559402655884,510.2053958144844,0.009064232961800967,0.004486540282079928,81.01461313010691,50.48116905040855,-44.23183467870888,23.408875388865614,2.2373612641077063,available,226.41983960508537,49.99942391922442,0.0,0.0,normal,,normal,False
SOLAR_001,2026-01-05 19:15:00,solar,0.0,24.619700037385257,500.50866224514016,0.0,0.0,78.83771864109693,50.30701749128775,-32.886859411494626,22.621271430084725,1.6544398116475814,available,227.30171522887323,50.081757579700856,0.0,0.0,normal,,normal,False
SOLAR_001,2026-01-05 19:30:00,solar,0.0,24.597265255496804,498.1606091294146,0.0,0.0,76.60670323049565,50.12853625843965,-33.82448079703302,25.424509684208733,1.6955717120569656,available,228.63650992692874,50.00999054374586,0.0,0.0,normal,,normal,False
SOLAR_001,2026-01-05 19:45:00,solar,0.0,21.77719338949471,499.0713550612978,0.06381405751174848,0.030469530151835122,74.24209223261889,49.93936737860951,-35.985725344932995,22.910176242427223,1.8275738885381834,available,230.30869025293313,50.02522220611295,0.0,0.0,normal,,normal,False
SOLAR_001,2026-01-05 20:00:00,solar,0.0,22.517426622212252,494.1238801710479,0.0,0.0,71.84241675625246,49.747393340500196,-36.66027985739181,23.998549077770726,1.8237533620384865,available,231.66425122668076,49.96876034580757,0.0,0.0,normal,,normal,False
SOLAR_001,2026-01-05 20:15:00,solar,0.0,23.139763846703456,505.7958531446578,0.0,0.0,70.04011192712625,49.6032089541701,-27.614174546680633,25.31058684910968,1.3697516701359247,available,233.2626468391223,50.01116282094467,0.0,0.0,normal,,normal,False
SOLAR_001,2026-01-05 20:30:00,solar,11.25381475043038,19.86213062326535,501.2515324303864,0.19063636041174234,0.0928643264469359,67.73256899229169,49.418605519383334,-35.48729495789594,20.63566517089311,1.8465969569211964,available,229.4272916002313,49.986259827989606,0.0,0.0,normal,,normal,False
SOLAR_001,2026-01-05 20:45:00,solar,0.0,20.9224973546062,495.8044083748086,0.0,0.0,65.42604563555999,49.2340836508448,-35.604557272713855,21.43646947237474,1.7529577511160888,available,231.66096181924996,50.00148280203542,0.0,0.0,normal,,normal,False
SOLAR_001,2026-01-05 21:00:00,solar,0.0,18.828415520423928,495.934726839485,0.0,0.0,63.77088332016599,49.10167066561328,-25.618748662667812,19.919963262378996,1.2579233596994355,available,231.4203249565315,50.03244727854328,0.0,0.0,normal,,normal,False
SOLAR_001,2026-01-05 21:15:00,solar,0.0,18.635637623472572,500.0611295165953,0.0,0.0,61.61518564535353,48.92921485162828,-33.48368122859742,17.74864247679069,1.638330232857476,available,231.08333830214025,49.97498830798765,0.0,0.0,normal,,normal,False
SOLAR_001,2026-01-05 21:30:00,solar,4.0654770536979425,18.995656807060946,503.72798157335393,0.13433504706754998,0.06571765421501001,59.75260006868747,48.780208005495,-29.019249735604657,17.323687375916094,1.4812826924812108,available,229.9514381203236,49.98009772819958,0.0,0.0,normal,,normal,False
SOLAR_001,2026-01-05 21:45:00,solar,5.847924938842519,20.246456724589788,495.3960403650521,0.21759914563335658,0.10455336567384432,57.87020446878319,48.629616357502655,-29.41871154010315,19.769447916085362,1.5351740216010965,available,229.200936123119,49.975679266535906,0.0,0.0,normal,,normal,False
SOLAR_001,2026-01-05 22:00:00,solar,33.81082437587633,19.412489198133876,504.4536373674687,0.5075912051638948,0.24932643393406514,56.43159660374719,48.514527728299775,-22.53638298924614,20.68973337548689,1.3426684113614302,available,227.86920133879477,49.97471401782965,0.0,0.0,normal,,normal,False
SOLAR_001,2026-01-05 22:15:00,solar,0.0,17.764494160194552,499.6334657921724,0.03691968074449149,0.017991313526927025,54.24521017148656,48.339616813718926,-34.37457303233102,17.10339502801011,1.6796450020450049,available,227.73681426775656,50.00866176152868,0.0,0.0,normal,,normal,False
SOLAR_001,2026-01-05 22:30:00,solar,0.0,18.52385846294879,496.2790264599716,0.10913043440216216,0.052658663874236095,51.76632751015797,48.141306200812636,-39.13377037904153,18.98946905060791,1.936609486483966,available,230.694163646996,49.98180090373387,0.0,0.0,normal,,normal,False
SOLAR_001,2026-01-05 22:45:00,solar,7.670231042749675,16.65102439755128,498.1292382937081,0.21893797282975697,0.1062567935372225,49.765499400915814,47.98123995207327,-31.692164782380328,17.224321700266763,1.626886156561259,available,229.89115497943618,50.074897818178925,0.0,0.0,normal,,normal,False
SOLAR_001,2026-01-05 23:00:00,solar,0.0,18.581027000259795,506.99421550851883,0.0,0.0,48.274109193261616,47.86192873546093,-23.681798618729953,18.82529213770171,1.13345655781719,available,229.16898524431963,50.13395813555971,0.0,0.0,normal,,normal,False
SOLAR_001,2026-01-05 23:15:00,solar,0.0,19.418970952208646,494.44714665381866,0.0,0.0,46.148101520518054,47.69184812164144,-33.87928744476375,18.141338597040203,1.6157658312851062,available,231.3296172525936,49.97160288574064,0.0,0.0,normal,,normal,False
SOLAR_001,2026-01-05 23:30:00,solar,0.0,17.41403721093897,497.0724281762154,0.008145501013514477,0.0039027624410971694,44.15991824222742,47.53279345937819,-31.78898569873044,17.756742957051152,1.5149220539419783,available,229.59902166582245,50.014700142910236,0.0,0.0,normal,,normal,False
SOLAR_001,2026-01-05 23:45:00,solar,0.0,17.06751560358395,503.8103343385397,0.02459110521940777,0.011984882854952207,42.4246865386263,47.393974923090106,-27.82581745626815,16.645962139835927,1.330760977591808,available,228.17364169242956,50.05190037880276,0.0,0.0,normal,,normal,False
SOLAR_001,2026-01-06 00:00:00,solar,0.0,17.798679745799877,500.8658281738145,0.009564189226605702,0.004668253521679088,40.29829639026244,47.22386371122099,-34.22118365068317,19.5015409380055,1.6207247662782054,available,229.46700386193965,49.9867125468988,0.0,0.0,normal,,normal,False
SOLAR_001,2026-01-06 00:15:00,solar,0.0,14.091798908930071,496.8350367269678,0.0,0.0,38.02603792951494,47.0420830343612,-36.71003320381665,15.228677371865285,1.7269164301680997,available,231.641259694416,49.950280443034714,0.0,0.0,normal,,normal,False
SOLAR_001,2026-01-06 00:30:00,solar,0.0,17.865112155280126,503.8591729454593,0.0,0.0,36.1574180400371,46.89259344320297,-30.28519029819212,17.47881907936602,1.420151116003158,available,227.95297349564817,50.08690866557324,0.0,0.0,normal,,normal,False
SOLAR_001,2026-01-06 00:45:00,solar,0.0,21.667816242947072,504.04918293267673,0.0419292705574436,0.02057174445088833,34.56619657003015,46.765295725602414,-25.859524641971067,23.433552721438375,1.2299000616561682,available,230.41855363507509,50.03430786469026,0.0,0.0,normal,,normal,False
SOLAR_001,2026-01-06 01:00:00,solar,10.508157815273067,17.078689613709745,501.32556267407233,0.2632098737500649,0.1266205561005201,33.202540814555384,46.65620326516443,-22.213088541960953,17.422401023001605,1.1629989302613453,available,229.88914851121223,50.01593452264865,0.0,0.0,normal,,normal,False
SOLAR_001,2026-01-06 01:15:00,solar,10.819653073457287,17.106791313591714,497.5504136496659,0.24450529002725038,0.1189708173448931,31.46336501762743,46.517069201410195,-28.414808335026716,15.435154782149569,1.440744423010138,available,228.4783802172611,50.07252612000655,0.0,0.0,normal,,normal,False
SOLAR_001,2026-01-06 01:30:00,solar,0.0,18.175296470532853,498.1667815206626,0.011140209382533229,0.00537753413577556,29.426817672387717,46.35414541379102,-33.39023874921224,18.096991187726488,1.553153516517959,available,229.41329562592102,50.038511658691185,0.0,0.0,normal,,normal,False
SOLAR_001,2026-01-06 01:45:00,solar,0.0,19.60250203947433,501.1387042611936,0.1675433840439193,0.08196664194752715,27.569923578130787,46.20559388625046,-30.542611682677972,21.2377799674366,1.4932061535827943,available,226.8566339824427,49.99760324820197,0.0,0.0,normal,,normal,False
SOLAR_001,2026-01-06 02:00:00,solar,0.0,18.700970982627727,494.7522837551465,0.0,0.0,25.63093390738799,46.05047471259104,-32.00036826898569,17.881132479812464,1.4736321497645262,available,230.21928038831467,49.951168456712324,0.0,0.0,normal,,normal,False
SOLAR_001,2026-01-06 02:15:00,solar,0.0,14.138078775658936,505.31113952453245,0.12679664044833935,0.062231796197963485,23.42410919200441,45.87392873536035,-36.56078365049035,14.069838870523204,1.7394185798894857,available,227.27053403320528,49.97533341277878,0.0,0.0,normal,,normal,False
SOLAR_001,2026-01-06 02:30:00,solar,7.181674212642221,18.55748338423117,506.80083635470334,0.0729403707163924,0.035753100851651884,21.18752615878536,45.69500209270283,-37.19888450378086,17.197637066467365,1.735556206098129,available,232.14487443444557,50.060241160266926,0.0,0.0,normal,,normal,False
SOLAR_001,2026-01-06 02:45:00,solar,14.84888201305385,21.95100807746004,499.0561806006389,0.4122728494883978,0.20016345514340136,19.211963906097075,45.53695711248777,-32.97162145319005,20.74987511092489,1.7015907671864985,available,229.81605515393161,50.0341042827405,0.0,0.0,normal,,normal,False
SOLAR_001,2026-01-06 03:00:00,solar,0.0,18.871483743648128,501.4244179697232,0.122986386968795,0.059916092280697476,16.863038362604737,45.34904306900838,-39.365404256438985,18.037243999744177,1.8450995053348749,available,228.85637268686145,49.990666669031114,0.0,0.0,normal,,normal,False
SOLAR_001,2026-01-06 03:15:00,solar,18.933387489495356,16.92114453121194,504.7432081713973,0.3582013900144495,0.17570663389854305,15.025766943200313,45.202061355456024,-30.890765528745543,15.693746286420467,1.5720329126459052,available,232.3211186561129,50.088328159724774,0.0,0.0,normal,,normal,False
SOLAR_001,2026-01-06 03:30:00,solar,0.0,18.869271054589273,507.82224335427077,0.16353783984429568,0.08011699236681111,13.148097841137746,45.05184782729102,-31.675249437895452,18.25099696988682,1.5071455099343622,available,227.93630231155046,49.99213893568046,0.0,0.0,normal,,normal,False
SOLAR_001,2026-01-06 03:45:00,solar,0.0,16.816090470635558,506.2279253419628,0.04632655205945524,0.02274156036666025,11.012854288599529,44.88102834308796,-36.157484795665695,18.554373755136588,1.6455266602957046,available,228.50463418832933,50.04937589803656,0.0,0.0,normal,,normal,False
SOLAR_001,2026-01-06 04:00:00,solar,12.773913581481773,21.218805905134502,493.05784994656483,0.17403138319609682,0.08315601497771861,8.9423497745391,44.715387981963126,-35.191094200516936,21.18273333913541,1.6567394456636457,available,226.3415066759367,50.01100195236434,0.0,0.0,normal,,normal,False
SOLAR_001,2026-01-06 04:15:00,solar,30.080182114138452,18.702759965111092,498.7377852466899,0.5808079617654811,0.2816981346790379,7.483120743600933,44.598649659488075,-24.86653905399287,19.488281666023195,1.390712198192044,available,232.61901260866554,50.09664765187114,0.0,0.0,normal,,normal,False
SOLAR_001,2026-01-06 04:30:00,solar,8.881775787306516,20.07207984365965,502.0027530059329,0.2932386716487042,0.14351857717841118,5.410541598406322,44.432843327872504,-35.450356816571635,21.16364886056774,1.7186787275263156,available,233.7457313931864,50.037652274353064,0.0,0.0,normal,,normal,False
SOLAR_001,2026-01-06 04:45:00,solar,0.0,18.82433836587501,498.02313081239225,0.09267287448786919,0.04480336279403963,5.0,44.4,-7.027288621369477,17.7159019010032,2.076322351650022,available,226.65281204361588,50.002307974060656,1.7195073740671778,0.0,normal,,normal,False
SOLAR_001,2026-01-06 05:00:00,solar,0.0,19.680327913678013,507.13106698016145,0.0,0.0,5.0,44.4,-0.0,18.84881550125207,2.043702115827438,available,228.36845511876666,49.99105992606166,2.043702115827438,0.0,normal,,normal,False
SOLAR_001,2026-01-06 05:15:00,solar,0.0,23.133205137257733,506.51750069121056,0.0,0.0,5.0,44.4,-0.0,23.899023864718597,2.0172461264839585,available,230.13962716301612,49.99923137494689,2.0172461264839585,0.0,normal,,normal,False
SOLAR_001,2026-01-06 05:30:00,solar,2.3293716641256412,21.53463601238806,496.73627943496507,0.06802956016352595,0.03322014532802565,5.0,44.4,-0.0,20.900353006874514,1.9675868221483728,available,228.9686117259827,49.963730136442884,1.9343666768203471,0.0,normal,,normal,False
SOLAR_001,2026-01-06 05:45:00,solar,0.0,20.91112003228929,499.35039992037713,0.0,0.0,5.0,44.4,-0.0,21.610707203913925,2.2603482970748416,available,229.9373699877142,49.931664843123066,2.2603482970748416,0.0,normal,,normal,False
SOLAR_001,2026-01-06 06:00:00,solar,0.0,20.47042472795227,497.0017834552415,0.2372023402997563,0.1126000269671049,5.0,44.4,-0.0,22.147747148989918,1.7879664210264077,available,229.7648041165794,50.015436769505456,1.6753663940593029,0.0,normal,,normal,False
SOLAR_001,2026-01-06 06:15:00,solar,67.692388287966,21.519125223487098,500.52754880817815,1.3945930064991876,0.677312330364925,5.0,44.4,-0.0,20.063742336076366,1.8364659837609911,available,230.8151037203566,49.97332407433178,1.159153653396066,0.0,normal,,normal,False
SOLAR_001,2026-01-06 06:30:00,solar,128.67193352690444,24.42619404234822,501.7087944470675,2.5644000042364112,1.253980814743832,5.0,44.4,-0.0,24.069259879504745,2.28359584123673,available,228.0780690120921,49.97319123911773,1.029615026492898,0.0,normal,,normal,False
SOLAR_001,2026-01-06 06:45:00,solar,219.38234816950776,29.19467566179326,507.71883809931,4.365716525993221,2.148039135742522,5.064988919867683,44.40519911358941,1.232457292388853,28.996404289082317,2.0933116242749996,available,230.38531930048848,49.995557988172635,0.0,0.0,normal,,normal,False
SOLAR_001,2026-01-06 07:00:00,solar,234.282389678174,31.32741039503835,501.6225222471151,4.515880141862714,2.1920980269970047,5.314203747622959,44.425136299809836,4.724017427732794,30.80104394396793,1.9822329088872983,available,227.7677451541816,50.00261117191987,0.0,0.0,normal,,normal,False
SOLAR_001,2026-01-06 07:15:00,solar,330.6946542568401,31.8846610223987,495.9617908862402,6.585686960690378,3.163901768127726,6.393485784148595,44.511478862731884,20.418757287145045,31.27668701573315,2.2550326847377167,available,229.17628416793684,50.000368800579245,0.0,0.0,normal,,normal,False
SOLAR_001,2026-01-06 07:30:00,solar,353.7468653173991,36.11317037955386,501.2354963183625,6.577411396819006,3.2070294840057643,7.7264727406362415,44.6181178192509,25.158285168514013,35.621049564805496,2.0845141522266935,available,226.52649734497996,50.08691476759042,0.0,0.0,normal,,normal,False
SOLAR_001,2026-01-06 07:45:00,solar,421.8216970147115,34.83492404613835,504.7325673535531,7.983615788687734,3.8855638462224036,9.928144094364342,44.79425152754915,41.39011081763778,34.819673320176534,2.0315248115040037,available,229.19090361709686,50.03311897339557,0.0,0.0,normal,,normal,False
SOLAR_001,2026-01-06 08:00:00,solar,519.8448489110605,38.450836954174335,507.3772336440117,9.79785403881678,4.851617928661505,13.252773940205813,45.06022191521647,62.13214609778677,38.615721755808046,2.051929637426582,available,228.85452483418405,50.105390778916515,0.0,0.0,normal,,normal,False
SOLAR_001,2026-01-06 08:15:00,solar,529.2351545327058,37.861590039933894,511.86010226285293,9.96090374132239,4.944204105117918,16.37576549851981,45.310061239881584,58.04202325242249,38.815000882576875,2.314316477064024,available,231.88715871347733,49.97805048150678,0.0,0.0,normal,,normal,False
SOLAR_001,2026-01-06 08:30:00,solar,648.0575633107314,44.366365711175696,507.856052958059,11.696011147136602,5.7339236479000215,20.43561176132477,45.63484894090598,74.91682310479652,44.341247042365694,2.315105742380057,available,229.8814798553608,50.039186032156415,0.0,0.0,normal,,normal,False
SOLAR_001,2026-01-06 08:45:00,solar,656.2764794056026,46.64919873773993,508.3425139409616,11.704626608810193,5.804909724191993,24.241376781777873,45.93931014254223,69.76279670116132,47.7673736850409,2.600054970126221,available,230.24500646620763,49.98082937296851,0.0,0.0,normal,,normal,False
SOLAR_001,2026-01-06 09:00:00,solar,713.6812357404034,42.69930545210579,510.4243459531225,13.047806681348968,6.408668418591193,28.991376781777873,46.31931014254223,86.35707197906166,42.10750537535752,2.260180202213646,available,229.95509594300563,49.97194340710376,0.0,0.1484882163775474,normal,,normal,False
SOLAR_001,2026-01-06 09:15:00,solar,724.5464030078053,45.483408603380305,510.57418014494044,12.967097420507985,6.403665879648125,33.74137678177787,46.69931014254223,85.6543702206871,44.282045765768686,2.2768980236059573,available,225.74178231118825,50.107277131320316,0.0,0.1267678560421679,normal,,normal,False
SOLAR_001,2026-01-06 09:30:00,solar,842.804026729743,51.22860044187967,513.6490918286421,14.660570199559112,7.282952234749631,38.49137678177787,47.07931014254223,84.96301215734009,50.92384640746775,2.644935709236439,available,226.00610747965666,49.96159258653024,0.0,0.6380165255131924,normal,,normal,False
SOLAR_001,2026-01-06 09:45:00,solar,860.6799645702505,47.962001537818345,514.2402426624707,15.284884102890404,7.708557451885559,43.24137678177787,47.45931014254223,84.28272530692402,48.424494192390334,2.5712906841916636,available,229.3626447332384,49.888413299838874,0.0,1.1372667676938955,normal,,normal,False
SOLAR_001,2026-01-06 10:00:00,solar,843.0834196111234,50.87685881904056,520.076735343584,14.480507491220934,7.27925143865952,47.99137678177787,47.83931014254223,83.61324584492505,51.737325522185316,2.4186910924555454,available,230.55711997634762,49.964602534541754,0.0,0.8605603462039744,normal,,normal,False
SOLAR_001,2026-01-06 10:15:00,solar,934.4485185288195,54.45629991588469,513.9793372903753,15.847325902130917,7.813079030330973,52.74137678177787,48.21931014254223,82.95431826327474,55.91653350150723,2.0913901891734477,available,229.53026961455978,49.89958381691263,0.0,1.7216888411575262,normal,,normal,False
SOLAR_001,2026-01-06 10:30:00,solar,920.8148714111322,52.69118838885221,517.0472041369067,15.710666462012313,7.855830609016214,57.49137678177787,48.59931014254223,82.30569504521695,52.9813886928359,2.2533748331734325,available,228.2718820501331,49.95243377494641,0.0,1.602455775842782,normal,,normal,False
SOLAR_001,2026-01-06 10:45:00,solar,996.2054272809687,55.55081757455224,516.758511870235,16.92310090726892,8.502721043112201,62.24137678177787,48.97931014254223,81.66713635530971,56.30384358038607,2.21529959879525,available,229.51937376126858,49.9570667089575,0.0,2.2874214443169514,normal,,normal,False
SOLAR_001,2026-01-06 11:00:00,solar,931.2927443759716,55.98585001508177,522.5540564299316,15.434729278621242,7.855136075298394,66.99137678177787,49.35931014254223,81.03840974374651,57.35462938246323,2.4419569772099545,available,229.3458289319112,50.00176408824258,0.0,1.41317909808844,normal,,normal,False
SOLAR_001,2026-01-06 11:15:00,solar,969.8413751734739,57.44678340121739,518.9985885039937,16.232850331640822,8.267978875890794,71.74137678177787,49.73931014254223,80.41928986423123,56.6675365030788,2.339685153273145,available,231.55800649776475,49.89752016863598,0.0,1.9282937226176493,normal,,normal,False
SOLAR_001,2026-01-06 11:30:00,solar,941.3776992839033,53.90864839012487,524.031684121073,15.754035759187648,8.066019489521336,76.49137678177787,50.11931014254223,79.80955820468732,53.698507390733944,2.7667311661866747,available,231.4460399637316,50.059797611304056,0.0,1.299288323334661,normal,,normal,False
SOLAR_001,2026-01-06 11:45:00,solar,949.9459671626051,53.57859331158202,515.3476977607528,16.485048599892323,8.2486484000293,81.24137678177787,50.49931014254223,79.20900283012524,56.34950652211497,2.1347490727025695,available,228.89317094471272,49.9062115368296,0.0,2.11389932732673,normal,,normal,False
SOLAR_001,2026-01-06 12:00:00,solar,936.5751694723275,52.795889854221116,519.8025335662608,16.222874399192527,8.142125321085569,85.99137678177787,50.87931014254223,78.61741813703247,53.65227879652369,2.2177320566174576,available,229.90015149230157,49.993612458867304,0.0,1.9243932644681117,normal,,normal,False
SOLAR_001,2026-01-06 12:15:00,solar,988.5194715901374,57.04392997821912,517.6536143966523,16.546282443285577,8.377836571469727,90.74137678177787,51.25931014254223,78.03460461868826,57.55463028691549,2.497962272433342,available,230.55239857238482,49.98379225945062,0.0,1.879874299036385,normal,,normal,False
SOLAR_001,2026-01-06 12:30:00,solar,1015.863335758135,54.2790340868836,514.9247128359337,17.442805090292715,8.695727766038669,95.49137678177787,51.63931014254223,77.46036864084022,55.17272493120932,2.5504373975710486,available,230.84928879088136,50.04126751799507,0.0,2.14529036846762,normal,,normal,False
SOLAR_001,2026-01-06 12:45:00,solar,986.369153580808,55.265380245203616,519.3456614441243,16.600808458520852,8.334539410485673,100.0,52.0,73.01414118578344,53.929703099564264,1.9239261300022856,available,233.3051961815809,50.01757716374504,0.0,2.6138779388226485,normal,,normal,False
SOLAR_001,2026-01-06 13:00:00,solar,960.8119524519249,55.17433346772982,526.2502275587223,16.02465688882371,8.162404080492902,100.0,52.0,0.0,54.527507039148155,2.0875845899970322,available,229.94370473731678,50.05934364606304,0.0,6.0748194904958694,normal,,normal,False
SOLAR_001,2026-01-06 13:15:00,solar,903.1324439227434,52.808819791660675,515.5269673781976,15.744852401539982,7.822565663020984,100.0,52.0,0.0,51.79652191218263,2.3733978196446746,available,232.33748960841302,49.981927335401096,0.0,5.449167843376309,normal,,normal,False
SOLAR_001,2026-01-06 13:30:00,solar,969.171425894817,55.589130074515786,517.9677707228747,16.37656989212981,8.208336590217128,100.0,52.0,0.0,56.00773839422495,2.6869545159270722,available,227.6798338447128,49.976762663516595,0.0,5.521382074290056,normal,,normal,False
SOLAR_001,2026-01-06 13:45:00,solar,909.8262697760282,57.457923684662454,512.6885283522836,15.414267186393092,7.656425473709091,100.0,52.0,0.0,57.08895761975218,2.7811449107331034,available,228.72465235089857,50.02063954925266,0.0,4.875280562975988,normal,,normal,False
SOLAR_001,2026-01-06 14:00:00,solar,845.5218712763873,51.71712968041334,511.4835969880727,14.67201606130256,7.306776729833601,100.0,52.0,0.0,51.812518169543765,2.3068119336703923,available,225.72835116597727,50.05146009397639,0.0,4.9999647961632085,normal,,normal,False
SOLAR_001,2026-01-06 14:15:00,solar,820.2748406599951,50.482273481824535,513.4803829286793,14.458116433468572,7.186834628047805,100.0,52.0,0.0,50.17125723452571,2.3400319300520622,available,230.30261308001948,50.0412534548041,0.0,4.846802697995743,normal,,normal,False
SOLAR_001,2026-01-06 14:30:00,solar,794.2988104264087,51.84762472481201,514.067134759308,13.474550006223193,6.675121283325332,100.0,52.0,0.0,50.22121879732637,2.189635851674127,available,231.29504790971765,50.01609071067338,0.0,4.485485431651204,normal,,normal,False
SOLAR_001,2026-01-06 14:45:00,solar,750.3984276336972,49.39744534778953,513.4144639858549,13.146361660266614,6.492922699196201,100.0,52.0,0.0,50.28242178494355,2.464969193342764,available,224.88922978050712,50.01163312511339,0.0,4.027953505853437,normal,,normal,False
SOLAR_001,2026-01-06 15:00:00,solar,631.65080274975,48.012451552051886,513.2380355634141,11.169827615472334,5.566804058145883,100.0,52.0,0.0,46.25025511491394,2.623903968432733,available,230.37657273518167,49.998185543809974,0.0,2.94290008971315,normal,,normal,False
SOLAR_001,2026-01-06 15:15:00,solar,664.602686269976,46.6823858725968,506.59358573918786,11.915993984748654,5.857661190601582,100.0,52.0,0.0,45.95473913332548,2.5479097642710413,available,231.20842069446368,50.0204965082241,0.0,3.3097514263305405,normal,,normal,False
SOLAR_001,2026-01-06 15:30:00,solar,644.8836655116706,45.302930207873864,509.6714437341466,11.71007887876327,5.772702521288975,100.0,52.0,0.0,43.98745792788575,2.268142520522841,available,231.09447519267687,50.10174672222396,0.0,3.5045600007661344,normal,,normal,False
SOLAR_001,2026-01-06 15:45:00,solar,543.8183205194044,40.18274933319613,513.1184385540067,10.071784390025952,5.000898613609007,100.0,52.0,0.0,39.30300816298923,2.0823002638317765,available,227.6082777599307,49.987871330922154,0.0,2.91859834977723,normal,,normal,False
SOLAR_001,2026-01-06 16:00:00,solar,525.8431644090326,39.66622453781404,504.56701970842187,9.670359181284013,4.742441789790578,100.0,52.0,0.0,39.86808310063378,2.226639400861964,available,231.5462399461845,49.98177549192923,0.0,2.515802388928614,normal,,normal,False
SOLAR_001,2026-01-06 16:15:00,solar,397.54710514975704,35.800550298803756,507.4251910249997,7.702408853763434,3.8183184245074173,100.0,52.0,0.0,37.035573259406576,2.475187251485266,available,230.0186089947708,49.97794720670234,0.0,1.3431311730221513,normal,,normal,False
SOLAR_001,2026-01-06 16:30:00,solar,404.1255980108224,38.93347870275797,508.82504368705406,7.359814672700834,3.6179046281719707,100.0,52.0,0.0,37.372483713824266,2.0921041248949668,available,231.18207523783303,50.01946863790612,0.0,1.525800503277004,normal,,normal,False
SOLAR_001,2026-01-06 16:45:00,solar,317.76562331208606,33.78975799413818,503.29972161796854,6.219682458854962,3.0378450079810553,100.0,52.0,0.0,33.23254997583725,1.781561953516872,available,229.74828421830594,49.893912736545154,0.0,1.2562830544641832,normal,,normal,False
SOLAR_001,2026-01-06 17:00:00,solar,249.89672358368483,35.6307841384712,506.5424784866938,4.738387791130745,2.339689032581886,100.0,52.0,0.0,33.88173984552857,2.044466719632641,available,230.7620747341109,49.99324691484328,0.0,0.29522231294924506,normal,,normal,False
SOLAR_001,2026-01-06 17:15:00,solar,210.16184041654765,32.39543668923063,497.81730132278244,4.0461908425959585,1.9460193971012096,99.88688671433108,51.990950937146486,-1.6534819148106632,31.790024663536528,2.03198549420959,available,232.21847160008156,50.044032342562495,0.0,0.0,normal,,normal,False
SOLAR_001,2026-01-06 17:30:00,solar,118.66297318053144,29.27907797741641,506.16432213612984,2.2637918371545958,1.1113855805453368,99.11966095946295,51.929572876757035,-11.22850702207048,29.35097004604936,1.6944771542451238,available,229.59195589179518,49.97368846030689,0.0,0.0,normal,,normal,False
SOLAR_001,2026-01-06 17:45:00,solar,36.392409534768966,25.89410388268485,502.7712655169776,0.7179147592233943,0.35004993268919465,96.84888603595763,51.74791088287661,-33.349924903636975,26.661181449837414,2.075838874553228,available,230.56820961779343,50.009335231490695,0.0,0.0,normal,,normal,False
SOLAR_001,2026-01-06 18:00:00,solar,0.0,26.745121438122954,500.22266161403786,0.020832508986227523,0.010039941963103437,94.09735841663135,51.527788673330505,-40.58316967462469,24.62655945165085,2.1012009326510794,available,232.49953739051358,50.105466773165325,0.0,0.0,normal,,normal,False
SOLAR_001,2026-01-06 18:15:00,solar,0.0,24.158885524799278,504.4992721052234,0.0,0.0,91.0150595813549,51.281204766508395,-45.68042278796087,24.7094373447238,2.342547114810098,available,229.73353967038048,50.016579993748934,0.0,0.0,normal,,normal,False
SOLAR_001,2026-01-06 18:30:00,solar,8.846146618912625,23.656770004908356,498.6826037630535,0.15488762612037474,0.07493475426161746,88.9099897552092,51.11279918041674,-31.300439293563507,22.684129995836344,1.674787822132354,available,227.7492076691643,49.88803866893564,0.0,0.0,normal,,normal,False
SOLAR_001,2026-01-06 18:45:00,solar,37.15010164182003,27.169099326564528,497.52857555015237,0.662764112571979,0.32076694104758535,86.6237440969159,50.92989952775327,-34.1164368360096,25.952908549370964,2.058313641350495,available,231.352086248312,49.929505781672134,0.0,0.0,normal,,normal,False
SOLAR_001,2026-01-06 19:00:00,solar,24.52424839200383,25.14503795096263,505.490177136389,0.3646910227637872,0.1777232986709517,84.12482914787894,50.72998633183032,-37.43693816208383,25.212525646054377,2.076898659939041,available,232.86975522121875,49.987449837428876,0.0,0.0,normal,,normal,False
SOLAR_001,2026-01-06 19:15:00,solar,0.0,23.189783953016594,507.3630632089392,0.0,0.0,81.54683384945704,50.52374670795656,-38.77931773599224,23.816930257514162,1.9592764268006393,available,232.57756702563512,49.959808704589385,0.0,0.0,normal,,normal,False
SOLAR_001,2026-01-06 19:30:00,solar,25.57936688525611,24.687950303691615,497.22624917552895,0.39944435534900186,0.19402795216417057,79.66209151169032,50.372967320935224,-28.435969784678555,24.587495568558655,1.6264321288668848,available,231.42997553265775,50.00516916029003,0.0,0.0,normal,,normal,False
SOLAR_001,2026-01-06 19:45:00,solar,16.85520750626365,23.069145743209745,499.54502705156875,0.29796338534313355,0.1459268825930486,77.76464694503255,50.221171755602604,-28.714142268076895,21.976015098637646,1.587984753252947,available,225.3116848318165,49.98527119888591,0.0,0.0,normal,,normal,False
SOLAR_001,2026-01-06 20:00:00,solar,0.0,22.76278640995988,504.18017017304584,0.04288892454060425,0.02111343886136461,75.43132337714387,50.03450587017151,-35.44205905014407,22.66180540881702,1.794439350456763,available,228.72833454600737,50.05830357664156,0.0,0.0,normal,,normal,False
SOLAR_001,2026-01-06 20:15:00,solar,0.0,20.524651889314686,499.68741999275693,0.012078586467086969,0.005818930998046215,73.1126260138381,49.849010081107046,-35.35095267178185,19.799473355814953,1.7680289271104377,available,228.8307990246824,49.94543342764117,0.0,0.0,normal,,normal,False
SOLAR_001,2026-01-06 20:30:00,solar,19.71940340692457,24.91979897198342,502.37835403495194,0.5891466684065985,0.2877627980883967,71.36735260076976,49.70938820806158,-26.683245192642072,25.523831446938317,1.6141705920203344,available,230.08973678365624,49.989625030891155,0.0,0.0,normal,,normal,False
SOLAR_001,2026-01-06 20:45:00,solar,9.907803196826135,20.282244296873305,503.12161438995355,0.0,0.0,68.78627130351764,49.50290170428141,-39.6264000367066,21.357602128175902,1.96162178591162,available,233.37652966888135,50.01086292436376,0.0,0.0,normal,,normal,False
SOLAR_001,2026-01-06 21:00:00,solar,0.0,22.834024490424966,497.75078169777385,0.04714618072655933,0.02279634840606024,66.70883014093661,49.33670641127493,-32.001635261180816,23.84548648130974,1.6016516319676417,available,227.83891673288562,50.0170567221751,0.0,0.0,normal,,normal,False
SOLAR_001,2026-01-06 21:15:00,solar,10.993358804331494,20.10253906501436,501.67709865360104,0.22406480599324333,0.10860191894845338,65.16365906348635,49.21309272507891,-23.862146307739835,20.082790567034344,1.282931937810653,available,234.48440417719286,50.0073402629289,0.0,0.0,normal,,normal,False
SOLAR_001,2026-01-06 21:30:00,solar,0.0,20.9493156704214,499.97522922196026,0.08157107539520285,0.03921060423780016,63.112383945420326,49.04899071563363,-31.783917813282926,22.071976354983637,1.5981796939679769,available,229.23534407345153,49.87943632883209,0.0,0.0,normal,,normal,False
SOLAR_001,2026-01-06 21:45:00,solar,0.0,20.485914542838724,495.132525626425,0.07235085226969902,0.03468685375560144,60.892375405476386,48.871390032438114,-34.523398848232475,19.464934256217127,1.7218933441129958,available,228.46619737305312,50.004164603900406,0.0,0.0,normal,,normal,False
SOLAR_001,2026-01-06 22:00:00,solar,20.483221849200877,21.28261071064926,496.0413894142864,0.4024430211388425,0.1943608035888769,58.93932278031805,48.71514582242544,-30.46937395057629,23.06547704307405,1.6786807987092118,available,231.69040942462357,49.99246228135624,0.0,0.0,normal,,normal,False
SOLAR_001,2026-01-06 22:15:00,solar,0.331095880283757,17.48446318390804,497.39033230241455,0.02421248825051609,0.011699107837675096,56.76622715413305,48.54129817233064,-34.02366104913975,16.45788110650992,1.6632517837382796,available,231.84860853364825,50.04320548764564,0.0,0.0,normal,,normal,False
SOLAR_001,2026-01-06 22:30:00,solar,0.0,20.059979719879646,503.7140794032104,0.0,0.0,54.28852713671034,48.343082170936825,-38.951840236064236,18.029860529529078,1.8830520132412565,available,231.29989382204747,50.03614851542847,0.0,0.0,normal,,normal,False
SOLAR_001,2026-01-06 22:45:00,solar,16.008232567902287,21.3495783044469,503.8454326492533,0.38325999227645263,0.18751957307075096,52.75773272313663,48.22061861785093,-24.12668662623384,22.715014713941603,1.3509233273867776,available,228.46108906638798,50.01204222554966,0.0,0.0,normal,,normal,False
SOLAR_001,2026-01-06 23:00:00,solar,17.545532671558465,17.988421021435105,502.99965167328645,0.171833915478524,0.08401424904425252,50.9201308028004,48.07361046422403,-29.050812825777935,17.27828660023248,1.4805917084997844,available,231.00405625547813,50.01565820642029,0.0,0.0,normal,,normal,False
SOLAR_001,2026-01-06 23:15:00,solar,23.580714471605106,18.36346777177449,501.76044281306247,0.5598453156965757,0.27322470756975165,48.822193008259774,47.90577544066078,-33.28268270755462,18.48020665427971,1.867657431420627,available,227.93288451219868,50.067619154961484,0.0,0.0,normal,,normal,False
SOLAR_001,2026-01-06 23:30:00,solar,15.738163712034972,17.14112740150163,501.65130522862574,0.32127960631335173,0.15611387134688332,47.50079042452024,47.800063233961616,-21.009720399878493,16.110319354577353,1.1603798349889285,available,228.40550827203958,50.057514805354785,0.0,0.0,normal,,normal,False
SOLAR_001,2026-01-06 23:45:00,solar,19.46474629086864,17.338453372528328,501.1102417982193,0.351738098260785,0.17104482783589223,45.69923809917,47.6559390479336,-28.730517006264957,19.702056779868784,1.5402245951020748,available,229.8102596717915,50.01376660011306,0.0,0.0,normal,,normal,False
SOLAR_001,2026-01-07 00:00:00,solar,13.192354033875622,20.135462265222152,501.63038822168653,0.24492907808538883,0.12024886980984152,43.49458631859426,47.47956690548754,-35.28960903482698,21.957279935279715,1.7957842230474068,available,228.3600728001978,50.1072709143813,0.0,0.0,normal,,normal,False
SOLAR_001,2026-01-07 00:15:00,solar,4.779515684096495,15.747639140084495,501.90145033465683,0.08289319992520562,0.04038563619632604,41.18750592578753,47.295000474063,-37.07328641416728,17.294193071308857,1.7937667347294406,available,232.10549649575728,49.96859018377215,0.0,0.0,normal,,normal,False
SOLAR_001,2026-01-07 00:30:00,solar,1.6111619957486536,15.686986787500885,494.38231133709047,0.1650079240882151,0.07914704994419387,39.073392719199546,47.12587141753596,-34.0943517578963,15.775344524775234,1.685873086951056,available,228.8436649361808,49.94072784459534,0.0,0.0,normal,,normal,False
SOLAR_001,2026-01-07 00:45:00,solar,0.0,19.431338941951342,496.83901141622306,0.32540657928928995,0.1569076117680936,37.04862051866956,46.963889641493566,-32.766171715112925,20.412038171701703,1.695734484170885,available,229.5590875634378,49.999458099655584,0.0,0.0,normal,,normal,False
SOLAR_001,2026-01-07 01:00:00,solar,0.0,17.936822638832545,495.88431350207185,0.12299953748640664,0.059097279910336586,35.340684369131985,46.82725474953056,-27.71957230017991,17.883770575173855,1.357128753558892,available,228.23960343665198,49.9813095068937,0.0,0.0,normal,,normal,False
SOLAR_001,2026-01-07 01:15:00,solar,0.0,20.195542910893565,504.42858003061605,0.0,0.0,32.90842534477272,46.63267402758182,-39.639949821871625,21.31774425728702,1.8485168585130396,available,232.07521962284332,49.87673293452659,0.0,0.0,normal,,normal,False
SOLAR_001,2026-01-07 01:30:00,solar,0.0,16.384228013644545,506.61640041433446,0.062155688581164596,0.030577273963277044,31.17991929983919,46.49439354398714,-28.254258073216103,15.973618649962836,1.3442418681127624,available,228.6677460513006,49.96738095950043,0.0,0.0,normal,,normal,False
SOLAR_001,2026-01-07 01:45:00,solar,4.346138872843728,17.432578214854836,491.3238083183513,0.15965725320599436,0.07589175725687175,29.479349687761896,46.358347975020955,-27.87918382844744,19.01728263059175,1.3683246624356151,available,232.28402220548952,50.01717925769024,0.0,0.0,normal,,normal,False
SOLAR_001,2026-01-07 02:00:00,solar,25.93462676407674,16.895869469420735,506.2592584474866,0.43751364907373647,0.21468932108384828,27.540962749017286,46.20327701992138,-31.884623093091808,16.434997156171676,1.6878633945297516,available,232.1370871705645,49.997098612712236,0.0,0.0,normal,,normal,False
SOLAR_001,2026-01-07 02:15:00,solar,0.0,17.586440846505806,500.3468854941261,0.0,0.0,25.53144199201674,46.04251535936134,-33.17012034204378,17.239149942180497,1.5272357753204147,available,229.10811809810951,49.96117692941529,0.0,0.0,normal,,normal,False
SOLAR_001,2026-01-07 02:30:00,solar,18.062573235797952,15.323262557389487,504.0508792766348,0.3659415440887219,0.1790191779416481,23.55076941473352,45.88406155317868,-32.80684202270593,14.856733582697633,1.684330336676896,available,230.05933561652202,50.002116275977805,0.0,0.0,normal,,normal,False
SOLAR_001,2026-01-07 02:45:00,solar,19.427681815778172,19.235014689648146,502.0258686183396,0.47635435791844644,0.2326664723460091,21.557139111911813,45.724571128952945,-33.13664825573603,19.42746705436483,1.7478255024905054,available,229.0525820468641,50.006153623962156,0.0,0.0,normal,,normal,False
SOLAR_001,2026-01-07 03:00:00,solar,0.0,18.423033298747438,505.76158021439966,0.0,0.0,18.876318195673438,45.51010545565387,-44.76860415817928,18.03483745582158,2.0374238963411635,available,231.09144399051397,50.03575371919307,0.0,0.0,normal,,normal,False
SOLAR_001,2026-01-07 03:15:00,solar,10.704423804663309,18.360991315299888,500.83896973342996,0.1474366405780481,0.07088524115802558,16.61427338098893,45.32914187047911,-37.92602260312885,18.84824688450685,1.7900393003182509,available,229.6110573773422,49.96792496772357,0.0,0.0,normal,,normal,False
SOLAR_001,2026-01-07 03:30:00,solar,0.0,17.860980131061858,494.54618216474836,0.05789668686590313,0.02785812720444538,14.542572895581117,45.163405831646486,-34.86212653622936,17.379993147660507,1.602350496114384,available,229.16503867245447,50.043692839525825,0.0,0.0,normal,,normal,False
SOLAR_001,2026-01-07 03:45:00,solar,23.798446093412583,17.989951518930322,499.5773004649072,0.4939050909710922,0.2394897319457162,12.377044928695998,44.99016359429568,-36.58135742012197,18.780740040114356,1.885290986778406,available,230.09235832648008,49.945467851287034,0.0,0.0,normal,,normal,False
SOLAR_001,2026-01-07 04:00:00,solar,11.44518008878678,20.42795140196298,502.06262418442725,0.3731777465118817,0.18080738847665537,10.498305755660574,44.839864460452844,-31.8431330845397,21.94631842007154,1.6086491599835775,available,226.83556847294824,49.97483115404002,0.0,0.0,normal,,normal,False
SOLAR_001,2026-01-07 04:15:00,solar,0.0,17.62794431574441,499.13615559386255,0.0,0.0,7.888304184243919,44.63106433473951,-44.4444071375793,17.705491459539456,1.9836011942766576,available,229.84830351038985,50.084949660080035,0.0,0.0,normal,,normal,False
SOLAR_001,2026-01-07 04:30:00,solar,2.907443738769241,20.57919995848205,502.6309268886107,0.2928526783407189,0.14175169009660796,5.652822145753192,44.45222577166025,-38.220051296871155,22.7975283932519,1.8407180393495608,available,231.29922394027875,49.948806111620144,0.0,0.0,normal,,normal,False
SOLAR_001,2026-01-07 04:45:00,solar,29.666018912829834,23.964335933897715,499.7372104454382,0.44221147339365546,0.21551496297461745,5.0,44.4,-11.174433125505091,25.091865276769415,1.935461003844967,available,230.27610876052233,49.96706163436846,1.2238012100979239,0.0,normal,,normal,False
SOLAR_001,2026-01-07 05:00:00,solar,0.0,22.728282232966446,497.61796272354053,0.0,0.0,5.0,44.4,-0.0,24.86651874474135,1.5274006342809296,available,231.90331313144972,49.937344446970286,1.5274006342809296,0.0,normal,,normal,False
SOLAR_001,2026-01-07 05:15:00,solar,8.058870541711226,18.847759018003792,495.65608646675383,0.16064822597956852,0.07633417653063074,5.0,44.4,-0.0,18.78656009095195,1.4620602360564448,available,229.24540382427844,49.9586366808344,1.385726059525814,0.0,normal,,normal,False
SOLAR_001,2026-01-07 05:30:00,solar,9.825819079304615,20.761754359912032,498.43273846986665,0.08667370828869359,0.04194350345718161,5.0,44.4,-0.0,19.100295159628764,1.6409783670182903,available,229.0814185753475,50.00691815790144,1.5990348635611087,0.0,normal,,normal,False
SOLAR_001,2026-01-07 05:45:00,solar,0.0,22.382099853710876,500.8182865988013,0.0,0.0,5.0,44.4,-0.0,21.675962629450158,2.319722762986129,available,227.76536199204767,50.03532711464215,2.319722762986129,0.0,normal,,normal,False
SOLAR_001,2026-01-07 06:00:00,solar,9.19274308584325,22.31266237840691,492.1624327829762,0.18130040234837413,0.08630393345653493,5.0,44.4,-0.0,21.708525688239643,1.7703690354305819,available,229.18851019290256,49.99906809332407,1.684065101974047,0.0,normal,,normal,False
SOLAR_001,2026-01-07 06:15:00,solar,41.51568368635829,21.573151260622428,498.18775694174275,0.8251082834989854,0.3972108361435795,5.0,44.4,-0.0,20.620125811860383,2.1758933685513506,available,233.93178524992874,49.98376550753897,1.778682532407771,0.0,normal,,normal,False
SOLAR_001,2026-01-07 06:30:00,solar,106.2368943329986,26.320212939994843,494.62375566530346,2.0513332956506636,0.9835536434597615,5.0,44.4,-0.0,24.12430829369585,1.9303552267168822,available,230.5510867303729,49.937861305694,0.9468015832571207,0.0,normal,,normal,False
SOLAR_001,2026-01-07 06:45:00,solar,183.0292347900669,28.102883622466223,501.4335070244104,3.647958090758583,1.7698946102575388,5.0,44.4,-0.0,29.12753036317848,2.03978462506341,available,228.82892756840357,49.9636434772409,0.26989001480587116,0.0,normal,,normal,False
SOLAR_001,2026-01-07 07:00:00,solar,240.38873369320834,32.88120645523588,509.9656398391993,4.534106165138609,2.2214056491189123,5.135233841680998,44.41081870733448,2.564265490962959,31.02118729347147,2.1075245192822822,available,227.98771612386588,49.92269821006395,0.0,0.0,normal,,normal,False
SOLAR_001,2026-01-07 07:15:00,solar,285.4060364195218,31.213129761172876,501.68432377914786,5.657567684786939,2.7712162618455864,5.488886561746025,44.43911092493968,6.701592599363395,32.14200904501318,2.4734034449487217,available,226.80293854846815,50.03682798124423,0.0,0.0,normal,,normal,False
SOLAR_001,2026-01-07 07:30:00,solar,355.8197449083608,35.56118204623927,510.4663076307471,6.6583508090231565,3.2927451479231404,6.680704902171696,44.53445639217374,22.53617936553368,37.746732015709114,2.289108650722575,available,228.33921286118536,50.04030365993236,0.0,0.0,normal,,normal,False
SOLAR_001,2026-01-07 07:45:00,solar,384.53364928552196,33.07834088155599,520.2410743136293,7.059896934480445,3.5492214831310034,8.1926120237279,44.65540896189823,28.51132649025148,32.30000760920163,2.276036538662621,available,231.5183870170773,49.997977620033424,0.0,0.0,normal,,normal,False
SOLAR_001,2026-01-07 08:00:00,solar,470.0170837401743,36.02014646237724,515.8141525250294,8.546874885310956,4.25146721719575,10.291075966521444,44.82328607732172,39.42431904089216,36.407716953511276,2.4843396864222393,available,229.14593645351607,50.02207254919423,0.0,0.0,normal,,normal,False
SOLAR_001,2026-01-07 08:15:00,solar,532.6027088903694,40.6476369190956,511.6454581819569,9.741242857129123,4.853747669560775,13.53340273599839,45.08267221887987,60.56385531447786,40.24900462780088,2.1233672321065042,available,228.08365650371485,50.04381162866736,0.0,0.0,normal,,normal,False
SOLAR_001,2026-01-07 08:30:00,solar,508.3862219288312,41.01403574568747,515.6089664033603,9.10525163719545,4.523427840486817,15.950934950923985,45.27607479607392,44.9645118577978,41.84111169246225,2.487611238444211,available,228.30363243193153,50.00506044438413,0.0,0.0,normal,,normal,False
SOLAR_001,2026-01-07 08:45:00,solar,623.3903296988644,41.24468998489303,507.7081850922542,11.347727036191069,5.592353609433658,19.650457575832156,45.572036606066575,68.36182241616473,40.0502791983879,2.476966135826777,available,231.29896159987987,50.06968053419962,0.0,0.0,normal,,normal,False
SOLAR_001,2026-01-07 09:00:00,solar,700.4297447309755,45.04685972800026,507.84847701008874,12.738078249589705,6.256065063148979,24.115323553354667,45.92922588426838,81.86262813225767,44.91506864840973,2.4961779241826534,available,229.83747384923674,49.94881036518792,0.0,0.0,normal,,normal,False
SOLAR_001,2026-01-07 09:15:00,solar,665.6157735010322,42.45701720836941,515.1515885858971,11.846003635972153,5.903381128926938,28.38564071377531,46.270851257102024,77.7175361689882,43.57819747210132,2.307324572783238,available,228.74559117157978,49.98256648859749,0.0,0.0,normal,,normal,False
SOLAR_001,2026-01-07 09:30:00,solar,699.7551995639749,45.4833802527022,517.4615090596984,12.55132503072441,6.264145618913492,33.12922773276409,46.65033821862113,85.62852376798894,45.43450972287433,2.26954602397557,available,229.38322326089084,49.97661289159762,0.0,0.0,normal,,normal,False
SOLAR_001,2026-01-07 09:45:00,solar,785.4626962613357,49.50737229067006,521.0070093830478,13.61330574328259,6.857850407740525,37.87922773276409,47.030338218621125,85.05148275578945,47.87874460291406,2.2001965965022623,available,234.41176625109486,50.032361904701474,0.0,0.6576538112382622,normal,,normal,False
SOLAR_001,2026-01-07 10:00:00,solar,821.8628629376185,48.84388129304208,515.0454595100834,14.430921268916945,7.209930555865378,42.62922773276409,47.41033821862113,84.36978410816187,50.08553471009274,2.2282749587096897,available,232.43924614841129,49.9282929335337,0.0,0.9816555971556884,normal,,normal,False
SOLAR_001,2026-01-07 10:15:00,solar,735.9809129947724,47.28884941830645,518.7110367681004,12.823910909215003,6.460173371289828,47.37922773276409,47.79033821862113,83.69892637506867,45.9928735079401,2.220190103478011,available,232.9372506593397,50.07239873035573,0.0,0.23998326781181767,normal,,normal,False
SOLAR_001,2026-01-07 10:30:00,solar,824.9908928174194,48.48355260503005,519.1140368764376,14.473079762961078,7.258272011810073,52.12922773276409,48.170338218621126,83.0386529952519,48.56228674824427,2.4891153419952943,available,226.49579210874057,50.02808871902475,0.0,0.7691566698147785,normal,,normal,False
SOLAR_001,2026-01-07 10:45:00,solar,850.9570916400654,50.12167695668207,518.4130261675962,14.764920086786288,7.4212168879991305,56.87922773276409,48.55033821862113,82.38871543979954,50.70432125354108,2.380451295618783,available,229.69779544432612,50.087514723630896,0.0,1.0407655923803478,normal,,normal,False
SOLAR_001,2026-01-07 11:00:00,solar,984.6691942324147,57.31607405662295,519.0286170212453,16.452968345200045,8.321309619769385,61.62922773276409,48.93033821862113,81.7488729002438,57.43592437485811,2.5209466613660845,available,228.71042180169823,49.99797143933076,0.0,1.8003629584033014,normal,,normal,False
SOLAR_001,2026-01-07 11:15:00,solar,888.5958593080055,52.60239301100466,516.1968875975064,15.33301562372309,7.611611974919169,66.3792277327641,49.310338218621126,81.11889199108099,55.13983015317157,2.5389297801120145,available,231.0876803916677,49.97248403505081,0.0,1.0726821948071548,normal,,normal,False
SOLAR_001,2026-01-07 11:30:00,solar,998.2297121240637,53.9194378807047,520.947726861016,16.783695775264434,8.480851255976054,71.1292277327641,49.69033821862113,80.49854646594106,54.65325129177664,2.234198976760548,available,232.1196137569044,50.032855304488045,0.0,2.246652279215506,normal,,normal,False
SOLAR_001,2026-01-07 11:45:00,solar,876.7164690226788,52.07426470715572,520.7373783855523,14.855742077542873,7.467085939283674,75.8792277327641,50.070338218621124,79.88761694668167,51.87191458640871,2.2310828090355255,available,230.65285242584008,50.05152825389571,0.0,1.2360031302481485,normal,,normal,False
SOLAR_001,2026-01-07 12:00:00,solar,948.3717706099613,52.074633617522665,518.2399529361759,16.209934462483456,8.104400521704758,80.6292277327641,50.45033821862113,79.28589066472516,52.67729652212059,2.4042679233653375,available,228.25505991468108,49.964278957976425,0.0,1.7001325983394207,normal,,normal,False
SOLAR_001,2026-01-07 12:15:00,solar,903.1425022817494,51.92281998165603,522.6202755288663,15.453467927084546,7.844546826707463,85.3792277327641,50.83033821862113,78.69316121399807,52.13276461026339,2.2940123707346154,available,228.67797332400554,49.90012017462082,0.0,1.5505344559728478,normal,,normal,False
SOLAR_001,2026-01-07 12:30:00,solar,890.969891571084,55.25487092746345,523.9402235812054,14.946912804867315,7.575000063026824,90.1292277327641,51.210338218621125,78.10922831487018,55.29924034006872,2.2700677597129575,available,231.2411417322657,49.908686730405286,0.0,1.3049323033138664,normal,,normal,False
SOLAR_001,2026-01-07 12:45:00,solar,899.7212711275643,53.264320604279426,522.3252107919664,15.37827600530478,7.742617798566371,94.8792277327641,51.59033821862113,77.5338975885262,53.508107798012155,2.780490777996428,available,231.44014634641886,50.013069246292346,0.0,0.9621270205699428,normal,,normal,False
SOLAR_001,2026-01-07 13:00:00,solar,947.5571550754521,57.52502414103812,515.1487432455384,15.91151952104347,8.005169723466084,99.6292277327641,51.97033821862113,76.96698034123602,57.09093716562601,2.127995667454598,available,230.28190474487482,50.07700946939362,0.0,1.8771740560114853,normal,,normal,False
SOLAR_001,2026-01-07 13:15:00,solar,840.8463404766435,51.863149216842224,519.33718565735,14.506347275611246,7.342333326713843,100.0,52.0,6.00440918600659,52.07605088047213,2.8307314437284,available,230.25958183877916,49.9349580666971,0.0,4.1993726053131,normal,,normal,False
SOLAR_001,2026-01-07 13:30:00,solar,787.3022851515736,50.56870311411877,514.8318643987719,13.717327688213123,6.782023009173391,100.0,52.0,0.0,50.06321197596288,2.4735210663018967,available,230.1002450715371,49.986381682838676,0.0,4.308501942871494,normal,,normal,False
SOLAR_001,2026-01-07 13:45:00,solar,827.5991782785607,52.516817657599816,518.3236738158531,14.118443870957751,7.044437222207014,100.0,52.0,0.0,50.6206213997755,2.600840390293295,available,230.53819311549447,49.982577522388404,0.0,4.44359683191372,normal,,normal,False
SOLAR_001,2026-01-07 14:00:00,solar,759.5912709728331,45.742381185015205,513.6903612876091,13.59758592367288,6.7961266973649685,100.0,52.0,0.0,46.88258179577791,2.5633779951690436,available,231.43192195034362,50.096026603361246,0.0,4.232748702195925,normal,,normal,False
SOLAR_001,2026-01-07 14:15:00,solar,757.8538044930573,49.88226500427254,521.73804559547,13.073519827977517,6.606608548899098,100.0,52.0,0.0,49.31681717683794,2.497553160989353,available,231.26033141447306,50.11293478765437,0.0,4.109055387909745,normal,,normal,False
SOLAR_001,2026-01-07 14:30:00,solar,719.6438604023863,48.384773505547244,519.000392681904,12.508341782871726,6.345786677904582,100.0,52.0,0.0,48.52616054288004,2.689375362959693,available,230.04717086776682,50.02122263441413,0.0,3.6564113149448887,normal,,normal,False
SOLAR_001,2026-01-07 14:45:00,solar,626.007004411146,48.157342641280195,519.6487533709492,10.934893259587525,5.5293455939084835,100.0,52.0,0.0,47.3969202447674,2.1218445756701834,available,229.90190116534532,50.04490001834608,0.0,3.4075010182383,normal,,normal,False
SOLAR_001,2026-01-07 15:00:00,solar,631.1928555966678,47.289018307653194,518.3490239845129,11.078838786969968,5.579022825157671,100.0,52.0,0.0,46.558782145471255,2.286922375978265,available,229.8254033818605,50.043509949715826,0.0,3.292100449179406,normal,,normal,False
SOLAR_001,2026-01-07 15:15:00,solar,635.8188784584908,44.015221719259884,512.1045174557067,11.456440439971907,5.660912251081131,100.0,52.0,0.0,42.97623258199098,2.126136234294882,available,228.43933871160047,49.935983921518215,0.0,3.5347760167862488,normal,,normal,False
SOLAR_001,2026-01-07 15:30:00,solar,531.44429665743,44.70278872641576,510.47278960606474,9.549923170174871,4.740705441587543,100.0,52.0,0.0,45.651085684289264,1.9347267368474477,available,228.4139437013365,50.034926150771796,0.0,2.8059787047400953,normal,,normal,False
SOLAR_001,2026-01-07 15:45:00,solar,462.3601210569439,40.42840989040495,518.0782999751926,8.247816064181057,4.117567299741986,100.0,52.0,0.0,41.61813148779912,2.1177583811471763,available,231.08791254960622,49.94901967643499,0.0,1.9998089185948098,normal,,normal,False
SOLAR_001,2026-01-07 16:00:00,solar,460.52810919585363,39.10627035875811,509.33952139931034,8.538834744572391,4.247074647790779,100.0,52.0,0.0,39.13220492332372,2.5995095556447643,available,228.57426222721088,49.99142320855117,0.0,1.6475650921460145,normal,,normal,False
SOLAR_001,2026-01-07 16:15:00,solar,388.8071862024975,38.63125523706973,503.427451234492,7.2223692504205355,3.534535125982239,100.0,52.0,0.0,38.09459750697147,2.1643365711150078,available,231.62786773582604,50.056986852254155,0.0,1.370198554867231,normal,,normal,False
SOLAR_001,2026-01-07 16:30:00,solar,358.37172204829125,36.9164690207726,511.6835355819651,6.570232423696588,3.2471584573764796,100.0,52.0,0.0,35.22339895642141,2.568910687231002,available,229.89731457792874,50.00404666629034,0.0,0.6782477701454774,normal,,normal,False
SOLAR_001,2026-01-07 16:45:00,solar,246.9617298179728,36.37073284762932,507.00389197911807,4.625717689633137,2.284335042025147,99.63489717098695,51.970791773678954,-5.339117234508779,37.166164031801145,2.5618131920750633,available,231.63919051687031,50.05512482205302,0.0,0.0,normal,,normal,False
SOLAR_001,2026-01-07 17:00:00,solar,262.5178136261116,34.573878383389605,511.20015739796634,5.010458000760243,2.5132131254048478,99.36873727936786,51.94949898234943,-3.8938107506913786,33.89732131423031,2.715494643035351,available,231.2739176071096,50.064963172099425,0.0,0.0,normal,,normal,False
SOLAR_001,2026-01-07 17:15:00,solar,176.95775104843784,31.828452989072968,504.87368515224597,3.4276380991883744,1.6767255917771187,98.32641667811812,51.86611333424945,-15.2732411593043,30.71119231663741,2.468889248726919,available,231.68585984954416,49.91215331523354,0.0,0.0,normal,,normal,False
SOLAR_001,2026-01-07 17:30:00,solar,128.24589969583315,31.235902143234618,502.53051789501416,2.435499313427116,1.1905636379219147,96.56352257069197,51.72508180565536,-25.902318079995446,31.26516556473883,2.530363159565785,available,229.04726848699624,49.89111512185597,0.0,0.0,normal,,normal,False
SOLAR_001,2026-01-07 17:45:00,solar,68.41014332376353,29.599637267355288,507.4125458197016,1.2671102869908473,0.6222710086140295,94.6264253236516,51.57011402589213,-28.547423940376127,29.265511576221602,2.0944649163647093,available,230.81779890095808,50.05810462274155,0.0,0.0,normal,,normal,False
SOLAR_001,2026-01-07 18:00:00,solar,10.461578615896542,27.24868042256101,493.846134619852,0.2743070156695163,0.13145930699271993,92.10773277135605,51.368618621708485,-37.2641194391719,25.730626223175136,2.045665646737335,available,231.47577597909674,50.06012036849831,0.0,0.0,normal,,normal,False
SOLAR_001,2026-01-07 18:15:00,solar,0.0,27.494827463335326,497.65855078158796,0.0,0.0,89.43729005544881,51.15498320443591,-39.674267040195495,26.114106862730694,2.0295364640895057,available,226.89734660120115,50.012829730815156,0.0,0.0,normal,,normal,False
SOLAR_001,2026-01-07 18:30:00,solar,12.919060957501141,26.149683488848574,496.45054811257916,0.33933842239169465,0.16341035739646348,87.09799361199278,50.96783948895942,-34.88210045496836,26.486226661616367,1.9412756544230494,available,233.40338689509773,50.019610800846856,0.0,0.0,normal,,normal,False
SOLAR_001,2026-01-07 18:45:00,solar,2.0406696844540213,24.760315843812407,491.21968088570685,0.0,0.0,84.54254363551087,50.76340349084087,-38.25870309260622,24.104624508261274,1.9421419821262509,available,234.53190609222816,50.04465238490414,0.0,0.0,normal,,normal,False
SOLAR_001,2026-01-07 19:00:00,solar,0.0,25.858758093132042,503.4927057120664,0.0,0.0,81.86627002664962,50.54930160213197,-40.23731047253013,26.369016667828422,2.033967942734549,available,231.89457658899562,50.043720445567594,0.0,0.0,normal,,normal,False
SOLAR_001,2026-01-07 19:15:00,solar,0.0,23.405833885265793,497.7703263440682,0.0,0.0,79.54760072460452,50.36380805796836,-34.989186431772666,23.552365191742517,1.7621886695542697,available,231.61176152425998,49.9847908008704,0.0,0.0,normal,,normal,False
SOLAR_001,2026-01-07 19:30:00,solar,24.863022280060665,23.757761985978146,503.6214721665863,0.7115897184888065,0.3471174021151502,77.96187676965872,50.2369501415727,-23.98931866609308,24.805303952281047,1.5522676078739674,available,231.17751719491903,50.04779251176698,0.0,0.0,normal,,normal,False
SOLAR_001,2026-01-07 19:45:00,solar,30.17870636842254,25.971200781043038,501.55634596493843,0.7665851532939855,0.375427391824679,75.99047353664388,50.07923788293151,-29.917916494530548,25.13905569705976,1.8736938489159547,available,229.35313331662655,49.98267634259564,0.0,0.0,normal,,normal,False
SOLAR_001,2026-01-07 20:00:00,solar,12.912272236956191,24.943959682139106,502.4285698665107,0.3273620656499224,0.15934294473028104,74.04692605190077,49.92375408415206,-29.58703958670547,25.176677509644115,1.636439033135037,available,229.77965957746295,50.01217755504158,0.0,0.0,normal,,normal,False
SOLAR_001,2026-01-07 20:15:00,solar,0.0,21.737660032492883,498.1784020766374,0.035784608165389836,0.017277032717911506,71.92210807436261,49.75376864594901,-32.45707223548147,22.375934622366845,1.6321386956469115,available,231.92880979072106,50.01000112277573,0.0,0.0,normal,,normal,False
SOLAR_001,2026-01-07 20:30:00,solar,8.830924244205988,20.861661713591094,496.94300742405983,0.0,0.0,69.68854661267413,49.57508372901393,-34.241126453000255,20.235444227687907,1.6975067108832416,available,228.05356561026716,49.95702804506881,0.0,0.0,normal,,normal,False
SOLAR_001,2026-01-07 20:45:00,solar,15.31549626946547,23.481626825516372,500.3590435008789,0.32361372995946186,0.15631031312680788,67.75097368350126,49.4200778946801,-29.796703868204578,24.608830081152494,1.628865739298194,available,227.87856617374175,49.96285063568955,0.0,0.0,normal,,normal,False
SOLAR_001,2026-01-07 21:00:00,solar,13.062743699736998,22.027196129366246,503.6766727332327,0.2079105222450954,0.10062207555745017,65.37835740532765,49.230268592426214,-36.62763626866241,20.36091843778493,1.9038104469693924,available,229.205341622515,50.11170544383908,0.0,0.0,normal,,normal,False
SOLAR_001,2026-01-07 21:15:00,solar,14.129177196382527,20.937609680068398,499.79847197806504,0.20559133400881247,0.09934833489603166,63.36654761080954,49.069323808864766,-31.159496914802368,20.104668683088757,1.6283237787297915,available,231.31250634979102,49.95540571236129,0.0,0.0,normal,,normal,False
SOLAR_001,2026-01-07 21:30:00,solar,6.538735426455554,19.419329317315427,497.19225470947083,0.15001667709148603,0.07198055025912581,60.99404711846064,48.879523769476855,-36.888664928260205,17.715641546178514,1.8750809244442876,available,228.2681276834516,50.01849796333278,0.0,0.0,normal,,normal,False
SOLAR_001,2026-01-07 21:45:00,solar,0.0,19.88212416237141,495.20392763440657,0.0,0.0,58.80057090233922,48.704045672187135,-34.22799689932666,19.146249189047207,1.6670419242522854,available,229.54916786616528,50.02898995882333,0.0,0.0,normal,,normal,False
SOLAR_001,2026-01-07 22:00:00,solar,0.0,19.017689841862616,500.8166520612953,0.08678820306702345,0.04198984807680399,56.7603170604536,48.54082536483629,-31.94409877002911,18.863105786422093,1.5925827679098687,available,229.78664879189597,49.9972891854359,0.0,0.0,normal,,normal,False
SOLAR_001,2026-01-07 22:15:00,solar,0.0,17.740614078287667,497.78372986028586,0.0,0.0,54.61814421365406,48.369451537092324,-33.65866909446288,18.5721147973139,1.6280513635676492,available,227.97626152273108,50.03357449676816,0.0,0.0,normal,,normal,False
SOLAR_001,2026-01-07 22:30:00,solar,6.113551800840315,18.792928905863214,499.71303765044104,0.13288422384283133,0.06426171859028688,52.95805668868631,48.236644535094904,-26.15576873423592,18.637638568617824,1.3259282375657742,available,225.12046416642855,50.01644916330363,0.0,0.0,normal,,normal,False
SOLAR_001,2026-01-07 22:45:00,solar,3.348951185739394,18.66157256198508,499.04488487100537,0.0,0.0,50.798192373395075,48.063855389871605,-34.152417992819835,18.066198843097524,1.6414968796213416,available,227.9469749211624,49.95648742259413,0.0,0.0,normal,,normal,False
SOLAR_001,2026-01-07 23:00:00,solar,10.036365170846691,17.62563870239975,498.2222761012618,0.1662758482545727,0.08013814155066201,48.62051724723422,47.88964137977874,-34.55931279078406,16.076415906215075,1.7351712374329114,available,230.52177303463338,50.02684086470693,0.0,0.0,normal,,normal,False
SOLAR_001,2026-01-07 23:15:00,solar,0.0,19.077629342185457,501.17521424303806,0.030391209583193506,0.014693519321035612,46.32824989214638,47.70625999137171,-36.51770627548336,17.863450696777107,1.7568167091877913,available,230.97228693655495,49.97276467886278,0.0,0.0,normal,,normal,False
SOLAR_001,2026-01-07 23:30:00,solar,11.610300407671085,19.75634937107925,502.21801633657645,0.12479206892010648,0.060819516675159405,44.71957163078973,47.57756573046318,-25.69689011744128,20.066555321591117,1.2834149953062117,available,230.98872596772281,50.08703345916674,0.0,0.0,normal,,normal,False
SOLAR_001,2026-01-07 23:45:00,solar,36.98181170317399,19.75088092659673,507.8611157786031,0.7596458743117319,0.37627990959402896,43.57366698013183,47.48589335841055,-18.339921035638586,20.6323356877806,1.2471674440940332,available,231.21914478968628,50.021456263860856,0.0,0.0,normal,,normal,False
SOLAR_001,2026-01-08 00:00:00,solar,1.412102354002404,16.859449197005592,503.03187085873805,0.007880067143390504,0.0038475533218760728,41.68052389899768,47.33444191191981,-30.39623334609633,16.440227252800643,1.4426362949838327,available,228.7472101989251,49.96499232369574,0.0,0.0,normal,,normal,False
SOLAR_001,2026-01-08 00:15:00,solar,0.0,18.268235293459945,506.37472931789654,0.0,0.0,39.27539764091715,47.14203181127337,-38.774229406550276,19.47924981628456,1.8278959561412043,available,228.31878175002564,50.01711447769743,0.0,0.0,normal,,normal,False
SOLAR_001,2026-01-08 00:30:00,solar,5.5620424095426175,17.315879126811954,496.725598514393,0.06804838756658059,0.03276652217095673,37.21582083969757,46.97726566717581,-33.3199122319411,16.3659617277328,1.5980448910978347,available,230.7501160097017,49.95375727805452,0.0,0.0,normal,,normal,False
SOLAR_001,2026-01-08 00:45:00,solar,36.58206644478608,16.075920230600502,493.5962209170919,0.7519334738062463,0.3562114980610868,35.83753652679255,46.867002922143406,-22.350396067526333,15.685379611797645,1.403707575868906,available,229.5764998595261,50.01288895399968,0.0,0.0,normal,,normal,False
SOLAR_001,2026-01-08 01:00:00,solar,0.0,18.00909406774662,499.9422789771194,0.0,0.0,34.16023983628749,46.732819186903,-27.27730761727925,17.70294848796595,1.274745484783843,available,231.81415724509222,49.98871511051667,0.0,0.0,normal,,normal,False
SOLAR_001,2026-01-08 01:15:00,solar,3.657724801090289,17.325628118792455,503.4321089765964,0.07559073152693935,0.036836980319929886,32.31781009876571,46.585424807901255,-30.057611501678448,18.85504190709688,1.4370835808364792,available,230.7627471286751,49.958656441580324,0.0,0.0,normal,,normal,False
SOLAR_001,2026-01-08 01:30:00,solar,0.0,20.950207973487288,502.8046468726377,0.0,0.0,30.43104169788768,46.43448333583101,-30.881015177804453,21.08386710028824,1.4339439846673054,available,232.56764112566577,49.958027930273154,0.0,0.0,normal,,normal,False
SOLAR_001,2026-01-08 01:45:00,solar,0.0,19.320409332095227,504.8455262893063,0.0,0.0,28.08429063204644,46.24674325056372,-38.56554396438719,17.521976542837542,1.7835308100393414,available,229.0689273913488,50.121746712908156,0.0,0.0,normal,,normal,False
SOLAR_001,2026-01-08 02:00:00,solar,0.0,18.30524445137831,489.85381856405917,0.16227721145089705,0.07694429631020674,25.800273366435643,46.06402186931485,-37.68349031243684,19.256898756637323,1.8127974181744113,available,232.13506850021568,50.004569614085085,0.0,0.0,normal,,normal,False
SOLAR_001,2026-01-08 02:15:00,solar,24.251818349044058,18.351540304192632,505.01190757953685,0.5341055627481158,0.26297625623137555,24.283323308811575,45.94266586470493,-25.093930055982756,20.19746788082052,1.4158583000256675,available,234.06935179427663,49.97841304176854,0.0,0.0,normal,,normal,False
SOLAR_001,2026-01-08 02:30:00,solar,32.41783081239726,18.588872425317955,501.3418505057186,0.6250347744518887,0.30566642665421995,22.325484121270726,45.78603872970166,-32.49806761653302,18.339131703216598,1.793624209185264,available,230.10748512321524,49.96975407001291,0.0,0.0,normal,,normal,False
SOLAR_001,2026-01-08 02:45:00,solar,8.066558603280713,16.418020668903537,493.82394661949996,0.18372476621148384,0.08758482521231609,20.083064856590163,45.60664518852721,-37.36820882378665,15.520938343857322,1.7918234663695456,available,230.99861335388152,50.02355830514513,0.0,0.0,normal,,normal,False
SOLAR_001,2026-01-08 03:00:00,solar,0.0,15.329341332709063,502.89411538691525,0.0,0.0,18.180609875651392,45.45444879005211,-31.809114927159793,16.193598747393477,1.4458657855134671,available,228.13894342260303,49.96807519827234,0.0,0.0,normal,,normal,False
SOLAR_001,2026-01-08 03:15:00,solar,44.86929959949333,17.99260654024717,500.67793030733185,0.8776721770990679,0.4251658597376423,16.520919370780675,45.32167354966246,-27.8313814320994,19.956871176964746,1.6865306434393885,available,231.78811305176467,49.94526910165531,0.0,0.0,normal,,normal,False
SOLAR_001,2026-01-08 03:30:00,solar,0.0,18.374951090705707,501.5249171943122,0.0,0.0,14.160101798968096,45.13280814391745,-39.75425922659692,19.223682844658626,1.7942213545775592,available,232.2581163390486,49.998379280154786,0.0,0.0,normal,,normal,False
SOLAR_001,2026-01-08 03:45:00,solar,0.0,15.57881243033368,503.99643660126145,0.0,0.0,11.814522221488293,44.945161777719065,-39.662566745245755,13.955806076871077,1.7826404788846508,available,229.01109363186677,49.99800154554244,0.0,0.0,normal,,normal,False
SOLAR_001,2026-01-08 04:00:00,solar,0.0,18.233769843285042,501.72110147372285,0.03860252706699293,0.018795656959955984,9.95386942191154,44.79630955375292,-31.567246091589332,18.988451658657457,1.4328917846382887,available,231.1723191421497,49.97914825108868,0.0,0.0,normal,,normal,False
SOLAR_001,2026-01-08 04:15:00,solar,25.129648246405385,19.641400950773015,494.10869960612126,0.4683225287996319,0.22508063046873708,7.845808961600966,44.62766471692808,-35.89983836255543,20.045608338550032,1.827206580304773,available,230.56094547768922,49.955435386028014,0.0,0.0,normal,,normal,False
SOLAR_001,2026-01-08 04:30:00,solar,17.428420662683294,19.85124068327785,499.42789492086837,0.32056732235659263,0.15481982537775155,5.47709105588479,44.43816728447079,-40.51079777480819,18.896610359838622,1.9550454337220449,available,230.78157058055172,49.98045141995983,0.0,0.0,normal,,normal,False
SOLAR_001,2026-01-08 04:45:00,solar,43.52049965009603,20.206435462832967,493.52941931659643,0.8411124448672408,0.40549116466061275,5.0,44.4,-8.166423479109016,21.495253308782264,2.1712710743870822,available,231.62403948153056,49.97651813178423,1.4031907072540293,0.0,normal,,normal,False
SOLAR_001,2026-01-08 05:00:00,solar,0.0,19.9877292784279,502.59624752223556,0.2943804898296804,0.14351460299635133,5.0,44.4,-0.0,20.426080427207054,1.749773189674436,available,231.03779901799896,49.96958179121336,1.6062585866780847,0.0,normal,,normal,False
SOLAR_001,2026-01-08 05:15:00,solar,26.247074534623973,24.14599677401838,505.59188096633613,0.45538031752110925,0.22234418173155676,5.0,44.4,-0.0,25.46095536658431,1.803118723786964,available,229.72202434765433,50.01382500341194,1.5807745420554071,0.0,normal,,normal,False
SOLAR_001,2026-01-08 05:30:00,solar,1.262439330590293,22.34599487894503,495.03419214979067,0.0,0.0,5.0,44.4,-0.0,21.284518728831156,1.8994898603264547,available,231.66659271086027,50.11131139914871,1.8994898603264547,0.0,normal,,normal,False
SOLAR_001,2026-01-08 05:45:00,solar,14.509803902402453,21.272217675090705,497.3141449578704,0.13525659139012036,0.06566139400697249,5.0,44.4,-0.0,21.67099541945573,2.0288117761098134,available,232.22371217904922,50.066588258516866,1.9631503821028409,0.0,normal,,normal,False
SOLAR_001,2026-01-08 06:00:00,solar,0.0,22.085745001739408,496.4705227155113,0.0764700609557168,0.036745474316010884,5.0,44.4,-0.0,21.190650250001063,2.019403553524571,available,228.89161113196002,50.09709597346443,1.9826580792085602,0.0,normal,,normal,False
SOLAR_001,2026-01-08 06:15:00,solar,88.93877762253537,24.815367182972086,499.4924414968495,1.9156791414585685,0.9327042377534999,5.0,44.4,-0.0,25.06303416146103,2.1502930057469825,available,229.99640174590684,49.9716154345483,1.2175887679934827,0.0,normal,,normal,False
SOLAR_001,2026-01-08 06:30:00,solar,128.95718514810534,25.15831313255205,504.2602164771965,2.4881307830305768,1.2131024077125312,5.0,44.4,-0.0,26.63553858280694,1.833699478055995,available,226.4626143895582,50.08373441187356,0.6205970703434638,0.0,normal,,normal,False
SOLAR_001,2026-01-08 06:45:00,solar,171.04564256237882,26.664623832832685,502.1295299519179,3.511075803786964,1.7033750153809166,5.0,44.4,-0.0,25.238206101203414,2.167161382766568,available,231.16719609506242,50.01136379081846,0.46378636738565127,0.0,normal,,normal,False
SOLAR_001,2026-01-08 07:00:00,solar,255.6874609447131,31.907972554107896,507.78650159284655,4.969219983238287,2.455925566072964,5.579381335288579,44.44635050682309,10.977280839898471,30.53897139239538,1.9680254942510034,available,232.44623515252854,50.04931817458599,0.0,0.0,normal,,normal,False
SOLAR_001,2026-01-08 07:15:00,solar,284.34123531310985,30.936676221163523,510.6903083863671,5.417014239623387,2.6713353110739306,6.238864604655694,44.499109168372456,12.480122467110855,31.89215089770109,2.115980978975307,available,229.48540954502147,50.022885197902404,0.0,0.0,normal,,normal,False
SOLAR_001,2026-01-08 07:30:00,solar,351.9988649249059,32.0716103881167,512.0607056926189,6.654285993804813,3.319190041999268,7.195253083886381,44.57562024671091,18.067718800685956,32.057487613187256,2.5138102700155316,available,230.2668723156694,49.98283663918949,0.0,0.0,normal,,normal,False
SOLAR_001,2026-01-08 07:45:00,solar,397.5090285293984,35.2386474512437,504.37304942290143,7.576407202793934,3.713413941154281,9.325666787253237,44.74605334298026,40.09364979202973,36.409910677396255,1.919381348845349,available,229.55960853011211,50.035974880930304,0.0,0.0,normal,,normal,False
SOLAR_001,2026-01-08 08:00:00,solar,434.7750264421344,36.858123606464694,515.5437157778908,8.118416125064376,4.041554769541543,11.54919909983817,44.92393592798705,41.680414339272204,36.05083883150186,2.1691065063121258,available,229.23220755224827,50.02424652768092,0.0,0.0,normal,,normal,False
SOLAR_001,2026-01-08 08:15:00,solar,532.9960298701131,36.61592066758421,516.975693799897,9.869275295158095,4.947287612656096,15.054948667521208,45.204395893401696,65.3080326351695,36.66711126036693,1.9950774503966957,available,230.4643425736932,49.91159067502935,0.0,0.0,normal,,normal,False
SOLAR_001,2026-01-08 08:30:00,solar,603.5665758201844,41.70682888533445,518.3859483051232,10.799825923698128,5.415162158925401,18.74879319866254,45.499903455893005,68.36511035625608,42.39495770524971,2.3045562379642788,available,228.43151492194443,49.99379378844434,0.0,0.0,normal,,normal,False
SOLAR_001,2026-01-08 08:45:00,solar,618.6353599867089,43.863874732723126,512.5556570231306,11.141909706436346,5.549488146409414,22.36251713517449,45.789001370813956,66.4599763137897,44.074074922763366,2.5063521998730343,available,229.52944612711315,50.043620209328914,0.0,0.0,normal,,normal,False
SOLAR_001,2026-01-08 09:00:00,solar,614.611153431228,43.54212291406345,511.13476573048985,11.32641970992424,5.670292484112266,26.302836183135728,46.10422689465086,71.97091530005567,41.75337558540122,2.3521290753028006,available,228.19089814378825,50.0138710806597,0.0,0.0,normal,,normal,False
SOLAR_001,2026-01-08 09:15:00,solar,623.1807605789002,46.813203318402174,511.09983138365925,11.153643965868676,5.519040543106672,30.107652446120543,46.40861219568964,69.04011235884043,49.63580157462112,2.314984742698407,available,231.17815317169936,50.02347354854989,0.0,0.0,normal,,normal,False
SOLAR_001,2026-01-08 09:30:00,solar,771.6474845970023,49.42918134145437,511.45994725952545,13.697871165742164,6.814433039328374,34.85765244612054,46.788612195689645,85.49088789533484,49.64150582335688,2.6226894689414664,available,230.4784762405354,49.962428808642755,0.0,0.19174357038690726,normal,,normal,False
SOLAR_001,2026-01-08 09:45:00,solar,797.4171546712405,50.72425060960778,516.6761538727104,13.8977721212142,6.966105521734645,39.60765244612054,47.16861219568964,84.8021557938804,49.383833524071264,2.4402618124905744,available,229.13752416523016,50.01281053032024,0.0,0.5258437092440698,normal,,normal,False
SOLAR_001,2026-01-08 10:00:00,solar,749.9225212291813,51.89793940290686,520.7119155016504,12.878595781153267,6.505663789218651,44.30069893229632,47.54405591458371,83.12372746139731,52.2121392954471,2.5536246429653597,available,230.0741574912448,49.995182869440455,0.0,0.0,normal,,normal,False
SOLAR_001,2026-01-08 10:15:00,solar,781.9330797231045,49.94844003809235,523.1636885946032,13.465088410521533,6.827293068299891,49.05069893229632,47.924055914583704,83.46538963916795,50.37758508153185,2.5466442110587364,available,229.5585494884473,49.98982733826985,0.0,0.28064885724115474,normal,,normal,False
SOLAR_001,2026-01-08 10:30:00,solar,857.2119283745528,51.22837690330152,516.5353621847763,14.941199147783518,7.453041710035315,53.80069893229632,48.30405591458371,82.80878125582703,52.222300477883486,1.8404977087987267,available,232.28779034114527,49.966037178598334,0.0,1.6125440012365884,normal,,normal,False
SOLAR_001,2026-01-08 10:45:00,solar,947.6818868114503,54.97294489655108,518.7838495215809,16.146528672182992,8.139298148557438,58.55069893229632,48.68405591458371,82.16242309428799,55.900089797609965,2.410784797148608,available,229.11797536931314,50.04574311773316,0.0,1.7285133514088304,normal,,normal,False
SOLAR_001,2026-01-08 11:00:00,solar,963.887020187636,53.32049868108948,518.9017663121755,16.496676226901393,8.290991429594646,63.30069893229632,49.064055914583705,81.52607699134485,53.106654135692956,2.2190517280538105,available,231.27008993086378,50.017273429142286,0.0,2.0719397015408356,normal,,normal,False
SOLAR_001,2026-01-08 11:15:00,solar,910.9322149199018,53.21294404296882,517.074584608604,15.561837843477745,7.7688289522196445,68.05069893229631,49.44405591458371,80.89951210536078,51.490864354332814,2.2754899973500815,available,228.58958542938342,50.012227388746965,0.0,1.4933389548695626,normal,,normal,False
SOLAR_001,2026-01-08 11:30:00,solar,924.5514269818277,52.60935093750724,522.7718953465187,15.769289992796514,8.038232280917327,72.80069893229631,49.8240559145837,80.28250463706597,53.07071396931115,2.741067409083273,available,231.6284768007598,50.10253923312458,0.0,1.2971648718340543,normal,,normal,False
SOLAR_001,2026-01-08 11:45:00,solar,898.8474170860634,53.69667316996165,521.408571451265,15.253616812606037,7.7187028542816325,77.55069893229631,50.204055914583705,79.67483756303534,52.05425711563193,2.374075406392853,available,232.0746112000072,50.02368995847587,0.0,1.3446274478887794,normal,,normal,False
SOLAR_001,2026-01-08 12:00:00,solar,938.6642700602956,53.25022390350114,520.5672927004784,15.96437384674604,8.051736829731574,82.30069893229631,50.58405591458371,79.07630038117948,54.46546850668672,2.828513639161202,available,232.16901258518908,50.06002483438217,0.0,1.2232231905703728,normal,,normal,False
SOLAR_001,2026-01-08 12:15:00,solar,932.6276025584109,53.15079427699031,521.3904002215558,16.130037127058976,8.214094810169987,87.05069893229631,50.9640559145837,78.48668886762157,52.41803631147529,2.1674988314032,available,232.9420337822774,50.01364664137805,0.0,2.0465959787667867,normal,,normal,False
SOLAR_001,2026-01-08 12:30:00,solar,865.2022679022135,53.19038066683027,522.2907022193061,14.550239607763602,7.301705122569081,91.80069893229631,51.344055914583706,77.90580484437041,53.82534100148578,2.229416031562741,available,230.58489000015805,49.98234181559941,0.0,1.0722890910063398,normal,,normal,False
SOLAR_001,2026-01-08 12:45:00,solar,985.4315531438602,55.41423413009588,522.0374536845861,16.67197492038568,8.49768278850092,96.55069893229631,51.72405591458371,77.33345595723462,54.758065318252015,2.593823508371848,available,232.4758934033265,49.94704313391778,0.0,1.9038592801290726,normal,,normal,False
SOLAR_001,2026-01-08 13:00:00,solar,959.4872354314249,52.0958991822105,515.9645567012939,16.496892898235586,8.218997698375425,100.0,52.0,55.85912660248884,51.60386352008728,2.366392317878379,available,233.24835990464084,50.01206950639989,0.0,2.947930797167626,normal,,normal,False
SOLAR_001,2026-01-08 13:15:00,solar,895.8232866241981,51.19725924630704,522.5239167848739,15.360192687353319,7.793774876975249,100.0,52.0,0.0,50.39628942971283,2.4875840255930073,available,227.755895272231,49.86682552310217,0.0,5.306190851382242,normal,,normal,False
SOLAR_001,2026-01-08 13:30:00,solar,815.9269330369373,49.617387618347905,519.4990551209479,14.406684765631807,7.237725241892026,100.0,52.0,0.0,50.333469145308605,2.393284424356129,available,228.7935237164736,50.01362335379456,0.0,4.844440817535897,normal,,normal,False
SOLAR_001,2026-01-08 13:45:00,solar,884.4457302290226,51.652182359377214,516.1989900507327,15.213982685661044,7.581595544098674,100.0,52.0,0.0,51.03083537865765,2.375077486096508,available,227.00859858096575,50.01576991964974,0.0,5.206518058002166,normal,,normal,False
SOLAR_001,2026-01-08 14:00:00,solar,827.6089871927416,52.073340458059974,518.2574268414734,14.169889834257186,7.171584742969107,100.0,52.0,0.0,52.841872546251125,2.3288642179565824,available,232.12228824944955,49.98912162100765,0.0,4.842720525012524,normal,,normal,False
SOLAR_001,2026-01-08 14:15:00,solar,759.7006777424943,49.94943612063555,518.0073021529511,13.200522311059496,6.696291678574449,100.0,52.0,0.0,49.354245761907464,2.410059997617693,available,226.9829354652233,49.99538168195373,0.0,4.286231680956756,normal,,normal,False
SOLAR_001,2026-01-08 14:30:00,solar,745.6009661298519,50.70509993837411,520.1942014744812,12.777956579745506,6.440255896465262,100.0,52.0,0.0,50.473681685868755,2.4853366606366367,available,226.4403153190386,49.937441524097046,0.0,3.954919235828625,normal,,normal,False
SOLAR_001,2026-01-08 14:45:00,solar,744.6177892087973,50.022756655361405,510.85217363563885,13.203594832545173,6.554046593519244,100.0,52.0,0.0,50.05832159532065,2.661212343560035,available,227.8052146382097,50.069280181003535,0.0,3.892834249959209,normal,,normal,False
SOLAR_001,2026-01-08 15:00:00,solar,673.4654192217879,48.506667741309755,519.4420730383478,11.694644931408769,5.894180909525494,100.0,52.0,0.0,48.660489347224754,2.277695544465383,available,226.52337597895115,49.983137452194526,0.0,3.6164853650601105,normal,,normal,False
SOLAR_001,2026-01-08 15:15:00,solar,615.1199293438779,46.11087980690345,513.2795817272406,11.035839065673164,5.543548761611674,100.0,52.0,0.0,45.18667547235033,2.217977957667856,available,230.54431605965087,49.95139536267983,0.0,3.3255708039438177,normal,,normal,False
SOLAR_001,2026-01-08 15:30:00,solar,566.5454740892936,44.031629197908224,510.1506155771801,10.129761272543824,4.958072150813994,100.0,52.0,0.0,44.735436847209584,2.1694503317620977,available,227.83091470922807,50.027233053261675,0.0,2.788621819051896,normal,,normal,False
SOLAR_001,2026-01-08 15:45:00,solar,447.7421370848509,42.1054596929056,508.9643722609635,8.017705393531273,3.9659992887145075,100.0,52.0,0.0,41.83412048696286,2.543963375865321,available,226.61943417599244,50.005537805389515,0.0,1.4220359128491866,normal,,normal,False
SOLAR_001,2026-01-08 16:00:00,solar,489.8493876628871,42.575101347488165,505.9945289666297,8.977722608248987,4.389882661231888,100.0,52.0,0.0,43.11900208479367,2.363064979422764,available,229.91625335978966,49.98208326077362,0.0,2.026817681809124,normal,,normal,False
SOLAR_001,2026-01-08 16:15:00,solar,392.25637244931204,38.98597306826427,501.88211426935305,7.222203675121752,3.473255751370503,100.0,52.0,0.0,38.96974479855151,1.8192232253109166,available,230.0342240568941,49.97679833172363,0.0,1.6540325260595865,normal,,normal,False
SOLAR_001,2026-01-08 16:30:00,solar,359.05132655562835,39.14422097324197,510.3632681687386,6.7859246051931175,3.353144963898357,100.0,52.0,0.0,39.73067487366687,1.783583404005014,available,226.2604338050278,49.999718065362934,0.0,1.569561559893343,normal,,normal,False
SOLAR_001,2026-01-08 16:45:00,solar,319.9247041946918,32.368426872249415,514.352334907751,5.88791571533536,2.9655930387828113,100.0,52.0,0.0,31.957085124269266,1.9786361834868056,available,228.57259765305895,50.06729079852677,0.0,0.9869568552960057,normal,,normal,False
SOLAR_001,2026-01-08 17:00:00,solar,283.0707762917956,34.14107464608421,498.7059195067072,5.3645254247881615,2.586285257627282,100.0,52.0,0.0,33.35147655620984,2.1624976591070095,available,229.850722496054,50.02347732052433,0.0,0.42378759852027237,normal,,normal,False
SOLAR_001,2026-01-08 17:15:00,solar,195.70978013201704,31.530079636355843,500.1000947766011,3.852546315672115,1.8764766907921295,99.73076325490607,51.97846106039248,-3.9366291747969906,31.95693787079476,2.08109661706352,available,229.28635345306023,49.99827958597463,0.0,0.0,normal,,normal,False
SOLAR_001,2026-01-08 17:30:00,solar,137.44338750766886,31.843893030469705,505.6168566009824,2.5859299325764065,1.2761013291223402,98.56551171839894,51.88524093747191,-17.06826742527158,31.35015919467045,2.1616924968677593,available,229.34103354589453,50.04262169378606,0.0,0.0,normal,,normal,False
SOLAR_001,2026-01-08 17:45:00,solar,76.98298607169981,30.531743404340784,501.12551494991715,1.3507124203670255,0.6565271926556298,96.80522813016042,51.744418250412835,-25.85429641100671,31.990529854086894,1.9943427197169086,available,232.35857395747223,50.00137659455641,0.0,0.0,normal,,normal,False
SOLAR_001,2026-01-08 18:00:00,solar,11.219239192535474,23.91694524021564,503.3376769691006,0.4265062040219113,0.20836563772525907,94.08007271364656,51.52640581709173,-40.19527626092489,23.984601942427354,2.2794837542757884,available,234.29308958464713,50.02007761379177,0.0,0.0,normal,,normal,False
SOLAR_001,2026-01-08 18:15:00,solar,6.262820589288791,27.63895353006903,499.59311790740463,0.023790207688610246,0.011426866671826423,91.29906744926575,51.30392539594126,-41.19692566636665,26.2653222522742,2.124990867601239,available,229.3734030280364,50.00755638659933,0.0,0.0,normal,,normal,False
SOLAR_001,2026-01-08 18:30:00,solar,0.0,23.15651556650096,497.67749000293446,0.0,0.0,88.72435885068138,51.09794870805451,-38.29465926517064,22.57104961308361,1.9567785349241138,available,227.3562369348405,50.02948902090069,0.0,0.0,normal,,normal,False
SOLAR_001,2026-01-08 18:45:00,solar,34.47782444831148,23.607944647477556,499.0966315573075,0.6736940280108256,0.3276761215310914,86.33804158795971,50.907043327036774,-35.625740587948606,22.608640107493965,2.1412772411995635,available,229.53083380277238,49.97779279128965,0.0,0.0,normal,,normal,False
SOLAR_001,2026-01-08 19:00:00,solar,0.0,23.648571446508953,490.47164231097616,0.0724108277310166,0.03446076909986865,84.33897656724793,50.747118125379835,-29.93843733130375,24.721490226890594,1.5537501848408215,available,230.38858620683905,49.94303285682187,0.0,0.0,normal,,normal,False
SOLAR_001,2026-01-08 19:15:00,solar,0.07753756217687446,23.066806826244544,495.42606261740616,0.04823927577103294,0.02322592008036302,81.95067212251087,50.55605376980087,-35.90294816650439,23.84034741910317,1.8383372980805326,available,229.89344291046032,50.04534240752074,0.0,0.0,normal,,normal,False
SOLAR_001,2026-01-08 19:30:00,solar,0.2679457537367181,20.75538937872774,503.7931174968748,0.0,0.0,79.5094946005881,50.36075956804705,-36.84009003387741,20.694346082724437,1.8552949166613066,available,231.2213822364488,50.075246415890646,0.0,0.0,normal,,normal,False
SOLAR_001,2026-01-08 19:45:00,solar,7.243933560183386,23.79028304513054,504.7675993767154,0.11192972601518135,0.05542276879095478,77.05429115242889,50.16434329219431,-37.196831417333506,24.080356748530843,1.9213773893919512,available,234.42381850039243,49.94540594581201,0.0,0.0,normal,,normal,False
SOLAR_001,2026-01-08 20:00:00,solar,0.0,23.207370321372256,505.62466422036925,0.0,0.0,75.170124311068,50.01360994488544,-28.631542514373407,23.11969087848404,1.431966799434276,available,226.57375828583935,50.00896458370733,0.0,0.0,normal,,normal,False
SOLAR_001,2026-01-08 20:15:00,solar,5.66543350061258,23.472621974638688,501.76347738579216,0.18823299127599583,0.09237312942623196,73.05757314746266,49.84460585179701,-32.21088534863331,24.333024025323407,1.6979120137662829,available,228.9858406659324,49.97755649053479,0.0,0.0,normal,,normal,False
SOLAR_001,2026-01-08 20:30:00,solar,0.0,20.671032978777575,490.9757245028549,0.0,0.0,70.68106062612544,49.654484850090036,-36.37434809099657,21.190864621601236,1.8061495162162906,available,233.082286354723,50.04416893460004,0.0,0.0,normal,,normal,False
SOLAR_001,2026-01-08 20:45:00,solar,0.0,20.844605096008316,497.45997388325145,0.20284150109626822,0.09873313221161702,68.44422684155595,49.47553814732448,-34.36028671806879,21.54458080023091,1.7987268084844361,available,228.95590887946832,50.01233228674142,0.0,0.0,normal,,normal,False
SOLAR_001,2026-01-08 21:00:00,solar,0.1719411526232362,20.458657781461618,505.2986227061945,0.0,0.0,65.91919010898108,49.273535208718485,-38.94642242794343,20.26681180128207,1.919027916756894,available,231.57898701114885,50.1663736143215,0.0,0.0,normal,,normal,False
SOLAR_001,2026-01-08 21:15:00,solar,0.0,22.643001531065483,506.4922169547342,0.0,0.0,63.532383328565544,49.08259066628524,-36.95756740814875,22.011441726363007,1.8139731531158092,available,231.2618013946953,49.98492832573447,0.0,0.0,normal,,normal,False
SOLAR_001,2026-01-08 21:30:00,solar,0.0,15.487302822989129,505.450590972029,0.0,0.0,61.38656518778326,48.91092521502266,-33.342689385349026,16.152365908013333,1.630821786994536,available,232.4737597136276,50.07686461684876,0.0,0.0,normal,,normal,False
SOLAR_001,2026-01-08 21:45:00,solar,2.463719772408929,18.01075576512609,499.0549901409208,0.0,0.0,59.06967910323905,48.72557432825912,-36.13776643023342,19.562096113840287,1.7608334242536057,available,233.82667948831906,50.081731532267554,0.0,0.0,normal,,normal,False
SOLAR_001,2026-01-08 22:00:00,solar,8.781900156352195,19.278111299790673,494.77369653370175,0.09318915626174573,0.045006120853290296,57.06308736595906,48.56504698927672,-31.40138463511652,20.38412173872411,1.5700158411860763,available,230.66614541420105,50.026679872952506,0.0,0.0,normal,,normal,False
SOLAR_001,2026-01-08 22:15:00,solar,9.480564757882375,17.345780114220965,499.8374736401661,0.0983962635481494,0.04779982892873067,54.98682127657205,48.398945702125765,-32.603235567274425,18.927438818101116,1.625762056862861,available,226.5083404291602,50.00185416596891,0.0,0.0,normal,,normal,False
SOLAR_001,2026-01-08 22:30:00,solar,10.209072726354496,18.314272900213542,500.05922807292103,0.16819623416918436,0.08209805687137012,52.80114150877202,48.22409132070176,-34.44578379883199,18.476304749087525,1.7432146803993933,available,228.59918564747176,50.0047418848745,0.0,0.0,normal,,normal,False
SOLAR_001,2026-01-08 22:45:00,solar,0.0,17.990599409327316,506.2622592803658,0.0,0.0,50.74216613628571,48.059373290902855,-32.560168307184284,17.020608316983562,1.564821283089594,available,234.37210573318723,50.00051024260528,0.0,0.0,normal,,normal,False
SOLAR_001,2026-01-08 23:00:00,solar,0.0,16.951293010320228,500.9111652004888,0.06942872006215076,0.03359121130795544,48.631455474748435,47.890516437979876,-33.49598672308653,16.070105850715752,1.6377313140762868,available,227.17160438123005,50.05666498562066,0.0,0.0,normal,,normal,False
SOLAR_001,2026-01-08 23:15:00,solar,35.52338586264607,18.70667884499134,500.0667247155231,0.649967396001643,0.31530242780712575,46.74250027754472,47.739400022203576,-30.071721664015957,20.086248690505066,1.750908377681949,available,230.99361313838114,49.95636818514611,0.0,0.0,normal,,normal,False
SOLAR_001,2026-01-08 23:30:00,solar,0.0,18.47506718905771,500.29398059257386,0.0,0.0,44.51054924526893,47.56084393962151,-35.6655316436989,16.613123667187445,1.696282784529596,available,224.97098155186362,49.99195080134611,0.0,0.0,normal,,normal,False
SOLAR_001,2026-01-08 23:45:00,solar,10.995138560460404,17.29196788999927,501.59943531905077,0.18678844321717195,0.0907951197241634,42.26467722422322,47.38117417793786,-36.02407001533337,18.7967245956722,1.7976578557189025,available,227.29754563622097,49.98589070211383,0.0,0.0,normal,,normal,False
SOLAR_001,2026-01-09 00:00:00,solar,0.0,16.55872711502342,502.50576034424626,0.09878880572594242,0.04791474390487089,39.67549970358412,47.17403997628673,-41.713088738527915,15.771092445483104,2.015689659590582,available,231.77387456279982,49.913690278943804,0.0,0.0,normal,,normal,False
SOLAR_001,2026-01-09 00:15:00,solar,1.4341093068161603,16.921708394866982,497.10185026392804,0.051394513744177285,0.024934976238641885,37.48258646282705,46.998606917026166,-35.46092474438028,18.84509836322304,1.6915490392140171,available,230.0719218406595,50.04294574548812,0.0,0.0,normal,,normal,False
SOLAR_001,2026-01-09 00:30:00,solar,0.0,17.048731450414945,495.7695184214977,0.0,0.0,35.559440012694374,46.84475520101555,-31.200745864270168,16.978129658733906,1.4615913021008344,available,229.24711634922343,50.05314596906967,0.0,0.0,normal,,normal,False
SOLAR_001,2026-01-09 00:45:00,solar,10.107740783153607,14.657201708906985,505.4822340856188,0.06648475461822516,0.0328382864835332,33.417107187827305,46.67336857502618,-34.884410459504956,15.37977253116334,1.6610112333825064,available,228.37128795129018,49.968289078321924,0.0,0.0,normal,,normal,False
SOLAR_001,2026-01-09 01:00:00,solar,2.461934111700583,17.75387922973443,493.4358348222573,0.0,0.0,31.2340847385273,46.49872677908218,-35.68048366894985,20.138925628000674,1.6590970614680027,available,226.00691492072983,50.05150662283274,0.0,0.0,normal,,normal,False
SOLAR_001,2026-01-09 01:15:00,solar,0.0,16.338485693159583,506.5509898368191,0.0,0.0,29.001737922172985,46.32013903377384,-36.62734214144376,16.00833789210393,1.6965835804292788,available,231.38681177245329,49.92081711394813,0.0,0.0,normal,,normal,False
SOLAR_001,2026-01-09 01:30:00,solar,0.0,18.952188582599902,492.3572852109852,0.13271370841119312,0.06356449523044906,26.607405074032265,46.12859240592258,-39.44826559141464,18.60525555949533,1.8832574598173955,available,229.43370526068486,50.001197725160125,0.0,0.0,normal,,normal,False
SOLAR_001,2026-01-09 01:45:00,solar,4.819935554865199,18.141581639512733,497.6618354686759,0.15281420367275733,0.07345487353917263,25.046707585908166,46.00373660687265,-25.78334236434865,17.446742440438673,1.259584964513489,available,226.9562696509727,49.99368707646556,0.0,0.0,normal,,normal,False
SOLAR_001,2026-01-09 02:00:00,solar,0.0,18.993618822306008,503.8874158823338,0.0,0.0,22.529528419377968,45.80236227355024,-41.767631004213364,17.991835553106988,1.9130561665629493,available,230.06037827902057,50.00438743541998,0.0,0.0,normal,,normal,False
SOLAR_001,2026-01-09 02:15:00,solar,7.694658758175093,16.047349871916275,500.0013675563131,0.10296673617267109,0.0504353903637062,19.969677553967742,45.59757420431742,-42.666450829034716,15.717525550681016,1.9959220480754771,available,231.16249603082025,50.004127258512604,0.0,0.0,normal,,normal,False
SOLAR_001,2026-01-09 02:30:00,solar,47.2767283626642,18.15768151970646,494.7340927849526,0.8983453507306786,0.43166794529395264,18.22633915366638,45.45810713229331,-29.146334236336976,17.602840657347855,1.7566051295229872,available,229.59865261974926,49.99614791683893,0.0,0.0,normal,,normal,False
SOLAR_001,2026-01-09 02:45:00,solar,24.303060922716217,16.46577960115297,501.705712616504,0.4126599525041144,0.20175581386468328,16.149571668121112,45.291965733449686,-34.8481957772202,15.215522637020744,1.7800991028790867,available,230.23198536662485,49.9806113542292,0.0,0.0,normal,,normal,False
SOLAR_001,2026-01-09 03:00:00,solar,12.930261964094932,17.203291909217317,500.26801736720194,0.31253289216338526,0.15220167000844645,14.200530461534655,45.13604243692277,-32.81792636285672,16.992810801039347,1.6334729870141538,available,230.0762536309749,49.99456470157711,0.0,0.0,normal,,normal,False
SOLAR_001,2026-01-09 03:15:00,solar,0.0,20.05787085064507,499.1358068462321,0.0,0.0,11.957689433681615,44.95661515469453,-37.91564768172529,20.507657420076814,1.7045591811683098,available,228.58641038274365,50.068161061955074,0.0,0.0,normal,,normal,False
SOLAR_001,2026-01-09 03:30:00,solar,0.0,20.677762484845097,497.50431083686834,0.20916077498872954,0.10103365897150865,9.63582873657083,44.77086629892567,-39.41433962930804,19.781857083916535,1.8656477887757061,available,230.10851922659967,49.97106405250455,0.0,0.0,normal,,normal,False
SOLAR_001,2026-01-09 03:45:00,solar,0.0,17.014921405440468,499.8615760018776,0.12507060799891345,0.060813536835689005,7.246499345966152,44.57971994767729,-40.73355191532932,16.85247160071386,1.876703873695244,available,231.4704338626479,50.112767000659325,0.0,0.0,normal,,normal,False
SOLAR_001,2026-01-09 04:00:00,solar,23.090271409848842,18.94009281446446,497.6723135521906,0.6067722052523966,0.29406697174879176,5.108242800897881,44.40865942407183,-36.59365077278171,20.34659728902967,1.9191419460006773,available,232.06928734665115,49.96824177736434,0.0,0.0,normal,,normal,False
SOLAR_001,2026-01-09 04:15:00,solar,0.0,19.270285786263596,509.73813067539663,0.06585312482495538,0.032333867092240266,5.0,44.4,-1.8528047000538204,17.850754645081178,1.926303803722106,available,231.5814586771787,50.01200296084585,1.8117054079474764,0.0,normal,,normal,False
SOLAR_001,2026-01-09 04:30:00,solar,0.0,20.617078459653627,499.0399313927329,0.0,0.0,5.0,44.4,-0.0,22.548745713590236,2.007470450264184,available,228.64980393752816,50.028560325158494,2.007470450264184,0.0,normal,,normal,False
SOLAR_001,2026-01-09 04:45:00,solar,0.0,17.471292973558043,498.50497218472356,0.05995836730672263,0.02896534787989626,5.0,44.4,-0.0,16.79726940058704,2.012681974610707,available,231.27242510313957,49.98541220473233,1.9837166267308106,0.0,normal,,normal,False
SOLAR_001,2026-01-09 05:00:00,solar,0.0,18.095499877707343,497.83345541804886,0.0,0.0,5.0,44.4,-0.0,18.29640397889988,1.6786616966518393,available,230.9309328546731,50.06911816062255,1.6786616966518393,0.0,normal,,normal,False
SOLAR_001,2026-01-09 05:15:00,solar,0.0,21.638418384275592,507.10780337135276,0.16074255216444766,0.07959658338275744,5.0,44.4,-0.0,22.917581549972116,2.0786629637943186,available,228.5805824151096,50.0272605891689,1.9990663804115612,0.0,normal,,normal,False
SOLAR_001,2026-01-09 05:30:00,solar,0.0,18.397658120067483,493.4437324884177,0.04096509454189996,0.019533451099707992,5.0,44.4,-0.0,19.981998334456986,2.3129805367842224,available,229.07137452492114,49.9897548820458,2.2934470856845146,0.0,normal,,normal,False
SOLAR_001,2026-01-09 05:45:00,solar,0.0,21.079727633669563,501.43772968759765,0.02616081150958357,0.012632994364538404,5.0,44.4,-0.0,21.549548337283085,1.9652432414553551,available,231.35938620529507,50.06856323865224,1.9526102470908167,0.0,normal,,normal,False
SOLAR_001,2026-01-09 06:00:00,solar,0.0,22.431404397120616,499.0428401124944,0.012731638670626386,0.0061883025726557255,5.0,44.4,-0.0,21.736898879345645,2.2998959895964957,available,232.75381630561287,49.94922541097409,2.29370768702384,0.0,normal,,normal,False
SOLAR_001,2026-01-09 06:15:00,solar,25.84582391639144,23.904012298696564,495.6144621660348,0.6993432500392589,0.3337449144489639,5.0,44.4,-0.0,23.12120102592611,1.8459723481712462,available,226.376656204039,49.971725824023245,1.5122274337222823,0.0,normal,,normal,False
SOLAR_001,2026-01-09 06:30:00,solar,90.37649108342589,25.13315178822954,499.33421853294857,1.6654096827763867,0.7986318120429158,5.0,44.4,-0.0,24.558259369675223,2.052784262576936,available,233.2801224767386,50.028128521596386,1.2541524505340202,0.0,normal,,normal,False
SOLAR_001,2026-01-09 06:45:00,solar,131.6054150842924,26.283678393925015,505.16962241594587,2.773743548573757,1.3655380249833349,5.0,44.4,-0.0,28.17293493738947,1.9595590145452861,available,232.32831935181633,50.040073321270725,0.5940209895619513,0.0,normal,,normal,False
SOLAR_001,2026-01-09 07:00:00,solar,176.94354993544778,29.690445037960913,501.71880802342605,3.4420277285466674,1.6764926587953395,5.0,44.4,-0.0,29.30729953187818,2.392312820780894,available,230.39823700033207,50.01613109425777,0.7158201619855544,0.0,normal,,normal,False
SOLAR_001,2026-01-09 07:15:00,solar,232.58175993419258,30.700174792514453,507.4670450189434,4.340143669943937,2.141611263998034,5.0,44.4,-0.0,31.02380220517039,2.472743070268193,available,229.518566753284,49.99364038389216,0.33113180627015915,0.0,normal,,normal,False
SOLAR_001,2026-01-09 07:30:00,solar,281.93296897996447,30.99148263711228,514.5702815620472,5.274597933326819,2.626722726385373,5.5632958569333315,44.44506366855467,10.672825431774681,29.94772540978106,2.152368320546778,available,230.7808668984383,49.98742779660286,0.0,0.0,normal,,normal,False
SOLAR_001,2026-01-09 07:45:00,solar,255.02462696489079,31.797832273258525,509.5281765132494,4.707023932098596,2.309808950706108,5.400883666900683,44.43207069335205,-2.7780218769610756,30.641488376349354,2.433242215130921,available,228.71886927868206,50.056570046298766,0.0,0.0,normal,,normal,False
SOLAR_001,2026-01-09 08:00:00,solar,363.80666960710005,35.48165358987944,504.185950085902,6.9780161731410475,3.391811894651068,6.394448967671784,44.511555917413745,18.797064084274666,35.508045813930416,2.5551253255806667,available,229.64460996010666,50.01201973247681,0.0,0.0,normal,,normal,False
SOLAR_001,2026-01-09 08:15:00,solar,432.7593983371368,39.64641707772763,507.7242196130045,7.921907592325808,3.8960061044350383,8.356891602184438,44.66855132817476,36.99657190642272,39.32167273468253,2.2434228332664867,available,227.04994609712205,49.95638806137997,0.0,0.0,normal,,normal,False
SOLAR_001,2026-01-09 08:30:00,solar,392.88235199882473,37.68032832896362,511.0336056251934,7.31455186788636,3.6020612664225298,9.903216459632874,44.79225731677063,29.071281043066897,37.42862267060678,2.299892965413321,available,226.5169540858633,49.953504881840246,0.0,0.0,normal,,normal,False
SOLAR_001,2026-01-09 08:45:00,solar,449.57368205901827,40.15719816693939,511.7779758260227,8.362760373981077,4.158051021941762,11.939330477958208,44.95514643823665,38.14073508974181,38.6781283489929,2.4434286907204275,available,234.66461326941177,50.075673065629694,0.0,0.0,normal,,normal,False
SOLAR_001,2026-01-09 09:00:00,solar,455.9586908787024,37.98305617751812,514.7501910041947,8.332578880755639,4.150602808304771,14.31541389723463,45.14523311177877,44.32167507299516,37.90956890454544,2.14969045522989,available,230.12615043681657,49.964061919400564,0.0,0.0,normal,,normal,False
SOLAR_001,2026-01-09 09:15:00,solar,480.01970684444836,39.103209942865924,516.2865679178918,8.747078495402311,4.384697274778541,16.71932933504911,45.337546346803926,44.650626367935246,40.6524801094994,2.3603474324084517,available,230.40737804200472,50.01363655335424,0.0,0.0,normal,,normal,False
SOLAR_001,2026-01-09 09:30:00,solar,554.7444666118956,41.77687167913895,522.7891786263001,9.774497015810418,4.960665264047896,19.302259207164898,45.54418073657319,47.75799683953454,40.92383367942553,2.7855664243714435,available,229.93853441377826,50.06754532173685,0.0,0.0,normal,,normal,False
SOLAR_001,2026-01-09 09:45:00,solar,633.2235379101596,44.230650183497225,516.6145135856993,11.276736051023384,5.662220684695769,23.325582907226398,45.86604663257811,73.8686307618931,45.12808539125063,2.274158621486086,available,228.34445196103823,50.027105364538976,0.0,0.0,normal,,normal,False
SOLAR_001,2026-01-09 10:00:00,solar,673.5932070171183,44.27754020702946,512.7117302881851,12.37581290096513,6.170714356504336,27.61274014826019,46.20901921186081,78.12842034382258,40.81317681949951,2.5604766798443004,available,229.38587578047347,49.96211787961649,0.0,0.0,normal,,normal,False
SOLAR_001,2026-01-09 10:15:00,solar,616.1864396612019,46.56644008371812,522.5526793516481,10.849055725056147,5.489378831895245,31.15270758392172,46.49221660671374,64.11880152317056,45.764094888298175,2.508353622917112,available,230.1823773879367,49.94921529524081,0.0,0.0,normal,,normal,False
SOLAR_001,2026-01-09 10:30:00,solar,713.1817477686469,48.708044532893005,523.5296889573498,12.305424710728863,6.254913400953745,35.75061352568552,46.86004908205484,82.62733114692826,46.79765387831688,2.3829926078894883,available,229.60672344489606,50.09349442364232,0.0,0.0,normal,,normal,False
SOLAR_001,2026-01-09 10:45:00,solar,671.8476662977897,46.1579621516103,519.8683749659259,11.770854808705836,5.942937323512323,39.87419272484148,47.18993541798732,73.58534644940505,47.39416587388662,2.470449576854676,available,228.49559454461104,49.9479417704032,0.0,0.0,normal,,normal,False
SOLAR_001,2026-01-09 11:00:00,solar,755.7530562225405,49.918570205575364,518.3329389449455,13.123046902451799,6.515436380231766,44.303859580865364,47.54430876646923,78.45830279742268,50.79734793053784,2.7851906067379666,available,230.9589775864481,49.97233653830494,0.0,0.0,normal,,normal,False
SOLAR_001,2026-01-09 11:15:00,solar,694.2304864665723,47.96822009689888,522.1058912182608,12.087582162890214,6.142069035080611,48.566980103495524,47.88535840827964,74.9706454940633,46.93388682676791,2.552072805497314,available,230.3767293837363,50.018625181930894,0.0,0.0,normal,,normal,False
SOLAR_001,2026-01-09 11:30:00,solar,692.2787827088355,48.853868266696956,518.9845779727581,12.02597058018175,6.058733634378372,52.68834102349866,48.21506728187989,71.9820570158621,49.14314541789958,2.588113912270467,available,230.7858155434874,49.989056077546174,0.0,0.0,normal,,normal,False
SOLAR_001,2026-01-09 11:45:00,solar,732.9056138369865,46.93469056710196,511.7343427496621,13.117190352936507,6.530072217837375,57.15436612471512,48.57234928997721,77.4280696343773,48.136399996392946,2.769208974707723,available,231.41008962403967,50.02869026024478,0.0,0.0,normal,,normal,False
SOLAR_001,2026-01-09 12:00:00,solar,826.1062108823243,51.195644446285435,522.2538971318899,14.069352840959192,7.080063938951223,61.90436612471512,48.95234928997721,81.71211510821165,52.55283613585118,2.3921179126003667,available,229.65895217540347,49.92661139372878,0.0,0.6879460263508568,normal,,normal,False
SOLAR_001,2026-01-09 12:15:00,solar,738.7133538984359,49.24627301842482,523.5261843726703,12.650317264898518,6.413632689698947,66.65436612471512,49.33234928997721,81.08269842345973,48.840482357451606,2.2396535334898022,available,229.66222411943704,49.98948003080468,0.0,0.1739791562091444,normal,,normal,False
SOLAR_001,2026-01-09 12:30:00,solar,665.9243515497466,48.523685967777816,525.5932461489936,11.512997017599654,5.836593809799464,70.26053542055267,49.62084283364421,61.199567972758864,46.314829788111844,2.7998196659362704,available,232.9649051245041,50.03388443736713,0.0,0.0,normal,,normal,False
SOLAR_001,2026-01-09 12:45:00,solar,723.9498947146672,48.14110342876371,516.6926718362542,12.601198427483126,6.3398587773707735,74.85758666109311,49.98860693288745,77.44166685546851,47.24256346230079,2.46865773270514,available,228.11196958218176,50.03405365385087,0.0,0.0,normal,,normal,False
SOLAR_001,2026-01-09 13:00:00,solar,643.9400088442874,43.348604134983596,520.2231777892264,11.53972986024818,5.7809616669740596,78.61908182529119,50.289526546023296,62.98677065920112,44.11474872990784,2.6133867918598837,available,226.25273650355126,49.9713773361848,0.0,0.0,normal,,normal,False
SOLAR_001,2026-01-09 13:15:00,solar,652.0386616702699,45.66342942790259,519.929800821314,11.502972866428879,5.773546033023971,82.7752051331428,50.622016410651426,69.13776969063265,47.762323601760976,2.2736527211489257,available,231.11107740411495,49.94891449777011,0.0,0.0,normal,,normal,False
SOLAR_001,2026-01-09 13:30:00,solar,726.7410702979356,49.0170688084987,518.819120889041,12.48575345351738,6.300818229028015,87.2964536574319,50.98371629259455,74.6781022493201,48.96274380692723,2.4934510506793117,available,228.74129981025146,50.01068565537094,0.0,0.0,normal,,normal,False
SOLAR_001,2026-01-09 13:45:00,solar,617.5517320409847,46.40011660210222,518.3968789837986,10.903547731282263,5.46500688708655,91.19240450099534,51.295392360079624,63.958974859552455,45.79329481638971,2.184206176717338,available,227.8452980854131,49.9343768677188,0.0,0.0,normal,,normal,False
SOLAR_001,2026-01-09 14:00:00,solar,612.6769512553683,48.60402674934516,517.4690521371966,10.559175341813468,5.274761213426674,94.60326290485678,51.56826103238854,55.69902409495733,51.00338823694417,2.402459399648616,available,231.77047603418484,50.064213529798195,0.0,0.0,normal,,normal,False
SOLAR_001,2026-01-09 14:15:00,solar,570.171592090488,45.75692036971509,517.4763898523821,10.170480955711179,5.128954503182221,98.02846155979134,51.842276924783306,55.637560419396785,46.16265302438572,2.24457668850049,available,229.7104632324817,50.007870438212045,0.0,0.0,normal,,normal,False
SOLAR_001,2026-01-09 14:30:00,solar,553.1502693193078,44.418208879408944,518.8297909418061,9.809420289143826,4.960853406907556,100.0,52.0,31.927748019573468,43.190440873513616,2.1814781361485456,available,227.47287188473632,49.9651594211889,0.0,1.11913237374119,normal,,normal,False
SOLAR_001,2026-01-09 14:45:00,solar,562.9885417321876,44.30423581886135,519.9179462479168,10.170291530404745,5.148176113581457,100.0,52.0,0.0,44.185328198778855,2.277703379492355,available,233.8698922380191,49.947274929630694,0.0,2.8704727340891023,normal,,normal,False
SOLAR_001,2026-01-09 15:00:00,solar,424.42673777971953,42.3291213442386,511.1168059409564,7.833112266806106,3.900515882860449,100.0,52.0,0.0,43.32904899092129,1.8595199229403054,available,226.7786274712052,49.96834716671038,0.0,2.040995959920144,normal,,normal,False
SOLAR_001,2026-01-09 15:15:00,solar,467.1863229214226,40.61477968091723,512.4977108828487,8.443019455354234,4.192207049206709,100.0,52.0,0.0,40.54440549659375,2.0647251292395246,available,229.8266432153278,49.92190344661611,0.0,2.127481919967184,normal,,normal,False
SOLAR_001,2026-01-09 15:30:00,solar,370.504159551369,38.605651689211975,510.48479610062384,6.664971428219693,3.296815081637081,100.0,52.0,0.0,39.40001227488386,2.4304254743059897,available,226.22144645030562,50.02473895351025,0.0,0.8663896073310915,normal,,normal,False
SOLAR_001,2026-01-09 15:45:00,solar,340.3433440134017,36.13757507248043,508.8487152315918,6.316326049986992,3.1072179212445,100.0,52.0,0.0,34.532567705484226,2.3195398827683666,available,230.54131646770446,49.9598576704523,0.0,0.7876780384761335,normal,,normal,False
SOLAR_001,2026-01-09 16:00:00,solar,315.5004627678866,38.965618110545954,503.5358743387759,5.794414037133064,2.8326113913684643,100.0,52.0,0.0,37.5314439680229,2.0101626106074786,available,228.71778259957915,50.019983588087804,0.0,0.8224487807609857,normal,,normal,False
SOLAR_001,2026-01-09 16:15:00,solar,320.1780109248776,37.20861938432484,508.9426636277919,6.163188859840091,3.0343291429608605,100.0,52.0,0.0,36.473763340181165,2.308604624491564,available,231.63854963065873,50.02687728587312,0.0,0.7257245184692964,normal,,normal,False
SOLAR_001,2026-01-09 16:30:00,solar,305.6824858931486,34.842107206383844,509.57095012548297,5.761644641150596,2.84153039218294,100.0,52.0,0.0,34.55991381723859,1.9965649301339132,available,229.96522722738658,50.04829986159414,0.0,0.8449654620490268,normal,,normal,False
SOLAR_001,2026-01-09 16:45:00,solar,227.43376375533882,33.40315320954323,505.8083902984677,4.437573971368302,2.183957851900833,99.86173331372595,51.988938665098075,-2.021250755765453,33.7371020304149,2.289040533469106,available,232.70121555801367,50.01259237984974,0.0,0.0,normal,,normal,False
SOLAR_001,2026-01-09 17:00:00,solar,135.94090355179196,31.66299873360422,505.14054931646206,2.591212542594647,1.2774111055516983,98.78814166892059,51.903051333513645,-15.720263627838536,32.299758978433864,2.0933407556037693,available,229.14057216519214,50.056261718558176,0.0,0.0,normal,,normal,False
SOLAR_001,2026-01-09 17:15:00,solar,148.5808772392641,30.434464393431202,505.57555415195907,2.857193324795072,1.4040677741952186,97.974065036508,51.83792520292064,-11.935243129652019,32.90057820598238,2.0227660148287923,available,226.79091128770816,50.069305521736986,0.0,0.0,normal,,normal,False
SOLAR_001,2026-01-09 17:30:00,solar,74.55648455747473,27.7409902079236,508.25500262505557,1.4476181186311088,0.7202872977497411,96.2369113996609,51.698952911972874,-25.537011673171428,27.002433414790637,2.0405240617535325,available,230.47503210605373,50.0129107585245,0.0,0.0,normal,,normal,False
SOLAR_001,2026-01-09 17:45:00,solar,68.71106198496506,26.98644227776976,499.6290044665107,1.4750504011013148,0.7122688773897117,93.83024268637539,51.50641941491003,-35.51146134548654,26.672453278664054,2.5413370994867064,available,229.4948850390816,50.0159263287446,0.0,0.0,normal,,normal,False
SOLAR_001,2026-01-09 18:00:00,solar,0.0,26.32017616457932,495.3135515426644,0.03145732180192091,0.014970611050748112,91.41804652184278,51.313443721747426,-35.72687685874051,25.609520921574052,1.8482396960955298,available,226.36148023724508,49.97212631005257,0.0,0.0,normal,,normal,False
SOLAR_001,2026-01-09 18:15:00,solar,0.0,24.82855083529687,499.63823941202554,0.0,0.0,88.76557240986948,51.101245792789555,-39.448751078866145,25.90793917940321,2.0158803250997113,available,227.88923944782857,49.95061876497205,0.0,0.0,normal,,normal,False
SOLAR_001,2026-01-09 18:30:00,solar,0.0,24.233046743396244,507.53424505347976,0.15984282379954973,0.07837885798433653,86.10878543958643,50.88870283516692,-39.67792427241364,25.366997136260892,2.097536955399451,available,228.52573510904702,50.06410372546556,0.0,0.0,normal,,normal,False
SOLAR_001,2026-01-09 18:45:00,solar,13.639981696851368,22.794728814449176,495.3563977662864,0.24822983394980394,0.11910510022197317,84.00270427504303,50.72021634200344,-31.557863914855652,22.347073295252496,1.7197267852749554,available,233.11076678080147,50.03028718562199,0.0,0.0,normal,,normal,False
SOLAR_001,2026-01-09 19:00:00,solar,0.0,24.116460864790753,502.60054278232116,0.0,0.0,81.94391498264477,50.55551319861158,-30.949737491056673,26.182206696994218,1.5646798622226792,available,231.41489159913996,50.03434145281245,0.0,0.0,normal,,normal,False
SOLAR_001,2026-01-09 19:15:00,solar,0.0,23.27034293720114,504.63165291714046,0.0,0.0,79.66084575630116,50.37286766050409,-34.445777907967106,22.56144394062122,1.7351326120211428,available,229.30452967441454,49.970464519661725,0.0,0.0,normal,,normal,False
SOLAR_001,2026-01-09 19:30:00,solar,0.0,22.60384413149669,490.53786312242295,0.06466367214991219,0.03053012705659754,77.09616816603683,50.16769345328294,-38.852792194163236,23.633762015710317,1.9796850956574832,available,230.94173945974447,50.081196075180614,0.0,0.0,normal,,normal,False
SOLAR_001,2026-01-09 19:45:00,solar,0.0,22.932523762120184,501.6408900944339,0.010068222273793078,0.0048881454938383756,74.82290335871848,49.98583226869748,-34.563418775841335,24.38704632312064,1.7325693990557927,available,225.9210802402799,49.98856930377477,0.0,0.0,normal,,normal,False
SOLAR_001,2026-01-09 20:00:00,solar,7.146568841291643,23.488934299418492,502.4136425482924,0.15304904591187973,0.07443541771368717,72.64613573238412,49.81169085859073,-33.21195019680391,22.127354505708468,1.728778813727795,available,228.870187777704,49.95990796435907,0.0,0.0,normal,,normal,False
SOLAR_001,2026-01-09 20:15:00,solar,0.0,22.802271950788572,498.9306591944806,0.0,0.0,70.10383662001624,49.6083069296013,-38.94806021381637,23.379904241989475,1.9321473253995953,available,230.80199075801673,49.97131629374017,0.0,0.0,normal,,normal,False
SOLAR_001,2026-01-09 20:30:00,solar,0.0,22.150308724794016,497.4142457556411,0.0,0.0,68.0449040660069,49.44359232528055,-31.647958157098266,19.42526268353863,1.5647887410471037,available,230.33075261279095,50.078559580835964,0.0,0.0,normal,,normal,False
SOLAR_001,2026-01-09 20:45:00,solar,13.668933758953377,20.884697094487244,497.6373505899041,0.24206460431026067,0.11725427866750145,65.98136585244342,49.27850926819547,-31.825009838932438,21.7089094501208,1.6855433209757458,available,228.92128770819278,49.94444761869951,0.0,0.0,normal,,normal,False
SOLAR_001,2026-01-09 21:00:00,solar,5.454869092788902,19.78587422340786,498.68572601649754,0.1581044439668412,0.07583960134626137,64.26663672236917,49.14133093778953,-26.519308980585144,18.68426840270279,1.37903374020269,available,229.923383735738,49.96244387449719,0.0,0.0,normal,,normal,False
SOLAR_001,2026-01-09 21:15:00,solar,10.625770313755025,18.810779164723005,498.7916158732489,0.2823708275515181,0.13704705255157804,62.1761513983849,48.97409211187079,-32.44100661629093,19.378248778719488,1.7258158987796195,available,230.67621700942405,50.144925465929894,0.0,0.0,normal,,normal,False
SOLAR_001,2026-01-09 21:30:00,solar,0.0,18.848935235931833,498.03689182897295,0.0,0.0,59.953924540776185,48.796313963262094,-34.61106535739901,19.603923903902476,1.6888924117826263,available,229.98128667966301,50.04705188681624,0.0,0.0,normal,,normal,False
SOLAR_001,2026-01-09 21:45:00,solar,21.0554312577393,19.940440218447858,498.6220989892702,0.5259743528252051,0.25426628175385296,57.939872366640074,48.63518978933121,-31.47267768407518,21.060578698004143,1.7849459340972982,available,231.72200791384694,49.96334720772874,0.0,0.0,normal,,normal,False
SOLAR_001,2026-01-09 22:00:00,solar,16.644585541856255,18.286937987761853,504.7631672953865,0.3307820431089407,0.16193864369544342,56.33553197418313,48.50684255793465,-25.136632977316548,19.17715333782953,1.3812373419627255,available,230.63740421977528,49.94592763206606,0.0,0.0,normal,,normal,False
SOLAR_001,2026-01-09 22:15:00,solar,8.030538076458143,19.08197050823478,495.14228488433946,0.11510844467375893,0.055343498943916415,54.358313222588535,48.34866505780708,-31.08020147847381,19.137865500686388,1.5580297501558071,available,231.02248094085937,49.916365140332594,0.0,0.0,normal,,normal,False
SOLAR_001,2026-01-09 22:30:00,solar,16.695823991643774,17.415737200884653,493.00376630691363,0.36905202712093454,0.17585629476621367,52.84159763902002,48.227327811121604,-23.90146615683416,17.035260689728204,1.3285601382782835,available,233.42710957646017,50.00485570731108,0.0,0.0,normal,,normal,False
SOLAR_001,2026-01-09 22:45:00,solar,13.507623979264382,16.02591547985326,504.82714042893724,0.1425352471680966,0.06973138551840323,50.92721774562839,48.07417741965027,-30.264245735860243,15.951526149850665,1.5246601044960426,available,231.65501266593014,50.036401017722774,0.0,0.0,normal,,normal,False
SOLAR_001,2026-01-09 23:00:00,solar,0.0,19.166931354806124,499.23192896263765,0.023307634746320995,0.011355719068084772,48.4925660690625,47.879405285525,-38.645744723764906,18.050929840188985,1.8616909932581642,available,233.48191689276194,50.07593991049505,0.0,0.0,normal,,normal,False
SOLAR_001,2026-01-09 23:15:00,solar,0.0,17.01026891622241,498.44707083006983,0.0,0.0,46.526123868241775,47.72208990945934,-31.31665179499012,16.798580966743128,1.4944960726237497,available,228.65617126755964,49.905300820941825,0.0,0.0,normal,,normal,False
SOLAR_001,2026-01-09 23:30:00,solar,7.566518265167229,16.466455749214333,499.5551315050693,0.053771048871347246,0.025917433076627444,44.875139112378385,47.59001112899027,-26.36579367580408,16.175760100924585,1.2806658475328048,available,226.8151722543089,49.93373092487136,0.0,0.0,normal,,normal,False
SOLAR_001,2026-01-09 23:45:00,solar,9.829606154965717,15.976458535462246,500.8371068031165,0.00181577113646213,0.0008818428106971815,43.014473600882376,47.44115788807059,-29.80757324838724,15.188240041626164,1.4149876315476653,available,229.7194384185782,49.99402247112165,0.0,0.0,normal,,normal,False
SOLAR_001,2026-01-10 00:00:00,solar,19.62849584049418,18.36378557408448,497.90379509152655,0.3871018236086452,0.18586775916798257,41.64349745068688,47.33147979605495,-22.01371853654617,16.622592355992623,1.2278096333165578,available,229.54880727664525,50.13938350279295,0.0,0.0,normal,,normal,False
SOLAR_001,2026-01-10 00:15:00,solar,0.0,19.19686460437934,502.0237245105892,0.16031450544277434,0.07737397211847552,40.04555674455174,47.20364453956414,-25.727567193351348,17.919928486775092,1.2918089087811846,available,232.9188283047787,50.04429512511987,0.0,0.0,normal,,normal,False
SOLAR_001,2026-01-10 00:30:00,solar,0.0,16.45527517887411,496.1509497047644,0.0,0.0,37.82444200523481,47.025955360418784,-35.8960746027007,13.305163628375183,1.6880472018808654,available,227.7399111346863,50.01863998868775,0.0,0.0,normal,,normal,False
SOLAR_001,2026-01-10 00:45:00,solar,8.278204793539867,16.8985975951744,498.7926952886033,0.23585734263383054,0.11496670982971034,36.305464022976366,46.90443712183811,-24.61224006414802,16.59071840328155,1.2693899763461256,available,229.8422420790801,49.93875382047367,0.0,0.0,normal,,normal,False
SOLAR_001,2026-01-10 01:00:00,solar,0.0,18.607447759833608,491.141214978861,0.23947429227799932,0.11406452178184477,34.3137080039513,46.745096640316106,-32.38274564082308,18.967946408133308,1.6277990962408948,available,230.81035873208577,49.89400073504506,0.0,0.0,normal,,normal,False
SOLAR_001,2026-01-10 01:15:00,solar,0.0,14.299318980792307,504.6889485394551,0.04003018584906739,0.019614747413662675,32.26184585988544,46.580947668790834,-33.47753335930648,11.616752742815917,1.579029976903717,available,230.20020500796872,50.001942484279525,0.0,0.0,normal,,normal,False
SOLAR_001,2026-01-10 01:30:00,solar,6.7519469475754335,20.178987608441716,499.29564921376146,0.06120805596951138,0.029318592135480482,30.355753796180473,46.428460303694436,-31.20133553729979,20.415702388279666,1.4779485605512543,available,229.6569407055226,49.99503152554224,0.0,0.0,normal,,normal,False
SOLAR_001,2026-01-10 01:45:00,solar,0.0,20.800653490666942,502.68041636694863,0.0,0.0,28.195388977335938,46.25563111818688,-35.495727171611094,20.67817932955858,1.6418772623218456,available,230.7171369064127,49.986609623972434,0.0,0.0,normal,,normal,False
SOLAR_001,2026-01-10 02:00:00,solar,0.0,13.1790129218464,501.906298337065,6.557082718298835e-05,3.1938462360219235e-05,26.323383282644897,46.10587066261159,-30.857769466631378,12.002257160128929,1.4227562664275515,available,232.15819526182395,49.980978316617524,0.0,0.0,normal,,normal,False
SOLAR_001,2026-01-10 02:15:00,solar,24.330264711481927,17.833490867946175,502.1992551214853,0.43534998348113685,0.2113466045510772,24.240934664120967,45.939274773129675,-34.45115226337661,17.402285660364793,1.794007554629264,available,233.07149094244534,49.96258229897801,0.0,0.0,normal,,normal,False
SOLAR_001,2026-01-10 02:30:00,solar,32.847822320528074,17.27561828262985,499.96889788570263,0.6214847348627828,0.30168107595115484,22.659826952011333,45.812786156160904,-26.229399301481394,18.326422447847182,1.503322937154478,available,230.06561441491218,49.95111789364823,0.0,0.0,normal,,normal,False
SOLAR_001,2026-01-10 02:45:00,solar,0.0,17.324733152914078,501.5529095709567,0.0982203363252648,0.047826717846173865,20.638021700607506,45.6510417360486,-33.659078361262154,16.350544092183924,1.5843987089130827,available,228.36830849281088,50.06947538991141,0.0,0.0,normal,,normal,False
SOLAR_001,2026-01-10 03:00:00,solar,0.0,17.310244569085047,496.1548623495522,0.10341088626168317,0.04949677956943059,18.623238848216452,45.48985910785731,-33.661018034516545,17.389095644836768,1.5807317473866322,available,233.06906818818672,49.95567358517423,0.0,0.0,normal,,normal,False
SOLAR_001,2026-01-10 03:15:00,solar,0.7672054154167076,19.41653149698664,495.31528577508107,0.0,0.0,16.20062161652366,45.29604972932189,-40.64789550278705,19.76312740202193,1.841189096086522,available,227.84473310652902,49.98619259706158,0.0,0.0,normal,,normal,False
SOLAR_001,2026-01-10 03:30:00,solar,32.062084696468226,19.079223874921073,499.595576265979,0.5750764853457336,0.2804062170123528,14.155174349897997,45.13241394799184,-34.443979097304,18.257016568496308,1.8349461396478557,available,233.58115768623026,49.99804609471419,0.0,0.0,normal,,normal,False
SOLAR_001,2026-01-10 03:45:00,solar,0.0,17.370760526347222,497.28089447841694,0.0,0.0,12.542472821007973,45.003397825680636,-27.234680516878992,18.379031531938473,1.2256531619564188,available,232.68827072983746,50.03531401675156,0.0,0.0,normal,,normal,False
SOLAR_001,2026-01-10 04:00:00,solar,0.0,18.79197478975148,505.7018566929977,0.05923341374332228,0.028925872364905438,10.178100827730695,44.814248066218454,-40.097129650274624,19.19581573453709,1.8258485872556358,available,232.97879758285774,49.95740848294018,0.0,0.0,normal,,normal,False
SOLAR_001,2026-01-10 04:15:00,solar,27.877060052331515,20.853682151051423,501.50057771722845,0.6790577741018355,0.33002905746589306,8.701755478295905,44.696140438263676,-25.103341240844454,20.601771212695965,1.4520515230363331,available,231.37078171194617,50.048903401075016,0.0,0.0,normal,,normal,False
SOLAR_001,2026-01-10 04:30:00,solar,0.0,17.963088005291034,497.13407443951786,0.2717544494732286,0.13162272917460124,6.5597747101073836,44.52478197680859,-36.561782260297086,20.326328477208534,1.759528112997877,available,225.77501991972437,49.971016681922336,0.0,0.0,normal,,normal,False
SOLAR_001,2026-01-10 04:45:00,solar,12.999630761396235,17.966648604442717,498.9138382459777,0.221220325405586,0.10638204187097305,5.0,44.4,-26.69884638922548,18.979227041627865,1.8337174362642374,available,227.9217583378489,49.99190514153718,0.5419066147116529,0.0,normal,,normal,False
SOLAR_001,2026-01-10 05:00:00,solar,0.0,23.48911420125298,500.5320263279524,0.0,0.0,5.0,44.4,-0.0,21.802953315565148,1.8131197837974982,available,230.6137764413861,50.08215492928299,1.8131197837974982,0.0,normal,,normal,False
SOLAR_001,2026-01-10 05:15:00,solar,0.0,19.940339148904336,499.72798817540433,0.058889038593444396,0.02844588101331564,5.0,44.4,-0.0,19.551181744438097,2.012373199512526,available,228.64870600289814,49.95153861434507,1.9839273184992101,0.0,normal,,normal,False
SOLAR_001,2026-01-10 05:30:00,solar,0.0,21.115186493065085,501.08698413173704,0.0,0.0,5.0,44.4,-0.0,23.58182910084247,2.085278526716883,available,229.36944024332422,50.03604523562203,2.085278526716883,0.0,normal,,normal,False
SOLAR_001,2026-01-10 05:45:00,solar,0.0,21.153230634139508,500.2746181778492,0.0,0.0,5.0,44.4,-0.0,20.171049157798556,1.8158754332825775,available,231.22561636165184,50.050230543402975,1.8158754332825775,0.0,normal,,normal,False
SOLAR_001,2026-01-10 06:00:00,solar,15.10562439274074,23.388038850224085,494.4373730061197,0.26551052335838193,0.12696779072209272,5.0,44.4,-0.0,23.454372643055663,1.8380405995005358,available,229.6600514299427,50.015494890112016,1.711072808778443,0.0,normal,,normal,False
SOLAR_001,2026-01-10 06:15:00,solar,47.003160249274714,26.468631636755536,492.7044443145872,0.6823313593982977,0.3286622913052399,5.0,44.4,-0.0,27.69962501338183,2.022237497423061,available,227.56195879135132,49.99412345889074,1.693575206117821,0.0,normal,,normal,False
SOLAR_001,2026-01-10 06:30:00,solar,98.01382288814605,26.406562989257218,501.11608766483306,1.9572019536052576,0.9444517665114831,5.0,44.4,-0.0,27.05888457696235,1.7499903703857922,available,231.77131742627714,50.10628520175411,0.8055386038743091,0.0,normal,,normal,False
SOLAR_001,2026-01-10 06:45:00,solar,137.31852087244806,24.697593395890213,506.143777260716,2.6983008844915375,1.3280707471911242,5.0,44.4,-0.0,25.494062741610996,1.992395049869722,available,231.02980555030746,49.999307730279035,0.6643243026785979,0.0,normal,,normal,False
SOLAR_001,2026-01-10 07:00:00,solar,206.293847370243,27.08116104374328,503.7269047637961,4.18744120577782,2.064306638418158,5.0,44.4,-0.0,27.818752412259983,2.3860841369736057,available,229.50200811404088,50.01020387500164,0.32177749855544757,0.0,normal,,normal,False
SOLAR_001,2026-01-10 07:15:00,solar,257.6783714662321,30.30133402827643,511.3750457596841,4.932615877905651,2.455390029846462,5.7267528304088415,44.458140226432704,13.765811623814058,30.326726754932686,1.8433876463442795,available,231.42253236820935,49.983173661306125,0.0,0.0,normal,,normal,False
SOLAR_001,2026-01-10 07:30:00,solar,324.21762143374815,32.61677408208416,507.4661218501062,6.070669573280534,2.9677360899990317,6.752220850949531,44.54017766807596,19.38815834397471,31.824459689347186,2.104184072701609,available,230.19009412619516,50.007554092868986,0.0,0.0,normal,,normal,False
SOLAR_001,2026-01-10 07:45:00,solar,343.25380712746096,31.36405052797952,514.2745580613879,6.479522839488102,3.210933375134612,8.094527658157007,44.64756221265256,25.31747694842237,31.798814720469064,2.080569748012527,available,232.6627223848305,50.04820589893532,0.0,0.0,normal,,normal,False
SOLAR_001,2026-01-10 08:00:00,solar,385.451442066586,36.67703074764396,514.6076137570573,6.937175139746293,3.449409226391387,9.072262492667187,44.725780999413374,18.408972000391334,36.27425412055172,2.6260535762775516,available,230.30241577111502,49.98623473295444,0.0,0.0,normal,,normal,False
SOLAR_001,2026-01-10 08:15:00,solar,460.75736874835434,36.13952963900877,515.3165521210899,8.425351297624877,4.21489925370969,11.533314549761638,44.92266516398093,46.13405911291535,35.65817843814886,2.14243436352489,available,232.64785533316135,49.89457347693681,0.0,0.0,normal,,normal,False
SOLAR_001,2026-01-10 08:30:00,solar,484.22168390592276,41.024278467392335,507.36118204334645,8.99481508414386,4.431866995955052,14.209804804104369,45.13678438432835,49.934583526853636,42.506750354528926,2.177980465982225,available,226.25269443724957,50.02567850914084,0.0,0.0,normal,,normal,False
SOLAR_001,2026-01-10 08:45:00,solar,541.7684309289747,43.371180500565956,513.2554789738941,9.755765826286604,4.825146057471132,17.45713449776015,45.39657075982081,60.23788538355317,42.99018450898911,2.0905526312346847,available,230.91843804642366,49.94608327794456,0.0,0.0,normal,,normal,False
SOLAR_001,2026-01-10 09:00:00,solar,576.0701431359537,41.529373279450574,519.0332295736603,10.453942824719997,5.239487730716998,20.9239520634428,45.673916165075426,63.91887456985658,43.2355036818572,2.3200624122473967,available,229.20427640663831,50.03709382209796,0.0,0.0,normal,,normal,False
SOLAR_001,2026-01-10 09:15:00,solar,615.2072953989566,43.92763297673841,516.1261750486117,10.826716209931465,5.397640452583653,24.492721028196186,45.9594176822557,65.38984346996358,44.18439931788721,2.392361324370277,available,228.281898023313,49.999933763413665,0.0,0.0,normal,,normal,False
SOLAR_001,2026-01-10 09:30:00,solar,668.2366545806269,43.11932553445042,518.0845064258206,11.939989519238486,5.994755439791268,29.02292713553984,46.32183417084319,82.35663536366155,42.9601778029764,2.1798450336071373,available,232.31700115881026,50.04715545516557,0.0,0.0,normal,,normal,False
SOLAR_001,2026-01-10 09:45:00,solar,721.8953205302776,47.59831820867609,511.0778430255884,12.801636508018047,6.411279458227608,33.58218325293949,46.68657466023516,82.23720845849972,45.78075648476713,2.571905885680539,available,231.77817486375264,49.95258281160414,0.0,0.0,normal,,normal,False
SOLAR_001,2026-01-10 10:00:00,solar,730.8354113185953,46.47334411611916,524.995667798121,12.816119720295163,6.4951607977346,38.33218325293949,47.06657466023516,84.98600182561096,48.59319984405759,2.4439241485606993,available,225.98704662181507,49.97323893980828,0.0,0.05123664917390158,normal,,normal,False
SOLAR_001,2026-01-10 10:15:00,solar,732.319685285436,45.94001780210622,514.7719572203921,13.099865691609907,6.508199896597489,43.00407818256075,47.44032625460486,82.93002219336259,45.93404824685178,2.573972587442746,available,231.43099127063294,49.98299819870033,0.0,0.0,normal,,normal,False
SOLAR_001,2026-01-10 10:30:00,solar,702.4965909399523,46.68188567315798,510.4998900832249,12.630405238737744,6.217854445456571,47.59701439921669,47.807761151937335,80.90183828317052,44.41110587865388,2.350118684062095,available,231.18829609281187,49.92588588986914,0.0,0.0,normal,,normal,False
SOLAR_001,2026-01-10 10:45:00,solar,764.7456236937593,48.240305865853756,517.5340996386018,13.551976295998305,6.825488863479993,52.34701439921669,48.18776115193734,83.0086292531394,49.22803149799511,2.474755424451064,available,228.55385698668468,50.05557101043577,0.0,0.35073343902892873,normal,,normal,False
SOLAR_001,2026-01-10 11:00:00,solar,844.5318921821416,50.68773602653898,509.52858111969704,14.83557616581783,7.330813034990777,57.09701439921669,48.56776115193733,82.35915976210163,50.63754421450188,2.3920473228552646,available,228.32939210607367,49.918728854194434,0.0,0.9387657121355133,normal,,normal,False
SOLAR_001,2026-01-10 11:15:00,solar,820.6842198038624,52.21973454004993,515.2752050288999,14.322528822668609,7.125571699675789,61.84701439921669,48.947761151937335,81.71977442612166,51.28840908795016,2.732889686079684,available,226.81884955080318,50.05486568089891,0.0,0.39268201359610533,normal,,normal,False
SOLAR_001,2026-01-10 11:30:00,solar,826.376143305582,49.94859892126496,530.0629445598939,13.935843135286078,7.151868199386805,66.59701439921669,49.32776115193734,81.0902401931311,50.87978233610414,2.469403015092427,available,229.32493620552606,50.021219923933685,0.0,0.6824651842943776,normal,,normal,False
SOLAR_001,2026-01-10 11:45:00,solar,863.4613437068475,54.817578998797735,518.4370153547592,14.564385359864518,7.2943126327977845,71.34701439921669,49.70776115193733,80.47033113749687,52.26884660176258,2.4507873051203712,available,229.64502492338687,49.990056633382856,0.0,0.8435253276774137,normal,,normal,False
SOLAR_001,2026-01-10 12:00:00,solar,826.1181698533696,49.42684558111969,514.2888513280808,14.56699006616973,7.2779749264444655,76.09701439921669,50.087761151937336,79.8598281896911,48.71275038679348,2.3583516001958174,available,231.59399356071702,50.01725580743174,0.0,0.9196233262486482,normal,,normal,False
SOLAR_001,2026-01-10 12:15:00,solar,850.0223803592363,54.53920188157141,520.0583700110365,14.268835743616682,7.297607428807597,80.84701439921669,50.46776115193734,79.25851887817396,54.239799488902264,2.3458437893629385,available,230.53876072900113,50.01588666441651,0.0,0.9517636394446587,normal,,normal,False
SOLAR_001,2026-01-10 12:30:00,solar,806.2780280829268,49.5722987988298,516.2376822473483,14.138709025726701,7.100069961828487,85.59701439921669,50.847761151937334,78.66619708285027,50.424486745940584,2.49369460258298,available,227.88018376939132,49.9799786044211,0.0,0.6063753592455061,normal,,normal,False
SOLAR_001,2026-01-10 12:45:00,solar,773.5572333946831,50.32242344873237,523.0737824067603,13.300426201037942,6.745156459417024,90.34701439921669,51.22776115193734,78.08266279949905,52.56267499346388,2.605270868055997,available,230.4777486498897,50.01490749071799,0.0,0.1398855913610273,normal,,normal,False
SOLAR_001,2026-01-10 13:00:00,solar,808.4678075462405,50.47640101843898,515.7603374082372,14.181774321052092,7.070645335021285,95.09701439921669,51.60776115193733,77.50772191461054,50.23163220535666,2.297755002248063,available,229.49190916119218,50.03655916642585,0.0,0.7728903327732226,normal,,normal,False
SOLAR_001,2026-01-10 13:15:00,solar,657.9294443624404,46.91765556442445,520.0215374304427,11.537044094620757,5.779227344682432,99.0487685047488,51.923901480379904,64.08980904934226,47.37759975922617,2.4514344137080233,available,228.1303475726711,49.95276586500895,0.0,0.0,normal,,normal,False
SOLAR_001,2026-01-10 13:30:00,solar,764.5423451162753,51.25570851205688,513.8893545027358,13.32053641539522,6.665034969380219,100.0,52.0,15.404558627549912,54.00409680685003,2.452579687833902,available,226.82098551245525,50.01730974761698,0.0,3.411418232913722,normal,,normal,False
SOLAR_001,2026-01-10 13:45:00,solar,573.2053831015332,47.44537173620416,528.333567409816,9.923436798022914,5.103407099888493,100.0,52.0,0.0,47.4501085440981,2.4752654369648317,available,231.249606670051,49.86868374518764,0.0,2.628141662923661,normal,,normal,False
SOLAR_001,2026-01-10 14:00:00,solar,622.3151496385863,48.10514658242159,519.335002955798,10.811656593165017,5.433340071006635,100.0,52.0,0.0,48.57334563844488,2.048212151330854,available,230.89279429895893,49.903520005005,0.0,3.3851279196757806,normal,,normal,False
SOLAR_001,2026-01-10 14:15:00,solar,725.1313427906256,48.14950997771861,516.047369056121,12.682063885527707,6.387912929776154,100.0,52.0,0.0,46.91215848021307,2.189214785593948,available,231.11353805656182,50.02822633257782,0.0,4.198698144182206,normal,,normal,False
SOLAR_001,2026-01-10 14:30:00,solar,652.6931038137905,47.060867156530605,514.6952338032996,11.608216053783448,5.796083209016308,100.0,52.0,0.0,49.02003431817257,2.0838400991066757,available,228.54351113301647,49.97910853840779,0.0,3.712243109909632,normal,,normal,False
SOLAR_001,2026-01-10 14:45:00,solar,558.3078966237124,43.06268979581909,512.8223962165821,10.097517035318475,5.042945353011186,100.0,52.0,0.0,42.34971345093344,2.3449047986958886,available,230.34215972420353,49.957328091375324,0.0,2.6980405543152974,normal,,normal,False
SOLAR_001,2026-01-10 15:00:00,solar,576.7027382364445,42.99242081354015,511.0984817045009,10.431669714008148,5.179558271206467,100.0,52.0,0.0,43.2609921087202,2.1380033775558847,available,227.2492717058655,49.99734872632215,0.0,3.0415548936505825,normal,,normal,False
SOLAR_001,2026-01-10 15:15:00,solar,573.729781467959,42.44408046422379,510.0333293972766,10.455848203274767,5.1681229600452845,100.0,52.0,0.0,42.68431625134359,2.1974573931096817,available,228.02683437629625,49.98020241725629,0.0,2.970665566935603,normal,,normal,False
SOLAR_001,2026-01-10 15:30:00,solar,490.2775178816099,41.1540513686027,518.8885439820223,8.991727568416783,4.503457246297222,100.0,52.0,0.0,41.239389690617834,2.035086538271755,available,230.06746439949666,49.95056961010935,0.0,2.468370708025467,normal,,normal,False
SOLAR_001,2026-01-10 15:45:00,solar,496.0571516948061,42.03871589124541,508.9009488295071,9.039742472970609,4.458975931696686,100.0,52.0,0.0,41.60440221334199,2.1693592974252605,available,230.52470606064435,49.91804754940333,0.0,2.2896166342714253,normal,,normal,False
SOLAR_001,2026-01-10 16:00:00,solar,398.0430264378148,36.033100389623954,501.4823243734463,7.539973301422177,3.6836480923888257,100.0,52.0,0.0,36.274426634630565,2.0001792797562463,available,226.74236420812127,49.90159212646332,0.0,1.6834688126325794,normal,,normal,False
SOLAR_001,2026-01-10 16:15:00,solar,361.3740976845014,37.580242593941875,504.18190292086047,6.63752862525029,3.237623732401725,100.0,52.0,0.0,39.33759006915217,2.350611599005141,available,227.88491057139473,50.036939619262995,0.0,0.8870121333965844,normal,,normal,False
SOLAR_001,2026-01-10 16:30:00,solar,308.9293185637567,38.25860065397925,511.36456712729836,5.716736958421815,2.8420641793659063,100.0,52.0,0.0,40.53953462989223,2.2680531385234057,available,229.26921432783354,49.97887502237614,0.0,0.5740110408425005,normal,,normal,False
SOLAR_001,2026-01-10 16:45:00,solar,259.707785794299,36.064552879605884,505.4194930796979,4.976024959017115,2.4259153164585445,100.0,52.0,0.0,35.88941000568161,2.174693615681293,available,231.91703746582058,50.04847746569675,0.0,0.2512217007772515,normal,,normal,False
SOLAR_001,2026-01-10 17:00:00,solar,203.9829066563466,31.721796551618663,504.64005450150495,4.01631557052591,1.973894983792566,99.89186157820072,51.99134892625606,-1.5807476102231042,31.272333262607397,2.0560801843600207,available,228.37379449426757,49.978367491769845,0.0,0.0,normal,,normal,False
SOLAR_001,2026-01-10 17:15:00,solar,190.013855143723,29.751057846201906,508.5810642459989,3.6757930844232316,1.816280719377691,100.0,52.0,1.751229502822381,28.942293418774504,1.6802532916467128,available,230.28115056559017,50.01774849762517,0.0,0.0449634935842145,normal,,normal,False
SOLAR_001,2026-01-10 17:30:00,solar,106.77958928728333,30.03801921843495,499.50185748771185,2.1903207169457932,1.0546712264284828,98.79944179609004,51.9039553436872,-17.579088702004764,32.724154824807265,1.9670954614000542,available,230.49078528126816,49.99372977793827,0.0,0.0,normal,,normal,False
SOLAR_001,2026-01-10 17:45:00,solar,7.236339648887665,22.954842373033074,503.8377334731265,0.2173654085749414,0.106108721073081,96.46913735090186,51.71753098807215,-34.24431415241903,23.083677271329893,1.8771400994160896,available,229.50061634855305,50.002222336442955,0.0,0.0,normal,,normal,False
SOLAR_001,2026-01-10 18:00:00,solar,0.0,27.47696448954166,497.3284674008496,0.11189287388964389,0.0542372479835674,93.84385104107352,51.507508083285884,-38.736441923055914,28.592007059112184,2.049454843453104,available,230.53604007631887,50.00465184053055,0.0,0.0,normal,,normal,False
SOLAR_001,2026-01-10 18:15:00,solar,49.311074395949504,26.278027927186773,502.30350654700936,1.0746591104574534,0.5202127277878489,91.77240722815317,51.34179257825225,-30.663076195090117,26.974688568465933,2.09451002560731,available,227.3101663908725,49.97771466215843,0.0,0.0,normal,,normal,False
SOLAR_001,2026-01-10 18:30:00,solar,15.594592229730715,28.050498632149733,498.43545899692134,0.4665438154821906,0.22432051693847457,89.42784245307276,51.15422739624582,-34.8332741937158,30.25890033083244,2.006189745999594,available,228.6884256028761,49.938518924356025,0.0,0.0,normal,,normal,False
SOLAR_001,2026-01-10 18:45:00,solar,0.0,21.867373676246302,499.03380330057723,0.0,0.0,86.57939900975951,50.92635192078076,-42.50877856488862,21.61967339816387,2.16481701691806,available,232.86871971493778,50.03830658727868,0.0,0.0,normal,,normal,False
SOLAR_001,2026-01-10 19:00:00,solar,10.639917259750021,25.6432172693055,503.2805346300451,0.0790265400740025,0.03900358344691113,84.30194506320696,50.744155605056555,-34.10964235667485,24.53614896027923,1.7698685828268477,available,233.0095298039952,50.0796773396096,0.0,0.0,normal,,normal,False
SOLAR_001,2026-01-10 19:15:00,solar,0.0,23.391414840167705,502.99209923073,0.06597705458003252,0.03207875839850062,82.06336834485045,50.56506946758804,-33.64611823665119,25.25086659185476,1.7333970643494487,available,231.6858414905538,50.0829607704987,0.0,0.0,normal,,normal,False
SOLAR_001,2026-01-10 19:30:00,solar,0.0,22.589740857251517,499.33828805838164,0.07815875609678018,0.037953476607145924,79.43519120720693,50.354815296576554,-39.66680471062867,23.493047301892982,2.0353681012162252,available,232.2007843799073,49.9723365044466,0.0,0.0,normal,,normal,False
SOLAR_001,2026-01-10 19:45:00,solar,0.0,20.579602548068888,498.11350532002086,0.15759414035285704,0.07624687942688262,77.12207740604615,50.16976619248369,-35.04035641979068,21.03588565039014,1.8342133683090762,available,226.34817828792046,49.96334146210147,0.0,0.0,normal,,normal,False
SOLAR_001,2026-01-10 20:00:00,solar,1.6474759062995017,23.123075442007416,506.3965903379266,0.1592881269937896,0.07800531334562617,74.95418932901202,49.99633514632096,-32.95431422571322,24.658268068421354,1.725600251891557,available,228.10260822941285,49.972285877608236,0.0,0.0,normal,,normal,False
SOLAR_001,2026-01-10 20:15:00,solar,0.0,22.764129820043156,502.3573232459919,0.1936343281803733,0.09443378423383607,72.28989480284584,49.783191584227666,-40.67364456656929,23.277460305591422,2.1192976241201356,available,229.37779686064377,49.99120812989281,0.0,0.0,normal,,normal,False
SOLAR_001,2026-01-10 20:30:00,solar,0.0,23.998907676393205,498.43543276536843,0.06217996751229369,0.029993520021379918,69.90619750494947,49.59249580039596,-36.52992085118588,25.568808367032915,1.8416034664226122,available,234.83128385282808,49.99737695179368,0.0,0.0,normal,,normal,False
SOLAR_001,2026-01-10 20:45:00,solar,0.18604013728238505,22.420705566189937,497.387662546841,0.026780167793412364,0.012896691286776682,67.7321332192503,49.41857065754002,-33.43457399003664,22.667297461698944,1.6651855484181524,available,229.37383205098712,49.950103577087134,0.0,0.0,normal,,normal,False
SOLAR_001,2026-01-10 21:00:00,solar,0.0,19.6091570065664,504.09959002776856,0.0,0.0,65.69974771170214,49.25597981693617,-31.358892696425347,20.51110583126828,1.5446129857365938,available,231.48980859924635,49.92601320767273,0.0,0.0,normal,,normal,False
SOLAR_001,2026-01-10 21:15:00,solar,7.106602880629634,18.78287956545226,500.4616003442126,0.1763135467554077,0.08558023393644648,63.276860360366896,49.06214882882935,-37.53187397965676,19.309270890896745,1.9269746209512342,available,230.7567440565097,50.00249711532537,0.0,0.0,normal,,normal,False
SOLAR_001,2026-01-10 21:30:00,solar,0.0,17.685932846655376,499.34578801949567,0.0,0.0,61.06055720109469,48.88484457608757,-34.456290403566335,17.36064911162515,1.684390401046878,available,230.71224692146242,49.82347954495517,0.0,0.0,normal,,normal,False
SOLAR_001,2026-01-10 21:45:00,solar,12.854047473959412,21.915766999607712,500.45990070225037,0.28114494350115826,0.13652111693322494,59.09447701499164,48.72755816119933,-30.664802379285437,21.71037655627022,1.63074205837154,available,229.95293875292558,49.99496715903421,0.0,0.0,normal,,normal,False
SOLAR_001,2026-01-10 22:00:00,solar,0.0,17.88299110527737,501.351187498548,0.005436626826560971,0.00265875129920278,56.80120714329583,48.54409657146367,-35.90313190653468,17.49012888996718,1.7455438537880208,available,227.59993433954776,49.952762619579445,0.0,0.0,normal,,normal,False
SOLAR_001,2026-01-10 22:15:00,solar,29.569217434877338,21.696696586976056,499.7732434102769,0.6466650664627348,0.3144280889690075,54.88279036867467,48.390623229493976,-30.12973694919127,21.96218368229239,1.7724248376810854,available,224.59767217302897,50.039007726330645,0.0,0.0,normal,,normal,False
SOLAR_001,2026-01-10 22:30:00,solar,0.0,19.234134679254453,504.814747467372,0.0,0.0,52.65354272753243,48.212283418202595,-35.141007377145776,18.778332272855945,1.6942282072681003,available,232.56368496407146,50.05238174385526,0.0,0.0,normal,,normal,False
SOLAR_001,2026-01-10 22:45:00,solar,0.0,18.674567036273125,505.0373539048479,0.09256940932222098,0.045201698482945786,50.40949686125527,48.032759748900425,-35.50649322017537,19.110466600376974,1.7506765568535911,available,228.76700442748492,50.053562288012394,0.0,0.0,normal,,normal,False
SOLAR_001,2026-01-10 23:00:00,solar,7.512674454572926,17.665336566032806,502.1275524768072,0.0,0.0,48.23106495342572,47.85848519627406,-34.5938289346306,18.06723813270546,1.6556082499504556,available,226.2657736100579,49.98267765593547,0.0,0.0,normal,,normal,False
SOLAR_001,2026-01-10 23:15:00,solar,29.956198526957486,19.461805141948496,505.4988759619825,0.624527194076611,0.30390567620712583,46.434066184613265,47.71472529476906,-28.622590947771606,19.666959275521517,1.6696247405045916,available,230.87592204200587,49.94324279940183,0.0,0.0,normal,,normal,False
SOLAR_001,2026-01-10 23:30:00,solar,5.670774650091073,17.651406494418065,500.03398707255286,0.23698213967994983,0.11478590737127185,44.73309732403192,47.578647785922556,-27.170514384066163,17.873925164155285,1.4075222414130983,available,230.83757881813807,49.95927038415667,0.0,0.0,normal,,normal,False
SOLAR_001,2026-01-10 23:45:00,solar,10.13144256328304,17.070955220413122,502.76132402001844,0.39388502668196396,0.19223381358628144,42.468886209189996,47.3975108967352,-36.3057134166594,16.504796797967817,1.9130342608661404,available,231.53578462296272,50.01438053415907,0.0,0.0,normal,,normal,False
SOLAR_001,2026-01-11 00:00:00,solar,0.3156642301150527,18.290418001701703,504.0178252754878,0.07904368898076883,0.03898595235366397,40.805361583073946,47.26442892664591,-26.749053031199164,18.008441633857977,1.3032646682018594,available,232.23143140359673,49.91770677624794,0.0,0.0,normal,,normal,False
SOLAR_001,2026-01-11 00:15:00,solar,0.0,16.91854487334569,504.07615312006646,0.16712584121998872,0.08193936608104761,38.79101994970411,47.10328159597633,-32.50091266447662,15.247936047332878,1.6128390074421233,available,228.16202726144076,50.0696774744732,0.0,0.0,normal,,normal,False
SOLAR_001,2026-01-11 00:30:00,solar,0.0,15.862383802275087,503.6639965909534,0.0167707039715152,0.008156869552218875,37.10899425076484,46.96871954006119,-27.216827363230685,15.74251445597302,1.286496400746064,available,228.25003658666333,49.98346849841013,0.0,0.0,normal,,normal,False
SOLAR_001,2026-01-11 00:45:00,solar,0.0,17.914727700520753,502.52475677632674,0.0002848193933196795,0.0001378048572186387,35.084148104456766,46.80673184835654,-32.877387726615424,16.928916470399606,1.5390208760513553,available,229.36259346320506,50.02500868362215,0.0,0.0,normal,,normal,False
SOLAR_001,2026-01-11 01:00:00,solar,0.0,16.90402151655715,507.82851246255234,0.05212543508639554,0.025649320720019093,33.208588459882705,46.65668707679062,-30.551361855809123,17.003873947340285,1.4510746505963024,available,231.6432803681103,49.91092869431316,0.0,0.0,normal,,normal,False
SOLAR_001,2026-01-11 01:15:00,solar,7.231480547755436,17.92913956866037,497.841216858938,0.14904431454623943,0.07227555707717012,31.197066013936876,46.49576528111495,-32.87949020036368,17.21465044624691,1.601032615995999,available,225.79472201237522,49.953700898712086,0.0,0.0,normal,,normal,False
SOLAR_001,2026-01-11 01:30:00,solar,0.0,16.37909618285205,499.37911684975916,0.0,0.0,29.02258476835602,46.32180678146848,-35.676625362173745,14.328423384403186,1.65260574664145,available,230.2564126721825,49.90471604271718,0.0,0.0,normal,,normal,False
SOLAR_001,2026-01-11 01:45:00,solar,5.751972121020505,15.464620383181469,499.14195809339947,0.0680199249168882,0.03302505670255941,27.21716967755495,46.177373574204395,-29.71402145260387,17.717063362849945,1.4051405257113718,available,231.86424364896135,50.05105947469006,0.0,0.0,normal,,normal,False
SOLAR_001,2026-01-11 02:00:00,solar,0.0,19.841130159747937,498.52773142094475,0.0,0.0,25.106109575835625,46.00848876606685,-34.87194907584103,19.609700786402257,1.6044056773066873,available,231.78171289403627,49.99198976300625,0.0,0.0,normal,,normal,False
SOLAR_001,2026-01-11 02:15:00,solar,5.334894362101584,19.824778568732164,492.04491182634024,0.16435932331777184,0.07873593058798785,22.703691696405198,45.81629533571242,-39.85127071031293,21.271836430415863,1.9045735189551112,available,231.41712316967465,50.028565247671814,0.0,0.0,normal,,normal,False
SOLAR_001,2026-01-11 02:30:00,solar,0.0,18.858520714313936,505.49945922283297,0.0011267878028980792,0.0005479539902957608,20.88791534985473,45.67103322798838,-30.215870450959343,18.331531015745252,1.3805379773686521,available,232.12600104049108,50.003170684116505,0.0,0.0,normal,,normal,False
SOLAR_001,2026-01-11 02:45:00,solar,25.3190796057116,17.77315177135256,495.8958381638149,0.4890050639285375,0.23716574409841132,19.23831589103416,45.53906527128273,-27.530112470143848,19.47126819566081,1.4908613328020468,available,224.5056345869686,50.02342375269562,0.0,0.0,normal,,normal,False
SOLAR_001,2026-01-11 03:00:00,solar,5.82694012042317,17.6330187167779,500.67925963498436,0.06321869960754424,0.030526659709999814,16.839070866903736,45.3471256693523,-40.21040344727907,16.481320853359648,1.8539528780491206,available,233.22693737914454,49.983127906979576,0.0,0.0,normal,,normal,False
SOLAR_001,2026-01-11 03:15:00,solar,22.244092073894546,20.809306184574243,494.31255528930046,0.5086305466490386,0.24487760195120833,14.899692256504993,45.1919753805204,-32.61481118035766,20.985337760429797,1.718805345854253,available,230.66080990714676,49.989822720526305,0.0,0.0,normal,,normal,False
SOLAR_001,2026-01-11 03:30:00,solar,0.0,17.915781561610235,502.48286292287895,0.07765918384462928,0.03779863038373076,12.638521582127023,45.01108172657016,-38.179258231708495,16.823492141962696,1.7562883429109886,available,232.669302543356,49.995413379059535,0.0,0.0,normal,,normal,False
SOLAR_001,2026-01-11 03:45:00,solar,1.0105801243950112,17.813551796236084,496.8584158562392,0.0,0.0,10.066871759916964,44.80534974079336,-43.620993389996855,20.41429498486394,1.9544538648796446,available,227.65073104617326,50.020281582746364,0.0,0.0,normal,,normal,False
SOLAR_001,2026-01-11 04:00:00,solar,0.0,21.858604545148847,495.4561523035638,0.0,0.0,7.940310891969146,44.63522487135753,-36.20876257033153,21.609343070410368,1.6161862596403413,available,226.4923463108227,50.0216059210609,0.0,0.0,normal,,normal,False
SOLAR_001,2026-01-11 04:15:00,solar,0.0,19.313062771878712,500.7773738579268,0.0953028237146168,0.04635472712790274,5.768273633740162,44.46146189069921,-37.12762122649286,20.14151532483448,1.6971030433819303,available,233.5727553700113,50.140571844200366,0.0,0.0,normal,,normal,False
SOLAR_001,2026-01-11 04:30:00,solar,0.0,22.391307989709723,497.1970616780695,0.0,0.0,5.0,44.4,-13.1506297667235,22.841885416028564,1.699264082142342,available,228.14695633076096,50.08408010636898,1.1153761204998185,0.0,normal,,normal,False
SOLAR_001,2026-01-11 04:45:00,solar,0.0,18.01342050282778,497.7033636156545,0.05500131944509769,0.026697971188677394,5.0,44.4,-0.0,17.987904876042467,1.785711631146465,available,229.37830219073382,49.91106206070552,1.7590136599577875,0.0,normal,,normal,False
SOLAR_001,2026-01-11 05:00:00,solar,0.0,21.27727732417675,500.68715846079846,0.16146901028225694,0.07898922751448142,5.0,44.4,-0.0,21.794997188759773,2.1514358466934014,available,231.054909280925,49.992844726103634,2.07244661917892,0.0,normal,,normal,False
SOLAR_001,2026-01-11 05:15:00,solar,0.0,24.01060306729191,503.1999578145377,0.16089377376199318,0.07866721221383118,5.0,44.4,-0.0,25.369776005957164,1.57199333598784,available,231.54577332057704,49.979705207986726,1.4933261237740088,0.0,normal,,normal,False
SOLAR_001,2026-01-11 05:30:00,solar,0.0,21.365842090432665,496.72639804851315,0.0742735430944448,0.036102938958245095,5.0,44.4,-0.0,22.034048021531607,1.702419451318962,available,232.15683258972857,50.0640065240405,1.666316512360717,0.0,normal,,normal,False
SOLAR_001,2026-01-11 05:45:00,solar,0.0,21.353917004476173,496.035230104034,0.07144749730512703,0.034393736448876916,5.0,44.4,-0.0,21.516371877755102,1.6974319783877996,available,230.4467723347816,49.98421260186994,1.6630382419389227,0.0,normal,,normal,False
SOLAR_001,2026-01-11 06:00:00,solar,11.294890140093202,20.719011061387054,500.0939346667291,0.4548713554233639,0.2218795258041252,5.0,44.4,-0.0,21.238333999365402,2.2803387901371934,available,227.89138155388193,50.023214443872334,2.0584592643330684,0.0,normal,,normal,False
SOLAR_001,2026-01-11 06:15:00,solar,19.55585136361547,24.746778611630358,503.46507290563517,0.15698568408856017,0.07683512779250748,5.0,44.4,-0.0,26.661817297163143,1.9065514212136119,available,231.41326526500845,49.88314691848599,1.8297162934211044,0.0,normal,,normal,False
SOLAR_001,2026-01-11 06:30:00,solar,77.4278120602971,23.866819832006037,508.4615446118435,1.4840275164134384,0.729861726315876,5.0,44.4,-0.0,23.450009458927013,1.9934020572820237,available,231.44511211280027,49.924319959430335,1.2635403309661477,0.0,normal,,normal,False
SOLAR_001,2026-01-11 06:45:00,solar,182.2265473428915,27.955628939876302,499.61648804714775,3.6891222521687386,1.7895221198056366,5.029281743698047,44.40234253949584,0.5553380536315715,26.101742035228114,1.7648638093230706,available,226.36993021762757,50.10461465895512,0.0,0.0,normal,,normal,False
SOLAR_001,2026-01-11 07:00:00,solar,186.87766598560256,26.820188229951146,503.9045124969689,3.6481241242154514,1.7877819420224208,5.0,44.4,-0.501219036272881,25.723687259305876,2.0639913630629505,available,232.83736968330672,50.002512219910415,0.2539552958300138,0.0,normal,,normal,False
SOLAR_001,2026-01-11 07:15:00,solar,264.39853887497867,33.403127276631615,511.1319334063642,5.120210947850509,2.538168892403411,5.261507436757706,44.42092059494062,4.957501688375117,32.38100376885938,2.317952103554816,available,225.02584877487942,49.950076998826546,0.0,0.0,normal,,normal,False
SOLAR_001,2026-01-11 07:30:00,solar,315.1729176858505,34.52533425377515,515.5460467918567,5.876635844942024,2.9450401951473397,6.119168910360249,44.48953351282882,16.233958504424287,33.64405461740183,2.222798954218883,available,232.0688312731877,50.01214354356113,0.0,0.0,normal,,normal,False
SOLAR_001,2026-01-11 07:45:00,solar,362.4044152943322,34.37836551265151,504.87340980714504,6.921895341039972,3.404961313105575,7.576830163020763,44.606146413041664,27.51872357231602,33.53145853113551,2.1774571003388257,available,228.73178006388434,49.94734705232737,0.0,0.0,normal,,normal,False
SOLAR_001,2026-01-11 08:00:00,solar,370.68456723633045,33.34762409324552,507.0447523207734,7.039494060111433,3.461841233227023,9.417239439772642,44.75337915518181,34.630197039275956,33.32402451809649,1.9120228949096518,available,231.41101896256708,49.98583132290521,0.0,0.0,normal,,normal,False
SOLAR_001,2026-01-11 08:15:00,solar,442.755341121625,39.62282035902671,512.6358050388314,8.080696958561484,3.957206347971073,11.522427755454085,44.921794220436325,39.46392149597955,39.87023828792051,2.1844161873972263,available,231.0203884105984,49.9273691030378,0.0,0.0,normal,,normal,False
SOLAR_001,2026-01-11 08:30:00,solar,394.24184774627435,35.985932629641766,509.8642560114021,7.338852174914258,3.6609627627159957,13.134621891120398,45.05076975128963,30.135715202469566,36.222604355100636,2.303325595839101,available,229.92575490218854,49.96056393911033,0.0,0.0,normal,,normal,False
SOLAR_001,2026-01-11 08:45:00,solar,548.5663117495066,39.1523713640444,510.14998928396153,10.170892825367549,5.025299905094334,16.61038601202123,45.328830880961696,64.57169097064227,38.42209345051921,2.0983406453883697,available,230.90217327876064,49.97918316552707,0.0,0.0,normal,,normal,False
SOLAR_001,2026-01-11 09:00:00,solar,461.0138292634096,36.38216871287642,515.1200180492066,8.466991000494387,4.212717308716183,18.70459097990539,45.496367278392434,38.76223819795427,37.376068780671226,2.449176283129523,available,229.82710268917197,50.05603496571683,0.0,0.0,normal,,normal,False
SOLAR_001,2026-01-11 09:15:00,solar,568.4924527619461,41.13235525234521,521.2344759645387,10.294291976016114,5.174609269803934,21.86247131084778,45.748997704867826,58.127342248340156,41.66681107412374,2.5153416226945535,available,231.42790165314025,50.023202300384156,0.0,0.0,normal,,normal,False
SOLAR_001,2026-01-11 09:30:00,solar,599.7626803269774,41.07343982744057,510.6291376254272,11.054359631003608,5.465842137492903,25.67976472620782,46.05438117809663,69.79928497272928,42.65474846489805,2.251279261400237,available,234.37054352423075,50.031926201797106,0.0,0.0,normal,,normal,False
SOLAR_001,2026-01-11 09:45:00,solar,656.1960433303345,44.0860905341746,522.6227286771689,11.702442768199916,5.915274971185676,29.71245203439586,46.37699616275167,73.22482023151582,44.93285157462132,2.5193277642904865,available,227.31752201873024,49.9987112674318,0.0,0.0,normal,,normal,False
SOLAR_001,2026-01-11 10:00:00,solar,740.7962430461594,48.58626664500639,515.0214312013571,12.917154706396586,6.428517970629833,34.46245203439586,46.75699616275167,85.54869491780026,48.236734886417615,2.367763512206191,available,223.62370734412363,50.04114245491848,0.0,0.060754458423641466,normal,,normal,False
SOLAR_001,2026-01-11 10:15:00,solar,750.2414049453041,47.455813530022596,519.3206225156866,12.985328689179612,6.518242749531622,39.07615365758316,47.12609229260665,82.44312716197098,48.76130183365509,2.6330203300054724,available,229.16865146610817,49.95632403653284,0.0,0.0,normal,,normal,False
SOLAR_001,2026-01-11 10:30:00,solar,693.3677245032546,47.42120656779058,524.8409935346332,12.025779990246537,6.138991331722579,43.01439695705421,47.44115175656434,69.90587891074964,47.69479265410343,2.822575921641695,available,229.03194820017194,49.963364702750916,0.0,0.0,normal,,normal,False
SOLAR_001,2026-01-11 10:45:00,solar,733.0054519198568,47.06042159481589,520.2398969591105,13.125056762778799,6.692651249219818,47.76439695705421,47.82115175656433,83.64499500894865,47.85840021369644,2.2073854618861484,available,229.24486364920406,50.020379553572845,0.0,0.48526578733366943,normal,,normal,False
SOLAR_001,2026-01-11 11:00:00,solar,692.5471426891471,47.47360999326609,518.1285523329846,12.286951687300501,6.201353574221852,52.05458516717711,48.164366813374166,75.00960379446425,48.19403972796342,2.588563502539414,available,228.14712209214477,49.986042630498645,0.0,0.0,normal,,normal,False
SOLAR_001,2026-01-11 11:15:00,solar,760.3474751067178,52.1681473015258,522.4884080988435,12.917919408086252,6.584863928442882,56.665074863523905,48.533205989081914,79.99713927619572,52.04382746824606,2.7023462894139993,available,231.7448683384032,49.999307707581856,0.0,0.0,normal,,normal,False
SOLAR_001,2026-01-11 11:30:00,solar,806.5216021451986,50.10746766416863,519.1362324181464,14.016461521915232,7.0444284037039395,61.415074863523905,48.91320598908191,81.77750607663816,50.21073804459924,2.252014119547848,available,227.23734108823663,49.99179323610427,0.0,0.7924142841560915,normal,,normal,False
SOLAR_001,2026-01-11 11:45:00,solar,744.1233262616192,49.80823821943571,522.0425826631505,12.909286104416081,6.5405479491564,66.1650748635239,49.29320598908191,81.14708548042039,49.67686358738151,2.3340123818136393,available,230.90155021144332,50.06267252072807,0.0,0.20653556734276002,normal,,normal,False
SOLAR_001,2026-01-11 12:00:00,solar,815.9912086226756,48.812970158387714,519.1812760064887,14.088038302215582,7.110415316568363,70.9150748635239,49.673205989081914,80.52631031866945,47.96002387014619,2.332724580354159,available,231.27693123571407,50.065277646633945,0.0,0.777690736214204,normal,,normal,False
SOLAR_001,2026-01-11 12:15:00,solar,812.260897710221,53.45217858920345,523.4017900527282,13.883534072198662,7.02470265154225,75.6650748635239,50.05320598908191,79.91496090924763,51.307483811247785,2.422480267750147,available,230.63293181408122,49.968691711971815,0.0,0.6022223837921032,normal,,normal,False
SOLAR_001,2026-01-11 12:30:00,solar,741.0587494113483,48.75077282148308,514.2519704572753,13.02510822006326,6.4829838412306815,80.4150748635239,50.43320598908191,79.31282419098925,48.056967268716065,2.3748770863740902,available,230.97428655165186,49.91200653265546,0.0,0.10810675485659083,normal,,normal,False
SOLAR_001,2026-01-11 12:45:00,solar,797.3130610512081,52.49363946381018,515.5616191116899,13.75539759318701,6.909303768878408,85.1650748635239,50.813205989081915,78.71969347613036,52.69280512027657,2.4016964585704375,available,231.89853451145493,49.96442515495562,0.0,0.5076073103079697,normal,,normal,False
SOLAR_001,2026-01-11 13:00:00,solar,760.3703109105095,49.82448732912438,513.6828028263095,13.334805406065547,6.681706174482721,89.9150748635239,51.19320598908191,78.13536821376432,50.910072208348105,2.6022642874857143,available,230.1071305645138,49.9551519926716,0.0,0.0794418869970066,normal,,normal,False
SOLAR_001,2026-01-11 13:15:00,solar,754.242185067568,50.75843613689064,518.7128848731168,13.152796258526472,6.620148685874867,94.6650748635239,51.57320598908191,77.55965376375482,51.55442612533894,2.0469562138955664,available,229.3070067725487,50.041587417039956,0.0,0.5731924719793007,normal,,normal,False
SOLAR_001,2026-01-11 13:30:00,solar,692.475589050362,49.25852239669222,512.3594377749866,12.130272111582318,5.99146775282419,99.14254438245673,51.93140355059654,72.6054061652465,48.978909301703986,2.2209671053018036,available,230.97274087724972,50.046024873838725,0.0,0.0,normal,,normal,False
SOLAR_001,2026-01-11 13:45:00,solar,684.5293033383537,47.300069037012385,515.1701285303865,11.93652768997742,5.955773747393036,100.0,52.0,13.885920931874757,46.61989240319209,2.537578348931683,available,231.200732475224,49.9484462908481,0.0,2.6961275100038655,normal,,normal,False
SOLAR_001,2026-01-11 14:00:00,solar,670.904872370369,49.17196224692548,512.8904736574135,11.847584056628273,5.850426271675254,100.0,52.0,0.0,48.9920880556326,2.5002666614271725,available,231.7793620424375,49.962274762072255,0.0,3.350159610248082,normal,,normal,False
SOLAR_001,2026-01-11 14:15:00,solar,640.8171143829662,45.510461470050245,522.5480971642062,11.061661273925925,5.60901599232613,100.0,52.0,0.0,44.53545500647179,2.1624528867294677,available,226.57521448021905,49.92604944563725,0.0,3.4465631055966623,normal,,normal,False
SOLAR_001,2026-01-11 14:30:00,solar,562.4985825945033,45.6965226224829,511.90434539712135,10.049260387907458,4.996501558902407,100.0,52.0,0.0,43.581252995133,2.4689493931917896,available,229.6329369586309,50.00671892617614,0.0,2.5275521657106177,normal,,normal,False
SOLAR_001,2026-01-11 14:45:00,solar,585.8269572183013,44.33847517993656,509.8906133378862,10.716912884565504,5.293123263039812,100.0,52.0,0.0,42.79333055496181,2.603701304729495,available,227.86926342515196,49.99775417862913,0.0,2.6894219583103167,normal,,normal,False
SOLAR_001,2026-01-11 15:00:00,solar,497.25230930509304,43.017822482066485,515.135489758794,9.013360032495862,4.509420034529612,100.0,52.0,0.0,44.39256384022797,2.308392748640845,available,231.12192965322404,50.039456090871944,0.0,2.2010272858887667,normal,,normal,False
SOLAR_001,2026-01-11 15:15:00,solar,522.3566850306829,42.1862149083535,519.934200920248,9.456179791560094,4.779342210163687,100.0,52.0,0.0,44.04349981379199,2.095113412382254,available,231.45341834267552,50.02485656472797,0.0,2.684228797781433,normal,,normal,False
SOLAR_001,2026-01-11 15:30:00,solar,483.69311326083664,41.720765175619455,511.71096026319174,8.880872787980126,4.413943214680437,100.0,52.0,0.0,42.47470614955085,2.4489334943167735,available,229.45117463768582,50.03051014855281,0.0,1.9650097203636632,normal,,normal,False
SOLAR_001,2026-01-11 15:45:00,solar,507.34514498315855,40.33446672439416,510.9565274344838,9.55614268995859,4.706956278733345,100.0,52.0,0.0,40.276314099144045,2.594615691052996,available,228.54146403608314,49.92289989801071,0.0,2.112340587680349,normal,,normal,False
SOLAR_001,2026-01-11 16:00:00,solar,369.48010384369087,38.558085541431296,515.1630298443139,6.726048148195791,3.356673183812911,100.0,52.0,0.0,37.16510516878125,2.0477719393120872,available,231.19392706985218,49.96868369817039,0.0,1.3089012445008237,normal,,normal,False
SOLAR_001,2026-01-11 16:15:00,solar,374.6854772656876,38.04883938978205,512.3586911572459,6.97010315929299,3.4713752857044713,100.0,52.0,0.0,37.88770736425718,2.2068803253885574,available,229.73351536601407,50.04744486523716,0.0,1.264494960315914,normal,,normal,False
SOLAR_001,2026-01-11 16:30:00,solar,322.2974466750757,35.50853583882924,509.35532858574936,6.018575443072268,2.9978241107562456,100.0,52.0,0.0,36.12037508650295,2.3902386715416943,available,232.8529333242466,49.973071194076866,0.0,0.6075854392145512,normal,,normal,False
SOLAR_001,2026-01-11 16:45:00,solar,264.39361134695145,34.41628996522556,504.0994263924624,5.142223467977697,2.5109017249350813,100.0,52.0,0.0,35.246171237719544,2.16771950237906,available,233.54590610829896,49.91862170627655,0.0,0.34318222255602127,normal,,normal,False
SOLAR_001,2026-01-11 17:00:00,solar,204.2727811110604,32.807826242028376,507.0002125271969,3.897142374405704,1.9220183453021924,100.0,52.0,0.0,33.49663724284338,1.7670093036945174,available,232.00142209726977,50.040399478993585,0.0,0.15500904160767504,normal,,normal,False
SOLAR_001,2026-01-11 17:15:00,solar,182.24602693074004,30.727635924903844,498.4586700589118,3.744841989443592,1.8188454956648632,99.52943593026374,51.9623548744211,-6.8824573840782595,31.93720399259511,2.1764741886644177,available,230.4653148120962,49.97113675024928,0.0,0.0,normal,,normal,False
SOLAR_001,2026-01-11 17:30:00,solar,103.05248254588017,29.06195822660813,500.1158216468306,1.9740231958025958,0.9566524316698513,98.33690615715244,51.866952492572196,-17.473990354347226,31.004910490819345,1.8629750592344436,available,233.6511497723653,50.05313184968134,0.0,0.0,normal,,normal,False
SOLAR_001,2026-01-11 17:45:00,solar,49.32585327207728,25.974894677581684,507.03391318842387,1.1077984014946973,0.5480658713169091,96.72214166105,51.737771332884,-23.720020894248364,25.56987232584157,1.7752868883547617,available,230.4814405811596,49.99907926395799,0.0,0.0,normal,,normal,False
SOLAR_001,2026-01-11 18:00:00,solar,0.0,29.330332874159158,505.2079707389645,0.058702511133819746,0.028945531436884376,94.58331946320006,51.566665557056005,-31.522396354432008,32.13564492226226,1.654450401802841,available,229.0416122191688,49.98613902785495,0.0,0.0,normal,,normal,False
SOLAR_001,2026-01-11 18:15:00,solar,12.654458262817403,27.270671700995607,501.7499387973415,0.24668097550693402,0.12091326546312293,91.8362973776521,51.34690379021217,-40.65944839724527,25.25073415262819,2.208650050479572,available,228.64931912712785,50.06815954455617,0.0,0.0,normal,,normal,False
SOLAR_001,2026-01-11 18:30:00,solar,22.26690975316444,25.8799972478168,492.2825851144934,0.5058221216473068,0.24210796406506344,89.8202276597147,51.18561821277718,-29.934443289579146,25.101685802261603,1.7743209496974914,available,228.59299687509775,49.93486721904314,0.0,0.0,normal,,normal,False
SOLAR_001,2026-01-11 18:45:00,solar,0.0,26.215991295826043,495.1671138880674,0.02638143570134699,0.012825477748419975,87.2333182999859,50.97866546399887,-38.566154988547545,26.415991549240797,1.9788765911423167,available,229.98726050532989,50.071711058981556,0.0,0.0,normal,,normal,False
SOLAR_001,2026-01-11 19:00:00,solar,23.542481228037094,21.61968331567526,497.28211028554375,0.5156143417850935,0.2479248035803069,84.92884788914454,50.79430783113156,-34.480192506255925,22.168709238293676,1.9993223158197462,available,230.92617363232455,49.9680322002227,0.0,0.0,normal,,normal,False
SOLAR_001,2026-01-11 19:15:00,solar,0.0,19.705658488637994,499.3132038746451,0.0,0.0,82.44501099628056,50.595600879702445,-37.30988476774701,19.524022834911403,1.8877160385766174,available,227.16968612102818,50.0081184930158,0.0,0.0,normal,,normal,False
SOLAR_001,2026-01-11 19:30:00,solar,0.0,22.487380061834777,494.9983553979761,0.0,0.0,79.96197598124043,50.39695807849923,-37.44485150256712,21.99161412208813,1.887106611430504,available,229.10214814486469,50.00859100977128,0.0,0.0,normal,,normal,False
SOLAR_001,2026-01-11 19:45:00,solar,0.0,20.56652153048394,499.01474510567107,0.0,0.0,77.49200268271234,50.19936021461699,-37.394494648056366,22.769106944488904,1.8771797068813487,available,230.4257020278948,49.978644008821874,0.0,0.0,normal,,normal,False
SOLAR_001,2026-01-11 20:00:00,solar,0.0,21.83335839760986,507.0691809526214,0.0,0.0,75.12013487043724,50.009610789634976,-36.045462239483996,21.28983582151505,1.802619537329079,available,231.28725253832175,49.96189436549615,0.0,0.0,normal,,normal,False
SOLAR_001,2026-01-11 20:15:00,solar,42.90949868367372,23.13114617086206,501.6033435074347,0.9457673535088624,0.46217115897627997,73.62567390556659,49.890053912445325,-22.76586702622035,22.111772211631624,1.5979614922779746,available,229.94815449584036,49.981508890551744,0.0,0.0,normal,,normal,False
SOLAR_001,2026-01-11 20:30:00,solar,0.0,22.70183772095529,500.87530651584416,0.0,0.0,71.57805558383532,49.72624444670683,-31.29514287336892,24.39266337383749,1.556189924515758,available,230.4890162676567,49.94927186581036,0.0,0.0,normal,,normal,False
SOLAR_001,2026-01-11 20:45:00,solar,0.0,19.19658319205417,495.92977832392603,0.0,0.0,69.36450548598035,49.54916043887843,-33.95210048906862,20.04573588321377,1.6822980743697837,available,227.52295518601892,50.098098032147405,0.0,0.0,normal,,normal,False
SOLAR_001,2026-01-11 21:00:00,solar,0.46731804180309033,21.111128980285187,493.44406085314995,0.07528335838401802,0.036003345966860945,67.23218207428378,49.3785745659427,-32.819209690332436,22.20584620203289,1.6565691388562505,available,228.17642652464494,49.97594345146564,0.0,0.0,normal,,normal,False
SOLAR_001,2026-01-11 21:15:00,solar,0.0,20.132592908591135,495.08721429782787,0.08477261105302533,0.04026140066010005,64.98576808420526,49.19886144673642,-34.70150695068425,20.328464146166667,1.7475360331197753,available,229.87827632543184,50.0579473627215,0.0,0.0,normal,,normal,False
SOLAR_001,2026-01-11 21:30:00,solar,0.0,20.259933961838584,493.28244340783596,0.0,0.0,62.534029912755294,49.00272239302042,-38.02484676988831,18.883947271010676,1.8633210103019762,available,231.02110223038,50.051358647928815,0.0,0.0,normal,,normal,False
SOLAR_001,2026-01-11 21:45:00,solar,17.698319450017273,19.04737935441955,500.30014104896605,0.35299779376165313,0.17058614562192081,60.52872254307657,48.84229780344612,-31.20315115167047,19.13199906925214,1.6946197465777528,available,230.46260658436373,50.01814648694784,0.0,0.0,normal,,normal,False
SOLAR_001,2026-01-11 22:00:00,solar,0.0,21.12495524148735,501.5355432176294,0.04583371065780345,0.02227258853820439,58.652618285266875,48.69220946282135,-29.28269741023062,19.61126764677617,1.4481118244735705,available,228.30235122687589,49.99321604829669,0.0,0.0,normal,,normal,False
SOLAR_001,2026-01-11 22:15:00,solar,0.0,18.58185837500257,496.1388401887226,0.005242092036428828,0.002560800437306158,57.12944025509995,48.570355220408,-23.833782925278282,18.82416544059731,1.160176103364167,available,229.5268760129036,50.009689092354016,0.0,0.0,normal,,normal,False
SOLAR_001,2026-01-11 22:30:00,solar,23.571461457259208,21.697086489648488,500.5916773596366,0.6113416507654899,0.29948008499722445,55.64129988115675,48.45130399049254,-23.34275016455206,22.350489423428897,1.430466769194056,available,233.02367668575363,50.02860848836271,0.0,0.0,normal,,normal,False
SOLAR_001,2026-01-11 22:45:00,solar,24.12457921713292,17.59724421378717,505.87597526492914,0.409782223404895,0.19958803240948386,54.186832332456206,48.334946586596494,-22.869485022229128,18.672663901370054,1.3049833694218973,available,231.08851646519312,50.005023423029826,0.0,0.0,normal,,normal,False
SOLAR_001,2026-01-11 23:00:00,solar,9.305828498900553,19.284708895914775,507.8307893693889,0.0,0.0,52.31938636180126,48.1855509089441,-29.454035720785328,19.19232079611387,1.4192589376977593,available,229.6749339132872,49.921662550467815,0.0,0.0,normal,,normal,False
SOLAR_001,2026-01-11 23:15:00,solar,0.0,17.632388088430385,503.08164140299687,0.08053623409002558,0.03946266047463559,50.25670299191053,48.02053623935284,-32.64518649486201,18.3804777328163,1.6071020215915885,available,227.9483264765607,49.90908443418749,0.0,0.0,normal,,normal,False
SOLAR_001,2026-01-11 23:30:00,solar,0.0,17.041229647420845,499.3006379841666,0.0,0.0,48.18995573671379,47.8551964589371,-32.82251521623798,16.137384107084376,1.5707279139495207,available,228.57325776571986,50.07544941119059,0.0,0.0,normal,,normal,False
SOLAR_001,2026-01-11 23:45:00,solar,0.0,18.319962104235582,502.952416975505,0.0,0.0,45.66022019996343,47.65281761599707,-40.34596701968895,19.286593561703317,1.9225990079302706,available,230.01318072446816,49.86826430483923,0.0,0.0,normal,,normal,False
SOLAR_001,2026-01-12 00:00:00,solar,0.0,16.78975899719214,505.40723993471187,0.0,0.0,43.49361979152075,47.47948958332166,-34.6805815493613,17.464336933272058,1.6466163104164373,available,230.5518941972,50.00978425768134,0.0,0.0,normal,,normal,False
SOLAR_001,2026-01-12 00:15:00,solar,0.0,13.141555031441396,491.97108744883775,0.12506405430376766,0.05926779099134865,41.028449857028356,47.28227598856227,-39.624343605359286,12.34129743415484,1.932796941205569,available,231.13112689020312,49.98825109927533,0.0,0.0,normal,,normal,False
SOLAR_001,2026-01-12 00:30:00,solar,0.0,12.465583785621867,505.9282761511857,0.0,0.0,38.79571605021287,47.10365728401703,-36.0243299782063,12.99594642919856,1.6968776931797707,available,230.77597116877763,50.0080400572927,0.0,0.0,normal,,normal,False
SOLAR_001,2026-01-12 00:45:00,solar,0.0,18.92362077775585,497.8216527176277,0.23462177078829083,0.11339642487573161,36.608358750734155,46.92866870005873,-35.423795169406574,20.013341987816446,1.7757879724795533,available,229.25952727546263,49.9430016629383,0.0,0.0,normal,,normal,False
SOLAR_001,2026-01-12 01:00:00,solar,0.0,18.845387686819542,497.86014818025006,0.0,0.0,34.64315753514767,46.77145260281181,-31.933002734149376,18.924033611001192,1.4935529238457275,available,228.97779020121484,50.017533874396705,0.0,0.0,normal,,normal,False
SOLAR_001,2026-01-12 01:15:00,solar,3.9492480555703033,19.944730158102953,498.58028810965635,0.08953744243477187,0.043144198850150854,32.91179518486979,46.63294361478958,-28.2168631060613,19.12221752921236,1.358979585061344,available,234.09397776457934,50.01030082170875,0.0,0.0,normal,,normal,False
SOLAR_001,2026-01-12 01:30:00,solar,4.222720456081867,17.139161609362105,501.280336555103,0.0,0.0,30.945397510909597,46.47563180087277,-32.15582390816859,17.316917414428012,1.4944622322097452,available,228.88706535614423,50.138050587363985,0.0,0.0,normal,,normal,False
SOLAR_001,2026-01-12 01:45:00,solar,30.6142696517097,15.960907575473293,495.55498298520496,0.6443124041335245,0.30957012671272394,29.255314308985955,46.34042514471888,-27.717985526689723,16.513358322357295,1.5940333601746903,available,227.4165926094042,50.00649900232587,0.0,0.0,normal,,normal,False
SOLAR_001,2026-01-12 02:00:00,solar,0.0,16.609143452000023,498.8607438612362,0.0,0.0,27.30181853070175,46.18414548245614,-32.14646013229738,15.779124001384252,1.4846567914959983,available,226.72256504389512,50.0674117553414,0.0,0.0,normal,,normal,False
SOLAR_001,2026-01-12 02:15:00,solar,5.3298106132188705,17.521871131906703,502.10110882599156,0.0,0.0,25.426015649689006,46.034081251975124,-30.968581337952035,16.514227193078682,1.4256101895696844,available,229.29362222574056,49.9250657162276,0.0,0.0,normal,,normal,False
SOLAR_001,2026-01-12 02:30:00,solar,5.62882642694643,16.163006596666992,500.87428499709597,0.39844187408883286,0.19520144632212846,23.411335269385102,45.87290682155081,-33.37824426490539,16.68462893852296,1.7263585353530961,available,231.87996764133365,50.05100476590227,0.0,0.0,normal,,normal,False
SOLAR_001,2026-01-12 02:45:00,solar,0.0,20.19475289373198,501.5232580574459,0.0,0.0,21.48950283070746,45.719160226456594,-31.94705777972272,21.018070845506994,1.4605926533950095,available,228.84810462131762,50.011313665147846,0.0,0.0,normal,,normal,False
SOLAR_001,2026-01-12 03:00:00,solar,13.39800459749417,21.63202660791189,498.7041251504751,0.22270095118179883,0.10783726222932365,19.82204717726927,45.585763774181544,-27.79960653704714,23.78178395565512,1.3751035588423475,available,232.95502908388653,50.0134869342014,0.0,0.0,normal,,normal,False
SOLAR_001,2026-01-12 03:15:00,solar,13.954125363312858,19.24598689906027,502.7748398098506,0.38029893556175404,0.18512987949405002,18.119748123412165,45.449579849872976,-28.465549851172398,19.911713521413397,1.4788771604254498,available,229.9854369097229,50.01417842717302,0.0,0.0,normal,,normal,False
SOLAR_001,2026-01-12 03:30:00,solar,5.89339971355572,18.57756599075295,504.22566448801143,0.2997878743171189,0.14707030098815332,16.10380607301049,45.28830448584084,-33.83027860502663,17.3684842897769,1.6791862592934261,available,232.2191161334935,50.08531690856548,0.0,0.0,normal,,normal,False
SOLAR_001,2026-01-12 03:45:00,solar,0.0,16.79467087993551,503.9857572486508,0.11175284735760442,0.054412085746677726,14.133546220587334,45.13068369764699,-33.17914476708155,18.83445441826053,1.5518095735882744,available,228.48455773494487,50.01275522328613,0.0,0.0,normal,,normal,False
SOLAR_001,2026-01-12 04:00:00,solar,0.0,21.369903375928242,501.71044093137255,0.0,0.0,11.85804356356589,44.94864348508527,-38.47462092844106,22.424890523907656,1.7293820193362979,available,228.5155665441604,49.96079389754071,0.0,0.0,normal,,normal,False
SOLAR_001,2026-01-12 04:15:00,solar,0.0,19.49903951057309,503.7555704348947,0.021231428697651326,0.010284177654345798,9.343866230930434,44.747509298474434,-42.70125427669533,17.49376838890464,1.9210589504572912,available,230.18209140665994,49.96920309803643,0.0,0.0,normal,,normal,False
SOLAR_001,2026-01-12 04:30:00,solar,0.0,19.304923399323037,503.4842423364589,0.0,0.0,6.787706935129934,44.54301655481039,-43.61359456690369,18.274633387054482,1.9426810648083799,available,230.9651093326898,50.040856374693234,0.0,0.0,normal,,normal,False
SOLAR_001,2026-01-12 04:45:00,solar,0.0,20.83276950187459,510.7060316267366,0.08828024592251069,0.043752982209098255,5.0,44.4,-30.60038897970158,20.341211080969654,1.7231870587957152,available,229.64208551486809,50.022372772911005,0.32077680588786683,0.0,normal,,normal,False
SOLAR_001,2026-01-12 05:00:00,solar,0.0,19.62143270651622,504.8722682801948,0.0,0.0,5.0,44.4,-0.0,20.459530898677677,1.6227431122960758,available,230.58493090136156,49.92347631689865,1.6227431122960758,0.0,normal,,normal,False
SOLAR_001,2026-01-12 05:15:00,solar,7.918631400377957,21.322257713159164,499.64502345345886,0.08043941870515692,0.039253601075951015,5.0,44.4,-0.0,18.94280274874126,1.7970846620629009,available,231.17697190690046,50.025732091192964,1.7578310609869499,0.0,normal,,normal,False
SOLAR_001,2026-01-12 05:30:00,solar,21.53930164176618,19.695998238220035,496.3532828506125,0.44283523160753996,0.2141512209927492,5.0,44.4,-0.0,19.5768858221336,2.072392175457687,available,227.15898864045326,49.945882882159665,1.8582409544649376,0.0,normal,,normal,False
SOLAR_001,2026-01-12 05:45:00,solar,0.0,23.38055452675652,498.95543898096355,0.04459381804213486,0.021501601526619774,5.0,44.4,-0.0,24.161603382211993,2.1484078376553493,available,229.31812510162172,50.021912900988205,2.1269062361287294,0.0,normal,,normal,False
SOLAR_001,2026-01-12 06:00:00,solar,5.101945843403469,22.15919876866393,498.6728605776001,0.07731014633718067,0.03751157234922631,5.0,44.4,-0.0,19.325086353154816,2.0705779842066705,available,228.96263494188048,49.95972229807407,2.033066411857444,0.0,normal,,normal,False
SOLAR_001,2026-01-12 06:15:00,solar,44.40196491113845,25.482618159616578,503.35375285550634,1.031315773885759,0.508390349514321,5.0,44.4,-0.0,26.229376578904944,2.2697186183526483,available,229.05975568475827,49.98592591326628,1.7613282688383274,0.0,normal,,normal,False
SOLAR_001,2026-01-12 06:30:00,solar,115.67596649349896,25.676511550034686,499.80949886364385,2.3804897699101693,1.1488191967429298,5.0,44.4,-0.0,26.54345500192656,2.404577210422898,available,230.8137554570367,49.97275957711053,1.2557580136799682,0.0,normal,,normal,False
SOLAR_001,2026-01-12 06:45:00,solar,175.7875061149506,27.732566185086792,508.67051512640415,3.4814230555781904,1.7365279375021563,5.0,44.4,-0.0,26.88591364853851,1.9911450592813522,available,228.99042112883546,50.07594564916177,0.25461712177919593,0.0,normal,,normal,False
SOLAR_001,2026-01-12 07:00:00,solar,264.0753570153347,28.78340778294543,499.61812887846924,5.082520404761293,2.468036863475215,5.0644285753283675,44.40515428602627,1.2218320880568672,27.630120514616333,2.413781221093432,available,225.98984472757633,50.020092387515504,0.0,0.0,normal,,normal,False
SOLAR_001,2026-01-12 07:15:00,solar,301.9976638147232,33.1473989595063,499.89868876079754,6.014269055995931,2.909816907398128,6.034947449780307,44.482795795982426,18.372924577817763,32.28510540368177,2.092537855228074,available,229.52696269633134,50.063055650115366,0.0,0.0,normal,,normal,False
SOLAR_001,2026-01-12 07:30:00,solar,408.43791038159645,33.81087117404563,507.1132046156004,7.691138898896871,3.7658493662457126,7.685183047427731,44.61481464379422,31.14822045826226,31.138773289796898,2.376177284016303,available,227.87118793748337,50.144760628173145,0.0,0.0,normal,,normal,False
SOLAR_001,2026-01-12 07:45:00,solar,420.13742736338224,35.13943437839862,505.47553760759797,8.146493457994932,3.989720248562837,9.64334186245054,44.77146734899604,36.83095377187165,34.81324448427792,2.340744404333103,available,230.9926639623651,50.0023402670965,0.0,0.0,normal,,normal,False
SOLAR_001,2026-01-12 08:00:00,solar,482.5316957118568,37.87659648763787,504.9670645840628,9.263756788357865,4.4918224052430045,12.804744843249106,45.024379587459926,59.12872344908463,38.09619274339084,1.8295883161494753,available,231.61139398370744,50.07509950931506,0.0,0.0,normal,,normal,False
SOLAR_001,2026-01-12 08:15:00,solar,496.8001483924522,38.85191624246747,508.56312484037267,9.277843237715283,4.567021497244318,15.785678972501998,45.26285431780016,55.45961157786873,37.63257944517436,2.0567611778734625,available,225.65034227995326,49.96502721672036,0.0,0.0,normal,,normal,False
SOLAR_001,2026-01-12 08:30:00,solar,608.6806142669095,39.33665397290173,509.1292852638588,11.371078488801501,5.608057703807104,20.034996487270107,45.60279971898161,78.46826655526147,40.308703555460156,2.0296850597918525,available,228.45153585991935,50.06274390549647,0.0,0.0,normal,,normal,False
SOLAR_001,2026-01-12 08:45:00,solar,658.6412113798588,43.21584231779745,513.2274536269382,11.597894667483105,5.741810736080366,24.549294986432592,45.96394359891461,82.70644831485437,43.318409498452816,1.9402962104698531,available,230.70674604683842,49.95962455762854,0.0,0.0,normal,,normal,False
SOLAR_001,2026-01-12 09:00:00,solar,672.693899407308,45.51019281314827,511.6602524704739,12.049608270893469,6.003399912631977,28.716634887930034,46.297330791034405,75.80002571332884,45.770210561301724,2.494061048213078,available,227.18224972959686,49.99907924342302,0.0,0.0,normal,,normal,False
SOLAR_001,2026-01-12 09:15:00,solar,765.7751925445439,46.46586439296496,512.8802587165793,13.756308670468687,6.835961623623662,33.466634887930034,46.6773307910344,85.69470302205679,46.063867730080645,2.752082284389553,available,231.5653217543604,50.02684388284175,0.0,0.08387933923410884,normal,,normal,False
SOLAR_001,2026-01-12 09:30:00,solar,792.9094224346337,47.7469679326069,515.8476039329396,14.062037458802946,7.01319243009622,38.216634887930034,47.0573307910344,85.002696344224,48.49001188062929,2.3054745021912453,available,232.09863306972446,50.03471156150287,0.0,0.7077179279049748,normal,,normal,False
SOLAR_001,2026-01-12 09:45:00,solar,795.6366410964216,48.74994580937511,520.6863585289926,13.711761490793796,6.913727692542804,42.966634887930034,47.437330791034405,84.32177640053885,50.040506495231,2.5449926586094214,available,229.67596873221353,49.93637241789369,0.0,0.36873503393338325,normal,,normal,False
SOLAR_001,2026-01-12 10:00:00,solar,899.4637875226657,51.24740150755198,523.2034899376439,15.358476082196098,7.808807560514536,47.716634887930034,47.8173307910344,83.6516788751828,50.839882865080966,2.6866364952411463,available,228.45217680096314,49.95664890380711,0.0,1.12217106527339,normal,,normal,False
SOLAR_001,2026-01-12 10:15:00,solar,878.8066712144765,49.68727217913335,518.52852508059,15.029905743891428,7.562485035425703,52.466634887930034,48.1973307910344,82.9921477880695,50.44830395002831,2.4452590737262616,available,225.37886474904937,50.030572503938544,0.0,1.1172259616994413,normal,,normal,False
SOLAR_001,2026-01-12 10:30:00,solar,876.1008475404415,51.40147538504933,519.3797631253078,15.126588436352266,7.593214744056896,57.216634887930034,48.577330791034406,82.34293516881033,52.1735028428774,2.410683176647071,available,231.6280505895222,49.98161417183935,0.0,1.182531567409825,normal,,normal,False
SOLAR_001,2026-01-12 10:45:00,solar,864.2057852291049,52.91654167185428,518.2058545207187,14.632922213097649,7.3601440480412865,61.966634887930034,48.9573307910344,81.70380074586345,53.33441228169581,2.376980972724379,available,234.00507395735272,49.93013257455693,0.0,0.9831630753169076,normal,,normal,False
SOLAR_001,2026-01-12 11:00:00,solar,913.1262606379752,51.313570421539815,521.2435110060177,15.782799858974101,7.977797076694279,66.71663488793004,49.337330791034404,81.0745116500482,52.990624615646325,2.5421783982710755,available,233.5913023966703,49.99645116327463,0.0,1.4356186784232037,normal,,normal,False
SOLAR_001,2026-01-12 11:15:00,solar,949.9410617721912,53.464912900804876,521.1765830504011,16.265019482980627,8.17434296834589,71.46663488793004,49.717330791034406,80.45484213165614,52.73842322810423,2.61629218618797,available,229.61005296501898,49.99405142469381,0.0,1.5580507821579204,normal,,normal,False
SOLAR_001,2026-01-12 11:30:00,solar,951.197656517945,52.17465115462502,525.1322879598299,16.09940930790178,8.188494500830961,76.21663488793004,50.0973307910344,79.84457329043676,51.75310283958807,2.5385111688260507,available,227.8146483645642,50.00884574906544,0.0,1.6499833320049104,normal,,normal,False
SOLAR_001,2026-01-12 11:45:00,solar,1058.4424579137738,58.501645280045594,512.4023599481503,17.939233975456148,8.942969343395191,80.96663488793004,50.477330791034404,79.24349281777921,57.72468590368309,2.534529130620745,available,231.67524845265626,50.026462066047365,0.0,2.4084402127744458,normal,,normal,False
SOLAR_001,2026-01-12 12:00:00,solar,970.847431420537,54.894129259280085,519.0620090251512,16.4464239056873,8.305033321742787,85.71663488793004,50.8573307910344,78.65139475045271,55.619150904021126,2.4397594197584094,available,229.74626244769595,50.02328256795417,0.0,1.8652739019843771,normal,,normal,False
SOLAR_001,2026-01-12 12:15:00,solar,1021.6742469342104,55.13205368576908,521.3139379412826,17.259143682796925,8.717163751611391,90.46663488793004,51.2373307910344,78.06807923530488,54.859567421019555,2.130445610442816,available,230.95626344728683,49.96159134527457,0.0,2.586718141168575,normal,,normal,False
SOLAR_001,2026-01-12 12:30:00,solar,995.6359178701568,55.969410376585365,519.7237613973077,16.67352266364309,8.434980436400691,95.21663488793004,51.617330791034405,77.49335230435383,55.273661237638514,2.625693465369534,available,230.6055034065939,49.97945857656436,0.0,1.809286971031157,normal,,normal,False
SOLAR_001,2026-01-12 12:45:00,solar,974.5219511188022,53.542660918297095,515.8590134796801,16.79475579883889,8.36136404291592,99.96663488793004,51.9973307910344,76.92702565974207,55.205808545041634,2.184428352258484,available,230.1860069283596,50.04638943466439,0.0,2.1769356906574355,normal,,normal,False
SOLAR_001,2026-01-12 13:00:00,solar,931.9585018461358,52.748719248962786,514.1210498088194,15.955580047197135,7.918083368638984,100.0,52.0,0.5403257015377897,54.55822506302354,2.558543750247245,available,232.05702760696505,49.97284075664785,0.0,5.331442681911774,normal,,normal,False
SOLAR_001,2026-01-12 13:15:00,solar,922.8953234649391,51.867195254516034,522.1638922940175,15.599761861254526,7.891030248348887,100.0,52.0,0.0,51.538502348254454,2.5772658882713886,available,232.13133613806124,49.980245397067044,0.0,5.313764360077498,normal,,normal,False
SOLAR_001,2026-01-12 13:30:00,solar,967.2336552010983,53.520786553308035,515.44988724864,16.612263893969,8.370022582869018,100.0,52.0,0.0,52.153378483268426,2.1876593687319335,available,228.9546246305769,49.92478654598719,0.0,6.182363214137084,normal,,normal,False
SOLAR_001,2026-01-12 13:45:00,solar,797.1806794343422,52.83102032468088,510.91785286463136,13.845260100092583,6.867350884886655,100.0,52.0,0.0,54.69453777502983,2.2820325755686786,available,228.15377505722714,49.99856597649494,0.0,4.585318309317977,normal,,normal,False
SOLAR_001,2026-01-12 14:00:00,solar,750.0728449704717,48.413624411361376,520.7467995157283,13.080957170807475,6.598131808078824,100.0,52.0,0.0,48.88435494910783,2.8140063419809467,available,225.00176832089963,50.01726352323803,0.0,3.784125466097877,normal,,normal,False
SOLAR_001,2026-01-12 14:15:00,solar,764.3272475344671,50.43602977880464,518.4653238478352,13.179548875050282,6.680901451972548,100.0,52.0,0.0,50.85675215441756,2.3582648779622692,available,229.3076772798004,49.901225339077655,0.0,4.322636574010279,normal,,normal,False
SOLAR_001,2026-01-12 14:30:00,solar,757.5059153885625,48.150352482359196,515.4035704159918,13.519274951087944,6.748849335229597,100.0,52.0,0.0,48.25535349195477,2.1129662680441523,available,227.81334968297733,49.94648748092035,0.0,4.6358830671854445,normal,,normal,False
SOLAR_001,2026-01-12 14:45:00,solar,735.9570857792959,49.816336953856045,511.37858977853546,12.978741932010067,6.512099413403577,100.0,52.0,0.0,49.016019225155134,2.498503761308148,available,230.83839383799418,49.92891361322533,0.0,4.013595652095429,normal,,normal,False
SOLAR_001,2026-01-12 15:00:00,solar,690.7741350158541,45.792408200490456,513.6883698502489,12.351595831049089,6.138304866030517,100.0,52.0,0.0,45.37912274455176,2.1636630104193104,available,229.32826613030915,50.03941761185169,0.0,3.974641855611207,normal,,normal,False
SOLAR_001,2026-01-12 15:15:00,solar,643.7360499300862,45.97253042601261,518.0492667040781,11.402759577317083,5.700093124888601,100.0,52.0,0.0,46.650250468450416,1.9126008123042122,available,229.5451426994054,49.904382436327666,0.0,3.7874923125843885,normal,,normal,False
SOLAR_001,2026-01-12 15:30:00,solar,614.9309564769845,45.006024258766686,505.7164314360593,11.285696406384332,5.531393809358729,100.0,52.0,0.0,44.558463898232525,2.3778965526632176,available,231.62393219150377,49.99606577014436,0.0,3.1534972566955113,normal,,normal,False
SOLAR_001,2026-01-12 15:45:00,solar,567.7586546434954,46.94855302308012,504.8554941934337,10.315680902015815,5.045204269631392,100.0,52.0,0.0,47.38153655133168,2.0666830417021953,available,230.79450936006748,50.03589310774728,0.0,2.9785212279291966,normal,,normal,False
SOLAR_001,2026-01-12 16:00:00,solar,468.8275682931759,41.616074607605476,507.48893870835036,8.667723152741749,4.249045528451707,100.0,52.0,0.0,41.62944018476231,2.2892376684444877,available,229.76661988012668,50.00939108245597,0.0,1.9598078600072193,normal,,normal,False
SOLAR_001,2026-01-12 16:15:00,solar,439.67317683489455,38.71789410507894,508.7391990572072,8.240519657488036,4.121048068465633,100.0,52.0,0.0,37.66100712407745,2.036491902978078,available,233.3728513518705,49.978002066828054,0.0,2.0845561654875553,normal,,normal,False
SOLAR_001,2026-01-12 16:30:00,solar,387.61850438277924,38.9793660581063,505.6685010557667,7.056417130944484,3.4668462663656947,100.0,52.0,0.0,40.60049670091245,2.313648383418227,available,231.47629783266606,50.01732341933879,0.0,1.1531978829474676,normal,,normal,False
SOLAR_001,2026-01-12 16:45:00,solar,316.6900794050168,39.01350532199044,509.0000556067313,5.6975256781405665,2.819771374111584,100.0,52.0,0.0,39.6075382495524,2.1813474243076096,available,229.16827829251173,50.05184866502489,0.0,0.6384239498039745,normal,,normal,False
SOLAR_001,2026-01-12 17:00:00,solar,246.36693223319924,31.21471917010354,509.53171667984384,4.707503487381309,2.32112429357871,100.0,52.0,0.0,31.545366846003205,1.5986268525043383,available,229.25749346809573,49.99461941947229,0.0,0.7224974410743716,normal,,normal,False
SOLAR_001,2026-01-12 17:15:00,solar,193.86282229115054,30.678868324958685,505.01688153875244,3.7319696430720897,1.8227227514032471,99.55069683994088,51.96405574719527,-6.571280796598696,31.23388954576808,2.1641931530481755,available,231.57675938700808,49.8880531383533,0.0,0.0,normal,,normal,False
SOLAR_001,2026-01-12 17:30:00,solar,166.76676848655964,30.49260690004968,504.85225321942545,3.2881279510007007,1.6187304715686375,99.04798624882996,51.9238388999064,-7.358085560291589,28.699715191361346,2.0007905208129455,available,230.40569139675898,50.05738663960728,0.0,0.0,normal,,normal,False
SOLAR_001,2026-01-12 17:45:00,solar,67.26336780234121,27.306028111467736,502.39646079269755,1.3284927871476775,0.6418146362228275,96.84935427466036,51.74794834197283,-32.29036809974513,26.81284850941412,2.3127749365917256,available,227.75768057933203,50.020013232753016,0.0,0.0,normal,,normal,False
SOLAR_001,2026-01-12 18:00:00,solar,0.0,25.312598268222835,500.0380323636613,0.05818206784229558,0.02805420113064166,94.15068668430176,51.53205493474414,-39.80022475854546,23.785297727795996,2.07904156980317,available,231.78942567955613,49.99834618174955,0.0,0.0,normal,,normal,False
SOLAR_001,2026-01-12 18:15:00,solar,0.0,23.409283855723032,494.8257652007412,0.0,0.0,91.3588443677267,51.30870754941814,-41.35360764161561,23.53397007551435,2.1218001605970387,available,232.51446440039376,49.9009814075882,0.0,0.0,normal,,normal,False
SOLAR_001,2026-01-12 18:30:00,solar,1.6591879354829948,27.061097124252456,495.8880331695895,0.03209970773715908,0.015547854022684651,89.01199278973446,51.12095942317876,-34.889939848535036,27.387009328686187,1.7991550532967917,available,232.36277773601168,49.985084569841646,0.0,0.0,normal,,normal,False
SOLAR_001,2026-01-12 18:45:00,solar,0.0,22.323909006896073,494.5963260921123,0.0,0.0,86.70384041482768,50.93630723318621,-34.439006284818575,22.465247831810075,1.7541958049291497,available,233.08549800302893,49.956226138497165,0.0,0.0,normal,,normal,False
SOLAR_001,2026-01-12 19:00:00,solar,0.0,23.69968078556625,499.40598082015566,0.03873180831115385,0.018802857699971077,84.25700001247007,50.740560000997604,-36.649156133775826,24.87826993890221,1.8784015634917526,available,234.138396259114,49.93918603685178,0.0,0.0,normal,,normal,False
SOLAR_001,2026-01-12 19:15:00,solar,0.0,25.110923983030048,500.92911212501747,0.0,0.0,81.91064604502954,50.55285168360236,-35.27454843528099,23.613571768827697,1.7832290152548076,available,233.4599180706458,49.99317752846499,0.0,0.0,normal,,normal,False
SOLAR_001,2026-01-12 19:30:00,solar,0.0,23.041039368740858,494.2029504608745,0.03523958104823729,0.01700591475311878,79.1759245303919,50.334073962431354,-41.29187620846838,22.24178839637064,2.095394265877726,available,230.68132356351944,49.97320165572512,0.0,0.0,normal,,normal,False
SOLAR_001,2026-01-12 19:45:00,solar,0.0,21.16527649553295,500.29038018840805,0.0,0.0,76.84657416505402,50.14772593320432,-35.30182565037532,21.579624495012283,1.7703062776567837,available,229.58314424941804,49.97649505986775,0.0,0.0,normal,,normal,False
SOLAR_001,2026-01-12 20:00:00,solar,0.0,20.165253199721416,496.49913468695917,0.0,0.0,74.83336936241817,49.986669548993454,-30.608873601863394,20.4291898569699,1.5300356500032544,available,226.34079660599573,50.03698131832981,0.0,0.0,normal,,normal,False
SOLAR_001,2026-01-12 20:15:00,solar,0.0,21.404924948836197,495.72320262585254,0.090264858161652,0.04335949299528201,72.80558288951269,49.82444663116102,-30.93095505539092,20.089494215951685,1.584477212403447,available,230.0217356908801,50.01277860700597,0.0,0.0,normal,,normal,False
SOLAR_001,2026-01-12 20:30:00,solar,0.0,20.18567162466867,497.49860233375716,0.02285232436149388,0.011080504486390311,70.29507358769364,49.62360588701549,-38.4491823050233,21.382201492647976,1.9190675738688767,available,231.0382721178239,49.97522425884418,0.0,0.0,normal,,normal,False
SOLAR_001,2026-01-12 20:45:00,solar,1.0982673974556965,21.239282490957848,495.51809400661983,0.0,0.0,68.0979118582826,49.44783294866261,-33.76978958989035,22.782504613442928,1.6698429143523836,available,230.08710581085472,49.96888093895751,0.0,0.0,normal,,normal,False
SOLAR_001,2026-01-12 21:00:00,solar,16.009442217441457,18.798059333849768,502.4266364718371,0.25963256105402494,0.12654883486817312,66.10960822669323,49.28876865813546,-30.658318337975132,19.223646341126898,1.6376595948761015,available,226.22355800265515,49.97725707147702,0.0,0.0,normal,,normal,False
SOLAR_001,2026-01-12 21:15:00,solar,0.0,21.33056197419422,499.3279823278043,0.0,0.0,63.6442008576432,49.091536068611454,-38.16767105961566,19.821490575634524,1.8737096004780196,available,229.42675730250585,49.98762778849495,0.0,0.0,normal,,normal,False
SOLAR_001,2026-01-12 21:30:00,solar,7.183857695368558,20.091590724069867,503.26085622795034,0.0,0.0,61.72309775356973,48.937847820285576,-29.834543694228927,20.25131596945837,1.460038359095836,available,231.29066409771337,50.02920250921879,0.0,0.0,normal,,normal,False
SOLAR_001,2026-01-12 21:45:00,solar,0.0,19.669333885828237,498.22601459157494,0.011808212807838798,0.0056689996770311005,60.179499838962684,48.814359987117015,-24.032567781508735,20.0096764517443,1.1788034147783886,available,227.94816993007217,49.947871993518675,0.0,0.0,normal,,normal,False
SOLAR_001,2026-01-12 22:00:00,solar,10.297723024772674,21.469310774673513,498.37725575246526,0.2657554458718599,0.1280887085408475,58.453675456745806,48.676294036539666,-26.94589956869421,21.197468458305508,1.4397152390256742,available,230.3313824904744,50.07292196087528,0.0,0.0,normal,,normal,False
SOLAR_001,2026-01-12 22:15:00,solar,6.763145357022421,18.249506734014922,507.49353056325384,0.1802740858431179,0.08880272997644102,56.40627762247855,48.512502209798285,-32.07466700674204,19.596751362096025,1.6448250840195586,available,230.8632540017585,50.02923859955638,0.0,0.0,normal,,normal,False
SOLAR_001,2026-01-12 22:30:00,solar,15.584706057236751,17.747419227292436,493.50775811327867,0.38601130734927325,0.184063630364607,54.629582522560526,48.37036660180484,-27.915609717279107,17.631480566654787,1.534351906302303,available,232.23593528205149,49.8631036004563,0.0,0.0,normal,,normal,False
SOLAR_001,2026-01-12 22:45:00,solar,12.84228832400078,17.67912447946189,505.1379249736788,0.2604991745003671,0.12742320346990804,53.1369873722442,48.250958989779534,-23.509839762577347,19.783666833518378,1.261795517710316,available,233.42521078558804,50.004267461721426,0.0,0.0,normal,,normal,False
SOLAR_001,2026-01-12 23:00:00,solar,10.59724121186063,17.91396334952056,506.6180961505833,0.18812316316791874,0.09154875614388949,50.93041299290691,48.074433039432556,-34.88333449342608,18.697080564054097,1.7685452844402294,available,229.24434787477867,50.05203683216879,0.0,0.0,normal,,normal,False
SOLAR_001,2026-01-12 23:15:00,solar,0.0,17.585443467084186,503.063269985046,0.0,0.0,48.836536659965546,47.906922932797244,-33.217454088373415,17.861523597046226,1.591346013035436,available,230.3675147635814,50.01943529540804,0.0,0.0,normal,,normal,False
SOLAR_001,2026-01-12 23:30:00,solar,4.408906086800427,16.39701931968834,498.6781181225159,0.047329661716022584,0.023014993461636844,46.71990803119864,47.73759264249589,-33.69750481365584,17.31744670368876,1.6316527513244838,available,230.43013834511504,49.97938295201409,0.0,0.0,normal,,normal,False
SOLAR_001,2026-01-12 23:45:00,solar,19.143160712127475,14.81544023178786,505.707608286959,0.26331969748892997,0.12963741004241824,44.739318391123795,47.579145471289905,-31.636720490601867,16.346325504919623,1.6348855364993027,available,231.29874971877675,49.996945411017755,0.0,0.0,normal,,normal,False
SOLAR_001,2026-01-13 00:00:00,solar,0.0,16.397125714657967,498.71295456044,0.0,0.0,43.04156161371587,47.44332492909727,-27.196558267329095,17.296177732101754,1.2902951508300209,available,231.0748061712827,50.00891599740855,0.0,0.0,normal,,normal,False
SOLAR_001,2026-01-13 00:15:00,solar,0.0,17.674241536607724,497.17685765715714,0.008943182799888484,0.004318370034822333,40.926797274513625,47.27414378196109,-33.99788487352762,17.598406519923895,1.6115392678285267,available,232.85001112059953,50.038479412731164,0.0,0.0,normal,,normal,False
SOLAR_001,2026-01-13 00:30:00,solar,3.2657651631065154,17.34591755884123,498.44692662323337,0.055707444870420494,0.026819196165435887,38.67874283654422,47.094299426923534,-36.27872998743451,16.685997291583856,1.7353405690221866,available,225.33740653955832,49.92924525759381,0.0,0.0,normal,,normal,False
SOLAR_001,2026-01-13 00:45:00,solar,7.475034424778163,19.001195102687973,497.71922504352585,0.4616667098744747,0.22475330598339371,36.62353841034779,46.92988307282782,-33.28274569713659,17.87908776542319,1.7867086698926773,available,230.83604215644598,49.969749082338176,0.0,0.0,normal,,normal,False
SOLAR_001,2026-01-13 01:00:00,solar,0.0,19.933229815945683,496.21350750032167,0.0,0.0,34.37408309038396,46.749926647230716,-36.56874279339172,17.49251070609251,1.7095860431725098,available,230.97482201804846,50.08192890640338,0.0,0.0,normal,,normal,False
SOLAR_001,2026-01-13 01:15:00,solar,0.0,18.153988194517478,504.4400313364359,0.0,0.0,32.168152335850266,46.573452186868025,-35.99706044376758,18.328221574814965,1.6765073734456075,available,229.52954153494008,50.001647361164046,0.0,0.0,normal,,normal,False
SOLAR_001,2026-01-13 01:30:00,solar,0.0,19.133666933995666,496.90620658951286,0.0,0.0,30.540823444513638,46.44326587556109,-26.62969397392527,18.745997295876766,1.2367699574158382,available,225.47198051500882,50.076395106843904,0.0,0.0,normal,,normal,False
SOLAR_001,2026-01-13 01:45:00,solar,0.0,18.284664475572068,499.8814120443145,0.0,0.0,28.444217739573116,46.27553741916585,-34.433318868272124,17.95053593561941,1.593420335754796,available,229.87800777845274,50.14927965188921,0.0,0.0,normal,,normal,False
SOLAR_001,2026-01-13 02:00:00,solar,0.0,19.803368099867598,494.2249124424048,0.0,0.0,26.57714708377086,46.12617176670167,-30.762875913193945,20.83222563420114,1.4189736984097132,available,228.57887847462004,49.9753982596596,0.0,0.0,normal,,normal,False
SOLAR_001,2026-01-13 02:15:00,solar,0.0,20.147769544971162,500.12324272699675,0.08446718269144057,0.04082679453831353,24.154192535988212,45.932335402879055,-40.09039471133424,20.035697034339247,1.8822722508531264,available,233.35591081984745,49.94013594293197,0.0,0.0,normal,,normal,False
SOLAR_001,2026-01-13 02:30:00,solar,0.0,18.959591028589383,495.37629582310905,0.0,0.0,21.694893989482484,45.735591519158596,-40.866791775534466,20.854694676835283,1.8690668953443543,available,230.75058273965575,49.986723464461,0.0,0.0,normal,,normal,False
SOLAR_001,2026-01-13 02:45:00,solar,25.486456942390827,19.41862245246783,495.27805670829906,0.5067629537859776,0.24636042523227777,20.08278096414282,45.606622477131424,-26.86464887577456,18.845522620928637,1.4715663244904214,available,228.40903034501147,50.05494963588244,0.0,0.0,normal,,normal,False
SOLAR_001,2026-01-13 03:00:00,solar,0.0,17.62997391560288,499.56284835961566,0.0,0.0,17.88198318555749,45.430558654844596,-36.816767419312555,16.659022753182253,1.6726063117248504,available,225.8947099904097,50.061944793588815,0.0,0.0,normal,,normal,False
SOLAR_001,2026-01-13 03:15:00,solar,0.0,18.117706792436316,504.2278890607237,0.0,0.0,15.5754091435754,45.24603273148603,-38.743645930453184,16.860070418085726,1.7529962719063903,available,231.18123536443676,50.11359887425784,0.0,0.0,normal,,normal,False
SOLAR_001,2026-01-13 03:30:00,solar,0.0,17.93977062093596,501.76165475095917,0.0,0.0,13.067230711412396,45.04537845691299,-42.31767328289237,18.662521678633592,1.9062156084438826,available,231.3922983874873,49.99815972403419,0.0,0.0,normal,,normal,False
SOLAR_001,2026-01-13 03:45:00,solar,0.0,19.66899876398974,502.03648154453106,0.0,0.0,11.20555999408649,44.89644479952692,-31.514070913307528,20.820484819819807,1.4148697451676884,available,229.56844629769293,50.02440282577763,0.0,0.0,normal,,normal,False
SOLAR_001,2026-01-13 04:00:00,solar,0.0,17.969730475655144,499.480331280084,0.007390269324237578,0.003598962015857563,9.456248710906733,44.75649989687254,-29.7046591730806,17.375335579396424,1.3330755372324734,available,231.20735096431122,49.96441151745227,0.0,0.0,normal,,normal,False
SOLAR_001,2026-01-13 04:15:00,solar,0.0,19.097919979629655,498.65743893939793,0.05604521697436808,0.027041104251586727,7.112092543383014,44.568967403470644,-39.97307523842912,18.033937277502762,1.8085997915696137,available,229.30345894307337,49.87465075253112,0.0,0.0,normal,,normal,False
SOLAR_001,2026-01-13 04:30:00,solar,19.938192110707682,16.7043699719392,503.16456255397696,0.38609255239003143,0.18661802253226023,5.618814821766746,44.44950518574134,-25.532141779441393,18.23464619400003,1.3215090909606235,available,232.13443055033633,49.998017365117576,0.0,0.0,normal,,normal,False
SOLAR_001,2026-01-13 04:45:00,solar,15.491115402065338,23.082921096073182,497.7472913507168,0.2882793155008963,0.13837583014911198,5.0,44.4,-10.592325777989341,21.632519215757654,1.8870667225759903,available,231.98536967154106,49.942312287313015,1.2783916278841514,0.0,normal,,normal,False
SOLAR_001,2026-01-13 05:00:00,solar,1.4014210368114746,20.20432365204081,503.33773661779077,0.0,0.0,5.0,44.4,-0.0,21.2145438299075,2.001972984420414,available,226.72214925719416,50.032167860162986,2.001972984420414,0.0,normal,,normal,False
SOLAR_001,2026-01-13 05:15:00,solar,0.0,21.587349824471854,504.94378775573625,0.05344501015204535,0.02627006743469545,5.0,44.4,-0.0,21.01636846414901,2.159425336758297,available,227.2096163121178,49.90593033397304,2.1331552693236016,0.0,normal,,normal,False
SOLAR_001,2026-01-13 05:30:00,solar,18.47141402592355,23.969681366159563,496.6344528680969,0.30340324299716853,0.14620940724194814,5.0,44.4,-0.0,24.36677672326975,1.8167495632497783,available,234.06256344608707,49.96303335546412,1.6705401560078301,0.0,normal,,normal,False
SOLAR_001,2026-01-13 05:45:00,solar,0.0,22.200363899039637,497.2222180174672,0.0751297117422385,0.03658453922715307,5.0,44.4,-0.0,23.27728562136026,2.0028049210734666,available,231.86439270005417,50.013383960182026,1.9662203818463135,0.0,normal,,normal,False
SOLAR_001,2026-01-13 06:00:00,solar,0.0,24.3547822374225,497.8172179743416,0.13222121496830666,0.06449184220504386,5.0,44.4,-0.0,24.831038427109927,2.130301967932065,available,227.47523798994288,50.01861810837065,2.065810125727021,0.0,normal,,normal,False
SOLAR_001,2026-01-13 06:15:00,solar,24.057428308173677,21.373196735364395,495.4402120815892,0.473656736788079,0.22758636682498565,5.0,44.4,-0.0,21.077940672575366,1.7942874064706928,available,226.85923992315418,49.9976280376262,1.5667010396457073,0.0,normal,,normal,False
SOLAR_001,2026-01-13 06:30:00,solar,118.22531996311059,29.63801453793396,500.7329129178656,2.215061915982168,1.0757823243406548,5.0,44.4,-0.0,31.03411179914808,2.241806346049343,available,230.41554413122023,50.093367258396555,1.1660240217086881,0.0,normal,,normal,False
SOLAR_001,2026-01-13 06:45:00,solar,186.67810441084993,29.839796003393396,509.10760538920056,3.5941453954697717,1.7695873882816584,5.0,44.4,-0.0,30.128897388323043,2.142659109952788,available,227.71536921625344,50.07847318179046,0.37307172167112945,0.0,normal,,normal,False
SOLAR_001,2026-01-13 07:00:00,solar,276.71607544023016,31.231705624735717,500.99407873270906,5.420461926858514,2.6302863785281807,5.7539521508181855,44.460316172065454,14.280309476794107,34.91421513071793,1.995379304154972,available,229.3665852241503,49.9657836253467,0.0,0.0,normal,,normal,False
SOLAR_001,2026-01-13 07:15:00,solar,276.1935676588364,33.50028009502008,511.72957374067903,5.182914776092943,2.5529727132301554,6.205260147604039,44.49642081180832,8.541110328985326,31.79512542769481,2.1729238738315417,available,229.90544162079848,50.08047048338932,0.0,0.0,normal,,normal,False
SOLAR_001,2026-01-13 07:30:00,solar,318.36011013169264,31.119733769848615,505.9198908154895,6.082915639489052,2.9622108936628195,7.176481064888731,44.5741184851911,18.348545611871128,29.3998067966123,2.1443406475283426,available,229.81912322227058,50.08811007243951,0.0,0.0,normal,,normal,False
SOLAR_001,2026-01-13 07:45:00,solar,353.20539188376307,33.76284473305274,517.3019163527911,6.642981710337874,3.3037353952820907,8.303051264766566,44.664244101181325,21.240495920737523,34.75710530098646,2.355044700648124,available,232.25307656356497,49.99380488129788,0.0,0.0,normal,,normal,False
SOLAR_001,2026-01-13 08:00:00,solar,394.57741744923294,37.84254434655204,507.2727477387383,7.427873832674464,3.675347911220013,10.110948680750228,44.808875894460016,33.97630266010819,37.810793180486534,2.1529079819706136,available,233.669512478251,50.00227015614261,0.0,0.0,normal,,normal,False
SOLAR_001,2026-01-13 08:15:00,solar,423.93362829690597,34.04782669320234,510.5354768611034,7.969269258303809,3.9147732766965913,12.033925111380102,44.96271400891041,36.015365372319096,34.84043608851561,2.2954247035345925,available,229.0421642943357,49.99746392234367,0.0,0.0,normal,,normal,False
SOLAR_001,2026-01-13 08:30:00,solar,498.6978357865784,39.9869165836583,508.53449631940487,9.056056901388311,4.51205879082177,14.839159296165832,45.18713274369327,52.2782112509277,38.8885356937822,2.1497563194232616,available,227.7386816723935,49.96775003059213,0.0,0.0,normal,,normal,False
SOLAR_001,2026-01-13 08:45:00,solar,532.5435883178119,41.20787477924604,510.436113207658,9.801420141003875,4.834638438099993,18.07569219565476,45.44605537565238,59.97223227658807,41.26200752846002,2.1091370490566845,available,230.77769230996716,49.97271661602053,0.0,0.0,normal,,normal,False
SOLAR_001,2026-01-13 09:00:00,solar,593.0110678647972,45.27911542185318,519.4948522911645,10.415338476302477,5.295394805210802,21.570374302567437,45.725629944205394,64.35975182596309,45.73643290296934,2.352504609915916,available,233.26296022888545,50.06596612861983,0.0,0.0,normal,,normal,False
SOLAR_001,2026-01-13 09:15:00,solar,694.0173414559761,42.86499203795327,516.9349428901355,12.486959889124094,6.249515490077511,26.320374302567437,46.1056299442054,86.75730067760898,42.32128119423824,2.1589743799618257,available,229.19356968732072,50.02186880715752,0.0,0.09054111011568544,normal,,normal,False
SOLAR_001,2026-01-13 09:30:00,solar,703.2228499695804,48.256347837848004,519.9823379225345,12.28043740588445,6.144036942570472,30.627332161432648,46.45018657291461,78.08175055349565,48.488177543691265,2.5171250614208205,available,231.70071778402843,49.97229052264691,0.0,0.0,normal,,normal,False
SOLAR_001,2026-01-13 09:45:00,solar,773.8287193403304,47.121932574485385,511.3670350420908,13.608809084340914,6.794993166586838,35.37733216143265,46.83018657291461,85.41499175477337,45.7604063936072,2.4926078319715703,available,228.32572881493175,49.95370019638223,0.0,0.30238533461526806,normal,,normal,False
SOLAR_001,2026-01-13 10:00:00,solar,758.3083801009532,47.23694278096188,519.9398218883204,13.295076068187267,6.753713256834793,40.12733216143265,47.21018657291461,84.72747706307258,47.6317656391102,2.23668854043422,available,230.04254273620023,49.962094480069325,0.0,0.5170247164005728,normal,,normal,False
SOLAR_001,2026-01-13 10:15:00,solar,846.4617073745949,48.59141475627803,514.0516815637719,14.962648323719613,7.425982501522489,44.87733216143265,47.59018657291461,84.05094176026098,50.03686278064857,2.446348820064346,available,227.67611543539968,49.991807238898254,0.0,0.979633681458143,normal,,normal,False
SOLAR_001,2026-01-13 10:30:00,solar,769.0974876539913,47.149132517188036,513.1283165980943,13.722569155958762,6.818519100378231,49.62733216143265,47.97018657291461,83.38512492379003,45.91155455267005,2.261805809563276,available,230.0216641209585,50.04565849436536,0.0,0.5567132908149555,normal,,normal,False
SOLAR_001,2026-01-13 10:45:00,solar,862.7072719134048,51.993252605133826,519.8936671453163,14.813509917085494,7.435526783713117,54.37733216143265,48.35018657291461,82.72977383381533,50.695299261115984,2.1052559971124625,available,229.7670900425688,49.95699594152882,0.0,1.3302707866006545,normal,,normal,False
SOLAR_001,2026-01-13 11:00:00,solar,830.1461677928654,49.14733414914067,520.232669859427,14.225884163480222,7.1742866569523045,59.12733216143265,48.73018657291461,82.08464365337142,50.33725521284483,2.3152215883406733,available,231.21624579832417,50.04508512840683,0.0,0.8590650686116312,normal,,normal,False
SOLAR_001,2026-01-13 11:15:00,solar,858.8869224229301,52.860708751781445,519.8290887532612,14.804010602680586,7.468837707098295,63.87733216143265,49.110186572914614,81.44949712339499,51.545070942385316,2.431290010326912,available,233.55612321737905,50.00984783741607,0.0,1.0375476967713837,normal,,normal,False
SOLAR_001,2026-01-13 11:30:00,solar,916.4919119565352,52.38500545603776,522.6991308779868,15.652493622528185,7.9217241869690005,68.62733216143265,49.49018657291461,80.82410427179825,53.22560643451285,2.5504319326009215,available,229.2222091581813,50.0071420971266,0.0,1.371292254368079,normal,,normal,False
SOLAR_001,2026-01-13 11:45:00,solar,896.6146229603712,51.22432577170205,523.4514437353067,15.217181650559532,7.654050539223744,73.37733216143265,49.87018657291461,80.20824213584297,51.27967425764848,2.4789325015514394,available,226.00054170530862,50.051289807407294,0.0,1.1751180376723038,normal,,normal,False
SOLAR_001,2026-01-13 12:00:00,solar,863.4285658083088,51.55548120969135,525.8789173567748,14.599838119498123,7.425115429670403,78.12733216143265,50.250186572914615,79.60169449711142,51.13765926686379,2.631534923005646,available,229.59579222164083,50.04216793589699,0.0,0.7935805066647568,normal,,normal,False
SOLAR_001,2026-01-13 12:15:00,solar,838.7172878212442,52.33848994598817,515.1958064715487,14.521786530623148,7.283433718956448,82.87733216143265,50.63018657291461,79.00425162841215,53.80501477399416,2.2528032811740566,available,230.59863524697687,49.92977410537142,0.0,1.0306304377823912,normal,,normal,False
SOLAR_001,2026-01-13 12:30:00,solar,809.3340052973685,50.75743426915436,525.8369622092771,13.870220408747803,7.067052310459069,87.62733216143265,51.01018657291461,78.41571005199812,51.68558207757138,2.3708105100357826,available,230.40380017651347,49.94579931770958,0.0,0.6962418004232855,normal,,normal,False
SOLAR_001,2026-01-13 12:45:00,solar,871.7750695666638,52.83070437933602,527.1449515668469,14.650368859720597,7.4785380398094015,92.37733216143265,51.390186572914615,77.8358723085122,53.11042000762789,2.7702267165347187,available,229.6851543794295,49.98852417506623,0.0,0.7083113232746827,normal,,normal,False
SOLAR_001,2026-01-13 13:00:00,solar,843.6052115852075,53.13444148238432,517.8535964599732,14.536838170669638,7.267081095262235,97.12733216143265,51.77018657291461,77.26454673610816,50.981774963840536,2.048450611239916,available,232.9754298815927,50.01779864115156,0.0,1.2186304840223183,normal,,normal,False
SOLAR_001,2026-01-13 13:15:00,solar,787.9216445930315,52.30668575492143,512.2646358576094,13.526127843939607,6.6999531475168785,100.0,52.0,46.520936656961176,53.01893947132248,2.3357276970875986,available,230.27242907973562,50.06822878276117,0.0,1.945136744267299,normal,,normal,False
SOLAR_001,2026-01-13 13:30:00,solar,829.9879709679548,51.2246703409314,512.9435949979493,14.381913321544499,7.207766840540733,100.0,52.0,0.0,50.15381041511239,2.201447000077549,available,229.79040746976108,50.003253376293124,0.0,5.006319840463185,normal,,normal,False
SOLAR_001,2026-01-13 13:45:00,solar,823.091861457156,49.87646047588728,516.0900493069189,14.161629230232355,7.047764336867383,100.0,52.0,0.0,49.65507852665737,2.364513052838894,available,228.44458774633804,50.08518481493624,0.0,4.683251284028489,normal,,normal,False
SOLAR_001,2026-01-13 14:00:00,solar,766.777750663354,50.04506626899111,525.3770744369184,13.047290412659667,6.67381014909959,100.0,52.0,0.0,50.05240033742063,2.3028219342157743,available,226.50657862531762,49.9646662243057,0.0,4.370988214883816,normal,,normal,False
SOLAR_001,2026-01-13 14:15:00,solar,766.2385189053773,50.490448258256286,516.6977122468636,13.463420391866826,6.749459662607829,100.0,52.0,0.0,52.387725579481256,2.4945924131541624,available,230.65846387263588,49.97312106728603,0.0,4.254867249453667,normal,,normal,False
SOLAR_001,2026-01-13 14:30:00,solar,723.3672029931072,46.36024884344877,513.3983303388175,13.086349538342999,6.5251785175643615,100.0,52.0,0.0,46.10700678549956,2.408113135012957,available,230.49083579973473,49.98471587477365,0.0,4.117065382551404,normal,,normal,False
SOLAR_001,2026-01-13 14:45:00,solar,641.2001565097094,44.97220065796018,512.2951871161504,11.539214323438951,5.712492880124759,100.0,52.0,0.0,43.549428821907185,2.0772043989834836,available,227.88133893014364,49.959138623718346,0.0,3.6352884811412753,normal,,normal,False
SOLAR_001,2026-01-13 15:00:00,solar,648.5871781382133,45.198076936001996,508.8512463237078,11.653586023245674,5.74161342242005,100.0,52.0,0.0,46.66772064432551,2.200565636898129,available,229.91125528089637,50.0579702240974,0.0,3.541047785521921,normal,,normal,False
SOLAR_001,2026-01-13 15:15:00,solar,569.5771422148124,43.747982558407564,516.6852204207229,10.175542721558893,5.099675587230676,100.0,52.0,0.0,44.47371477340578,2.296682206969894,available,229.71229713294576,49.8615084544162,0.0,2.8029933802607823,normal,,normal,False
SOLAR_001,2026-01-13 15:30:00,solar,571.7673898109825,42.70610727187303,511.8069536012981,10.426567801707682,5.162405796351995,100.0,52.0,0.0,43.46908307681136,2.421818819861727,available,228.75099895118166,49.97482155343082,0.0,2.7405869764902677,normal,,normal,False
SOLAR_001,2026-01-13 15:45:00,solar,486.2423903633055,42.47949949908082,519.5107226994418,8.554787653287423,4.318339723800408,100.0,52.0,0.0,43.96791750261001,2.736597861794807,available,228.41337857370152,50.057410364009925,0.0,1.5817418620056012,normal,,normal,False
SOLAR_001,2026-01-13 16:00:00,solar,447.6145549885456,37.73241154083184,512.5128375857058,8.23306612558667,4.102616458357999,100.0,52.0,0.0,39.45562038946482,2.3655591577910835,available,230.8101633422097,49.984384075946544,0.0,1.7370573005669154,normal,,normal,False
SOLAR_001,2026-01-13 16:15:00,solar,349.70010175798234,34.98834520385841,512.1655190686091,6.695157190923003,3.3634091645853497,100.0,52.0,0.0,34.096611140008875,1.9965299264886536,available,229.5483765968993,50.05364432351563,0.0,1.366879238096696,normal,,normal,False
SOLAR_001,2026-01-13 16:30:00,solar,328.50741434017317,35.973182144298185,506.6852493243311,6.095693088207517,3.000235924561625,100.0,52.0,0.0,34.58219239155647,2.153438493484451,available,228.81801281714448,50.109884207249806,0.0,0.846797431077174,normal,,normal,False
SOLAR_001,2026-01-13 16:45:00,solar,243.73260872643746,33.71882764308837,502.0646679533693,4.610705524207199,2.223293179766176,100.0,52.0,0.0,34.56129688661008,2.1808429983931843,available,228.27665594852618,50.00401923235179,0.0,0.042450181372991835,normal,,normal,False
SOLAR_001,2026-01-13 17:00:00,solar,254.8813845997055,31.69006880570548,501.6820569807337,4.945894584547193,2.421257373542665,100.0,52.0,0.0,31.427601488898414,2.0125903962274303,available,229.74002986847492,50.05844671344974,0.0,0.4086669773152347,normal,,normal,False
SOLAR_001,2026-01-13 17:15:00,solar,168.81195274540528,30.406196386196797,498.42481866476624,3.342071572873465,1.6141002657052006,99.25297113106716,51.940237690485375,-10.930676593591473,30.234418383166926,2.1818422060941667,available,231.84896713773955,50.120956876184565,0.0,0.0,normal,,normal,False
SOLAR_001,2026-01-13 17:30:00,solar,116.39164923265852,28.98700953124346,506.2521027236734,2.2006903268722042,1.0918884537932805,98.57853308498078,51.88628264679846,-9.878775061124422,27.86534013834463,1.604461368818926,available,230.41328014842696,50.020104535360524,0.0,0.0,normal,,normal,False
SOLAR_001,2026-01-13 17:45:00,solar,56.75711583059067,27.07905723235368,499.76840183561933,1.1339238809433465,0.5538662054863878,96.49143423375344,51.71931473870028,-30.66929898330355,27.66295384814134,2.1400613324191644,available,229.52575595605072,49.997596840630585,0.0,0.0,normal,,normal,False
SOLAR_001,2026-01-13 18:00:00,solar,0.0,26.039555540651584,503.81000215836826,0.06033420646026983,0.02940827438194598,94.02391549542192,51.521913239633754,-36.398381255945964,26.441686714462392,1.9047225155139054,available,230.61698084913684,50.045123265871254,0.0,0.0,normal,,normal,False
SOLAR_001,2026-01-13 18:15:00,solar,0.0,24.373263927477552,500.54365760923025,0.19593214237617357,0.09548440783553794,91.58556926164324,51.32684554093146,-36.10475411340003,24.21776584082968,1.9486275455073307,available,232.7287700293352,50.059210837668616,0.0,0.0,normal,,normal,False
SOLAR_001,2026-01-13 18:30:00,solar,24.891700302733213,27.752730303121105,498.8287265769182,0.4808543810073155,0.23195571696632122,88.95076388751173,51.11606111100094,-39.174616369433004,26.364388055485577,2.2344078013062765,available,230.98082807036027,49.99805923530632,0.0,0.0,normal,,normal,False
SOLAR_001,2026-01-13 18:45:00,solar,3.629835767420649,25.280874758396877,495.3215886601258,0.06903133543987831,0.033167389448534465,86.8103184526138,50.944825476209104,-31.931379002998046,26.49002478720333,1.6599059199709578,available,230.52040196314573,49.97580781707196,0.0,0.0,normal,,normal,False
SOLAR_001,2026-01-13 19:00:00,solar,0.0,22.789329719038015,501.2065309318507,0.15237753817170424,0.07433957242763914,84.35803461972301,50.74864276957784,-36.72483856285988,23.045034227278922,1.9380752854246317,available,231.27705900851976,50.085869765914815,0.0,0.0,normal,,normal,False
SOLAR_001,2026-01-13 19:15:00,solar,5.495909172276453,23.82134306474727,499.1254679342128,0.055617098805255845,0.027081597082671386,81.74348862060171,50.53947908964814,-39.31688642471976,24.939186794903513,2.0141365564148668,available,229.68397252695533,49.98646927711389,0.0,0.0,normal,,normal,False
SOLAR_001,2026-01-13 19:30:00,solar,0.0,23.272339632368045,503.6087357118217,0.0,0.0,79.29367316390044,50.34349385311204,-36.983125416868084,21.169327109488478,1.8618597470929699,available,230.36813564153906,50.05968643852411,0.0,0.0,normal,,normal,False
SOLAR_001,2026-01-13 19:45:00,solar,62.172835240395266,26.01077083864366,497.1383572964976,1.2707269361986924,0.6130121534993069,78.15535806548188,50.25242864523855,-17.21547591073646,26.067593991606937,1.478131628297414,available,229.0220891522413,50.01314336366014,0.0,0.0,normal,,normal,False
SOLAR_001,2026-01-13 20:00:00,solar,5.132229144160903,21.41599876951185,502.46443109398814,0.21069511146932254,0.10400535603742206,75.60131336887287,50.04810506950983,-38.78416508930684,20.699099960845437,2.0450793254602657,available,226.89889335732894,50.09134825788293,0.0,0.0,normal,,normal,False
SOLAR_001,2026-01-13 20:15:00,solar,0.0,22.900931789458728,506.56339366489016,0.035636915311583986,0.017477838664168237,73.37730712361531,49.870184569889226,-33.89289133323723,22.93707907648338,1.707722585059908,available,230.68567170477468,49.95754770386723,0.0,0.0,normal,,normal,False
SOLAR_001,2026-01-13 20:30:00,solar,25.560502520167876,22.023010250122283,501.0902236586389,0.5064915747735352,0.24414451584930302,71.56624834587693,49.72529986767015,-27.68016833974012,22.966220815569514,1.62054918693047,available,230.69336016887107,49.95745097989837,0.0,0.0,normal,,normal,False
SOLAR_001,2026-01-13 20:45:00,solar,0.0,23.141328943140138,503.14116581096755,0.0,0.0,69.40677754750011,49.55254220380001,-33.12035535969994,23.511276309336765,1.641197806766385,available,229.42457408345948,50.0427243200915,0.0,0.0,normal,,normal,False
SOLAR_001,2026-01-13 21:00:00,solar,1.697762814859754,22.478781249330606,502.2875609847103,0.028331147828947745,0.013908350122388632,67.31274554731255,49.385019643785,-32.2256492276769,22.49690348341764,1.6053726702649371,available,232.07164213720353,49.94348303467113,0.0,0.0,normal,,normal,False
SOLAR_001,2026-01-13 21:15:00,solar,35.89971290425931,21.30397014835817,507.5923659380701,0.8391819112440334,0.413020205544988,65.98298772291844,49.27863901783348,-20.508195166952248,21.316750583387908,1.4236361520845051,available,228.55679335827674,50.00583142312448,0.0,0.0,normal,,normal,False
SOLAR_001,2026-01-13 21:30:00,solar,0.0,19.345246065414866,501.4862416867753,0.0,0.0,63.777749414912634,49.102219953193014,-34.13249168127321,17.785480887708154,1.6759811140844079,available,226.45723117627062,50.077420461647996,0.0,0.0,normal,,normal,False
SOLAR_001,2026-01-13 21:45:00,solar,0.0,20.144488158818703,502.79983540694207,0.0,0.0,61.79565458217441,48.94365236657395,-30.77808868039943,19.237920105004104,1.5063920728810545,available,228.6057683082896,49.91075839305332,0.0,0.0,normal,,normal,False
SOLAR_001,2026-01-13 22:00:00,solar,0.0,18.779577491003423,499.8548958859362,0.0,0.0,59.500304289112606,48.76002434312901,-35.77656586984024,19.900865035545102,1.7444662227269687,available,226.91812139489602,50.02010696393043,0.0,0.0,normal,,normal,False
SOLAR_001,2026-01-13 22:15:00,solar,26.181324737262663,21.912115125046228,496.90244585726896,0.46319316281520023,0.2223511639803485,57.556126392990265,48.60449011143922,-30.399973287760634,21.406578293189376,1.6999263650333265,available,230.67607271098134,50.06058726946621,0.0,0.0,normal,,normal,False
SOLAR_001,2026-01-13 22:30:00,solar,6.769252733773881,18.73346305357122,495.1672972572753,0.16516734629070615,0.07952457085410032,55.14841123263687,48.41187289861095,-37.79782545700862,19.873882098341145,1.909388092722683,available,228.49584426058877,49.998704616747325,0.0,0.0,normal,,normal,False
SOLAR_001,2026-01-13 22:45:00,solar,0.0,17.571248765112927,505.0676962625467,0.043885725075710105,0.02148951194395705,53.16148320486225,48.25291865638898,-31.294797147131067,18.397619700593445,1.5315548130526664,available,231.96937838499156,49.95364535848171,0.0,0.0,normal,,normal,False
SOLAR_001,2026-01-13 23:00:00,solar,0.0,17.24839954439804,495.96656251462986,0.043634686035983465,0.021039175390292472,51.34089866200611,48.10727189296049,-28.761644510819398,18.127604654765637,1.404683427960956,available,231.92759760511893,49.9868695995953,0.0,0.0,normal,,normal,False
SOLAR_001,2026-01-13 23:15:00,solar,0.0,15.90233743147312,502.98345799913375,0.0,0.0,49.67682213991663,47.97414577119333,-26.362077666162577,16.235251821269635,1.2646981567880033,available,228.15005181352373,49.9580740106763,0.0,0.0,normal,,normal,False
SOLAR_001,2026-01-13 23:30:00,solar,6.501561912971931,18.530221012385276,501.66406652153506,0.0,0.0,47.055087285184065,47.76440698281473,-41.71554962073833,18.09421277913077,1.992518489596748,available,228.38378627348936,50.00345791125082,0.0,0.0,normal,,normal,False
SOLAR_001,2026-01-13 23:45:00,solar,24.087530392895758,16.743660549397404,503.67114137958293,0.5200808569973208,0.2521806569020015,45.1719235655211,47.613753885241685,-30.05863453642685,16.592508489245297,1.6833850838458553,available,231.06887930536732,49.986164721982384,0.0,0.0,normal,,normal,False
SOLAR_001,2026-01-14 00:00:00,solar,18.943614230385077,19.35933195001777,497.9411519096671,0.3382214447740435,0.1620602701665506,43.52790284762966,47.48223222781037,-26.31417452327956,19.999717850604465,1.4115160157640418,available,231.95967956289599,49.974336973876824,0.0,0.0,normal,,normal,False
SOLAR_001,2026-01-14 00:15:00,solar,8.208219277964313,15.400305938124136,496.83708034206717,0.35655484368531165,0.174516029108694,41.27122064593576,47.301697651674864,-36.258285821304646,13.274691813854876,1.8895945023960559,available,225.97475877675373,50.02330736974808,0.0,0.0,normal,,normal,False
SOLAR_001,2026-01-14 00:30:00,solar,0.0,17.250748143843204,501.513487352399,0.18788225476882894,0.09209512830382678,38.99097438165265,47.119277950532215,-36.7787291366079,18.494524536471012,1.825082289158992,available,230.56334174005912,50.07895578110607,0.0,0.0,normal,,normal,False
SOLAR_001,2026-01-14 00:45:00,solar,0.0,18.740323175075957,498.83063330716993,0.19953564010274133,0.0972154269678424,37.423637939074126,46.99389103512593,-25.347458363669514,18.240203731875482,1.288391123327519,available,225.60481881431346,50.01639104394223,0.0,0.0,normal,,normal,False
SOLAR_001,2026-01-14 01:00:00,solar,9.59853638184774,14.011592812610738,495.0758866535749,0.10745569567728837,0.05142332099297023,35.62993388360024,46.85039471068802,-29.09719524410246,13.925308653408663,1.4146384031531247,available,228.9029677802025,50.06718327852219,0.0,0.0,normal,,normal,False
SOLAR_001,2026-01-14 01:15:00,solar,0.0,20.042385853018054,507.7541021693614,0.05606740391751483,0.027615754344098506,33.63019609629625,46.6904156877037,-32.550593006420414,19.964723313473183,1.5474164726951285,available,232.18731361579248,50.07894124488902,0.0,0.0,normal,,normal,False
SOLAR_001,2026-01-14 01:30:00,solar,0.0,16.421958174586162,496.8343673361498,0.08765018832344706,0.04206366151757215,31.882599346754205,46.55060794774034,-28.531819200793674,16.382125594490308,1.3702371911695286,available,236.01954026683873,49.97066798488409,0.0,0.0,normal,,normal,False
SOLAR_001,2026-01-14 01:45:00,solar,5.474708031351185,17.483013811204376,496.02546915205994,0.19013322912294758,0.09086287807683635,29.927035536686727,46.39416284293494,-32.03481654972057,16.16937212714619,1.5770913737281194,available,229.52235233170205,50.01374292519956,0.0,0.0,normal,,normal,False
SOLAR_001,2026-01-14 02:00:00,solar,0.0,18.09569305425104,499.0314569272825,0.0,0.0,27.620876381969673,46.209670110557575,-37.928878379603994,18.24741808793,1.75268095758496,available,227.50576824325992,49.978752617792566,0.0,0.0,normal,,normal,False
SOLAR_001,2026-01-14 02:15:00,solar,0.0,18.46068267770759,505.01143427663163,0.12664712283174107,0.06246360010883317,25.92518835211367,46.074015068169096,-27.97070975437727,19.05504730970859,1.351186502799396,available,228.97301565116987,49.9258918079412,0.0,0.0,normal,,normal,False
SOLAR_001,2026-01-14 02:30:00,solar,0.0,17.943669179810517,491.3330598275055,4.8336495684775465e-05,2.3136674423107076e-05,23.686283128706684,45.89490265029654,-37.075314937579776,15.89921766841442,1.7015911064637317,available,230.1321393760806,50.01778804343594,0.0,0.0,normal,,normal,False
SOLAR_001,2026-01-14 02:45:00,solar,9.065705175432969,19.444610314216558,504.6795344583018,0.19631645873749187,0.09562404529265596,21.31819413340623,45.705455530672495,-39.37708563522689,18.14382455660425,1.8953716817210011,available,228.65951752092224,49.947392519097576,0.0,0.0,normal,,normal,False
SOLAR_001,2026-01-14 03:00:00,solar,19.107337867447622,19.194111689577838,496.3541059941748,0.23898081517981276,0.11487381960564937,19.15112547983451,45.53209003838676,-36.17167969504573,20.089977045873635,1.761845996320158,available,228.15035264804038,50.02421516377994,0.0,0.0,normal,,normal,False
SOLAR_001,2026-01-14 03:15:00,solar,10.926961825869933,21.094208469577385,501.058100960433,0.2858251445509856,0.1394549824022287,17.11334109845724,45.36906728787658,-34.13594817851956,21.80400561367538,1.6881711122489507,available,229.1462999870553,49.92220609584294,0.0,0.0,normal,,normal,False
SOLAR_001,2026-01-14 03:30:00,solar,1.3258187098595016,19.263163399989736,497.2959721531048,0.0010895757502650107,0.0005240395026407514,15.018718775393841,45.20149750203151,-35.21814659916163,19.561904635280513,1.5924370050308245,available,230.7911545324505,50.00854964997388,0.0,0.0,normal,,normal,False
SOLAR_001,2026-01-14 03:45:00,solar,0.0,21.684074627471787,507.967667416008,0.04574886276372855,0.02255102231295352,12.527125686909505,45.002170054952764,-42.07820967157321,21.001926532199448,1.9161617695610493,available,229.6611821218873,49.92146334978635,0.0,0.0,normal,,normal,False
SOLAR_001,2026-01-14 04:00:00,solar,0.0,20.40187079205065,500.4984803465694,0.023487953414145647,0.011426634400533098,10.5163502353439,44.84130801882751,-34.079945717645415,21.117483402310718,1.5396159775903928,available,228.23679439981393,50.0336932383186,0.0,0.0,normal,,normal,False
SOLAR_001,2026-01-14 04:15:00,solar,0.0,16.675954105647126,497.16763379863505,0.01819673731386289,0.008793107377133876,8.09433004555003,44.647546403644,-41.22814113012724,15.473053414791345,1.8495284516204737,available,228.6598750006284,49.980330996320525,0.0,0.0,normal,,normal,False
SOLAR_001,2026-01-14 04:30:00,solar,7.378840529650208,23.839795027761973,498.79563471264925,0.1440372777388703,0.06978110601228547,5.774442550768336,44.46195540406147,-39.65445244167178,23.702458984795527,1.8328956020463727,available,229.17228290065913,49.975510344623224,0.0,0.0,normal,,normal,False
SOLAR_001,2026-01-14 04:45:00,solar,6.059226719292171,19.40097287412926,500.35854829960675,0.20241341985792297,0.09790987645741199,5.0,44.4,-13.256223841980534,18.094479937230663,2.0804744458555193,available,228.00114720483157,50.056325242562146,1.3939882308141716,0.0,normal,,normal,False
SOLAR_001,2026-01-14 05:00:00,solar,0.0,22.743316022802603,500.7107064310488,0.0,0.0,5.0,44.4,-0.0,22.581314079981052,1.7669816774900877,available,228.58571000722446,49.98392149158932,1.7669816774900877,0.0,normal,,normal,False
SOLAR_001,2026-01-14 05:15:00,solar,0.0,20.944169333146146,501.75504993408526,0.0,0.0,5.0,44.4,-0.0,19.91377846077413,1.8126621927141189,available,231.28727200120747,50.005542630103655,1.8126621927141189,0.0,normal,,normal,False
SOLAR_001,2026-01-14 05:30:00,solar,21.681135928910805,23.45487975807101,499.99438156927073,0.49320381823792775,0.23727604265374092,5.0,44.4,-0.0,24.210690618881262,1.6928902393746923,available,229.53935807754902,49.99006918965156,1.4556141967209513,0.0,normal,,normal,False
SOLAR_001,2026-01-14 05:45:00,solar,1.4258708604745098,20.75285214809104,494.49135033356515,0.0,0.0,5.0,44.4,-0.0,21.186033978876157,2.0580254467665173,available,226.49302608183197,50.025369620967155,2.0580254467665173,0.0,normal,,normal,False
SOLAR_001,2026-01-14 06:00:00,solar,0.0,23.126883498916737,498.63892931639333,0.0,0.0,5.0,44.4,-0.0,22.556307918665993,1.9152368313935502,available,232.04989739812996,50.05214724611313,1.9152368313935502,0.0,normal,,normal,False
SOLAR_001,2026-01-14 06:15:00,solar,105.72290893217016,24.897654651099746,503.7346960839663,1.9981743174721658,0.9694066261852997,5.0,44.4,-0.0,25.987953867572493,1.8570166126995942,available,230.83343963957014,50.041781772844566,0.8876099865142945,0.0,normal,,normal,False
SOLAR_001,2026-01-14 06:30:00,solar,120.59723434421926,28.469752180449955,499.930992618885,2.407134743603604,1.1689417056170384,5.0,44.4,-0.0,27.513436823714304,1.905373533163567,available,227.2337340725056,49.976666571522145,0.7364318275465287,0.0,normal,,normal,False
SOLAR_001,2026-01-14 06:45:00,solar,170.54772152291375,28.463873384587355,506.5929315591161,3.3103917209774334,1.6332896304358926,5.0,44.4,-0.0,28.42858891611927,2.1952117441998396,available,229.2692419877722,50.06045234843029,0.561922113763947,0.0,normal,,normal,False
SOLAR_001,2026-01-14 07:00:00,solar,239.63937151609673,31.394898249854766,505.30325343388165,4.410145338731198,2.1411415182368057,5.291252244363775,44.4233001795491,5.5210902137837,30.780076922373706,1.8958764703515214,available,228.41580234188442,49.95418243184399,0.0,0.0,normal,,normal,False
SOLAR_001,2026-01-14 07:15:00,solar,310.7348861595496,28.98007875139014,505.5578286789972,6.010580628677209,2.943424140324664,6.480663613410611,44.51845308907285,22.498750617640518,29.72245051943462,1.941814566390486,available,231.35381141815927,49.9628759043311,0.0,0.0,normal,,normal,False
SOLAR_001,2026-01-14 07:30:00,solar,303.32424267158325,32.368430392647,512.4302442174602,5.858949738238645,2.93694606335632,7.175904765915768,44.57407238127326,13.134681271225354,33.01187284823835,2.351479829667767,available,229.25669554790468,49.993609963209394,0.0,0.0,normal,,normal,False
SOLAR_001,2026-01-14 07:45:00,solar,446.89392608516715,37.15380785882952,501.8932480268429,8.426325672829396,4.113913594880547,9.489282777760138,44.759142622220814,43.524242988531824,38.455764398305554,2.1658057954326564,available,229.85445333222808,50.05234002261044,0.0,0.0,normal,,normal,False
SOLAR_001,2026-01-14 08:00:00,solar,463.4409724061696,37.73317998553145,507.2987164069414,8.653861446588017,4.217332617353351,11.62825955294597,44.930260764235676,40.08976510526449,37.81616443410874,2.4160890171968616,available,229.6216111603155,49.94149242902782,0.0,0.0,normal,,normal,False
SOLAR_001,2026-01-14 08:15:00,solar,553.7809849015438,41.5363367002375,516.0411194991071,10.122563630144965,5.084144000376842,15.079144716259545,45.206331577300766,64.28322000892092,38.57673994197552,2.1781354417969876,available,227.03973094054922,50.044574207206935,0.0,0.0,normal,,normal,False
SOLAR_001,2026-01-14 08:30:00,solar,564.931738336468,40.25322111726115,519.4954252327886,10.287695401821592,5.164097313901974,18.511470788998302,45.48091766311986,63.55148486968994,39.82235264752686,2.2737174631745978,available,232.8107923359143,49.9972626452591,0.0,0.0,normal,,normal,False
SOLAR_001,2026-01-14 08:45:00,solar,611.0384317984154,42.44516228404534,522.3308862406882,10.979793535593368,5.582856250562656,22.376653589512507,45.790132287161,71.08279921464681,44.01042198938823,2.3279654711822744,available,231.32466011436705,49.97831332382069,0.0,0.0,normal,,normal,False
SOLAR_001,2026-01-14 09:00:00,solar,702.2316977133886,46.8276325894572,514.3435577450841,12.191398108508317,6.060814044675869,26.491529592921168,46.119322367433696,75.13464122706658,46.50263794722062,2.5956553049633113,available,228.50523279790028,50.0548903183174,0.0,0.0,normal,,normal,False
SOLAR_001,2026-01-14 09:15:00,solar,745.2461208132672,43.102111146300864,516.8683856680417,13.542163594694605,6.787674741294668,31.241529592921168,46.49932236743369,86.02275896393371,41.184574937843216,2.5995024786075938,available,230.38372384199067,49.9598664585656,0.0,0.18817226268707454,normal,,normal,False
SOLAR_001,2026-01-14 09:30:00,solar,742.797882753149,47.71530282434728,519.1367781147674,13.069549262491392,6.563101358845358,35.96237046876122,46.8769896375009,84.80589258862173,48.16463467872686,2.5876564107695232,available,231.94823582969477,50.1142838076875,0.0,0.0,normal,,normal,False
SOLAR_001,2026-01-14 09:45:00,solar,762.8884562083387,47.18680487191862,521.729693334684,13.560501118667911,6.862780310521085,40.71237046876122,47.2569896375009,84.6435634322714,47.71086424426346,2.248397551549067,available,230.1114820255152,49.991167910572884,0.0,0.6143827589720186,normal,,normal,False
SOLAR_001,2026-01-14 10:00:00,solar,724.1235827330069,45.68435984980057,518.5728758143878,12.733018874121955,6.386179519012035,45.46237046876122,47.636989637500896,83.96836220001423,44.95716087127473,2.192345517826354,available,233.11350837333617,50.00749208521155,0.0,0.19383400118568161,normal,,normal,False
SOLAR_001,2026-01-14 10:15:00,solar,889.6718649894852,52.00949161350394,521.6420505244381,15.04357771900257,7.603170918381405,50.21237046876122,48.0169896375009,83.3038478712966,51.76274250841175,2.555751026301891,available,235.83570168383562,50.07714525080393,0.0,1.047419892079514,normal,,normal,False
SOLAR_001,2026-01-14 10:30:00,solar,823.8995820846636,51.992139879368224,520.3166858520037,14.125636238246924,7.0861077727122375,54.96237046876122,48.396989637500894,82.64976871413836,51.14484394224475,2.691097730090242,available,229.74775652817723,50.00879648392902,0.0,0.3950100426219958,normal,,normal,False
SOLAR_001,2026-01-14 10:45:00,solar,831.1439837092388,52.15760262607506,521.0274983575356,14.192717510170622,7.191093854553868,59.71237046876122,48.7769896375009,82.0058808410904,52.68017232519118,2.658682304696545,available,228.83494051391827,50.05944344392087,0.0,0.532411549857323,normal,,normal,False
SOLAR_001,2026-01-14 11:00:00,solar,914.8775112541722,52.73144606148543,515.645039578181,15.837684125022625,7.9287820010578125,64.46237046876122,49.1569896375009,81.37194790603041,52.7880455114526,2.4372764732967647,available,228.02118149595856,49.90234207662655,0.0,1.4915055277610474,normal,,normal,False
SOLAR_001,2026-01-14 11:15:00,solar,896.7910955576314,54.01149802531103,518.2988507305597,15.398388859324536,7.677030779731944,69.21237046876122,49.536989637500895,80.74774081491394,52.845722861774945,2.5869150851562837,available,225.57285075380943,49.97787014799145,0.0,1.09011569457566,normal,,normal,False
SOLAR_001,2026-01-14 11:30:00,solar,964.0267300966818,55.86992682766482,517.737820435165,16.312359027401893,8.234087966153727,73.96237046876122,49.9169896375009,80.13303744973713,55.86038300044261,2.5952277182352406,available,232.49629010289928,50.01983668892113,0.0,1.638860247918486,normal,,normal,False
SOLAR_001,2026-01-14 11:45:00,solar,969.9423784303051,54.74601346148362,515.201596650458,16.563053522475485,8.26979067110768,78.71237046876122,50.2969896375009,79.52762240501254,54.012989089116445,2.4788250737332524,available,229.29301237987343,50.05407096488117,0.0,1.7909655973744272,normal,,normal,False
SOLAR_001,2026-01-14 12:00:00,solar,949.8431331052271,53.46793828367185,513.3935791031563,16.445402977342784,8.196504136179689,83.46237046876122,50.676989637500895,78.93128673610096,54.92899897746727,2.4884747249474,available,231.75071149494013,50.038484827913045,0.0,1.708029411232289,normal,,normal,False
SOLAR_001,2026-01-14 12:15:00,solar,888.5171943512602,52.12557577492063,518.2626684704035,15.259238938163648,7.701276966193273,88.21237046876122,51.0569896375009,78.34382771878184,53.01927350812903,2.4686755828179323,available,232.15290434177763,50.03380160539665,0.0,1.232601383375341,normal,,normal,False
SOLAR_001,2026-01-14 12:30:00,solar,945.2304314684135,55.82765483962922,518.7733679217312,15.940941115308165,8.035216021889754,92.96237046876122,51.4369896375009,77.76504861948104,55.70537549570212,2.2885308809624343,available,227.83805954013795,50.05305289211773,0.0,1.7466851409273199,normal,,normal,False
SOLAR_001,2026-01-14 12:45:00,solar,942.8709982021747,54.493567197155556,520.035853912176,16.09162426062212,8.16592830729106,97.71237046876122,51.816989637500896,77.1947584756087,54.57463135175018,2.3041428886702633,available,228.1383716105096,50.02375098267039,0.0,1.861785418620796,normal,,normal,False
SOLAR_001,2026-01-14 13:00:00,solar,834.0614138479923,50.28226201660393,521.5414678891419,14.495730691961597,7.3222341697598265,100.0,52.0,37.04663208483852,51.29603824454191,2.294368549528153,available,233.48937377890087,49.89284079866051,0.0,3.1014407518200704,normal,,normal,False
SOLAR_001,2026-01-14 13:15:00,solar,852.8907342172788,49.77998656483851,519.6910915643253,14.889077266395706,7.545609821427417,100.0,52.0,0.0,49.60637617544694,2.1062712029162967,available,229.8598697004128,50.072110162625684,0.0,5.439338618511121,normal,,normal,False
SOLAR_001,2026-01-14 13:30:00,solar,908.9307128268493,54.91112902843248,517.4499459401034,15.447696829765873,7.7585205270558095,100.0,52.0,0.0,55.669521552895965,2.444317775099761,available,228.6794249257626,49.95811675004782,0.0,5.314202751956048,normal,,normal,False
SOLAR_001,2026-01-14 13:45:00,solar,848.5309176445273,51.258602270539456,514.2769495675462,14.558440346443927,7.281461618734186,100.0,52.0,0.0,52.7359884000748,2.3954780591221976,available,227.90965341019157,50.01568125036821,0.0,4.885983559611988,normal,,normal,False
SOLAR_001,2026-01-14 14:00:00,solar,824.4124527019317,51.86737373505574,520.8287844656936,14.113510126168512,7.145035483704527,100.0,52.0,0.0,51.376491669206445,2.5421042588397382,available,229.71708843919777,50.00905023805836,0.0,4.602931224864789,normal,,normal,False
SOLAR_001,2026-01-14 14:15:00,solar,866.5722148644594,54.15237663868091,516.2221033768933,14.755891920334065,7.436053221885252,100.0,52.0,0.0,55.79852173960021,2.626304782131968,available,233.01578884195655,50.00236638095349,0.0,4.8097484397532835,normal,,normal,False
SOLAR_001,2026-01-14 14:30:00,solar,780.7793962636368,48.0232549188897,514.1319076257971,13.775189369917056,6.895342622816193,100.0,52.0,0.0,49.378371809395546,2.621867876100362,available,231.37087596352626,49.94469796578075,0.0,4.273474746715831,normal,,normal,False
SOLAR_001,2026-01-14 14:45:00,solar,733.5790475103792,48.54987930771903,514.2909790199265,12.854995088199127,6.398229745394755,100.0,52.0,0.0,48.79843811009996,2.62202100502749,available,230.36352469262158,49.90306533680826,0.0,3.7762087403672653,normal,,normal,False
SOLAR_001,2026-01-14 15:00:00,solar,770.8579434216816,49.07758519270481,511.2111582343121,13.624754501314582,6.733840202894363,100.0,52.0,0.0,48.63367319081122,2.166781846076145,available,233.1770418871821,49.94988105467018,0.0,4.567058356818219,normal,,normal,False
SOLAR_001,2026-01-14 15:15:00,solar,605.8494597572042,45.53613809348986,511.06422060835695,10.779190299753838,5.342222291861084,100.0,52.0,0.0,45.77224963157701,2.0103137611975987,available,232.791550329941,50.04131192186222,0.0,3.3319085306634855,normal,,normal,False
SOLAR_001,2026-01-14 15:30:00,solar,580.7825782764193,45.931777836579776,509.9253953270137,10.310365953755102,5.079810678992744,100.0,52.0,0.0,45.68727694070197,2.460091358667011,available,230.66824442144505,49.927668906871794,0.0,2.619719320325733,normal,,normal,False
SOLAR_001,2026-01-14 15:45:00,solar,540.3784186543061,40.77816139671688,509.9620549883902,10.047554704035859,4.943199006219454,100.0,52.0,0.0,39.985389540779764,2.5264332924990014,available,235.55223931507226,49.9559859514996,0.0,2.416765713720453,normal,,normal,False
SOLAR_001,2026-01-14 16:00:00,solar,536.6415731100357,43.22048371911537,512.6230198272724,9.610996576505645,4.726590908943848,100.0,52.0,0.0,43.75275891444239,2.5361984894420853,available,229.50515368881298,50.02090233268998,0.0,2.1903924195017628,normal,,normal,False
SOLAR_001,2026-01-14 16:15:00,solar,384.06891823099295,39.76442932396586,510.4742220785425,7.079463117466817,3.477472649766178,100.0,52.0,0.0,38.74090502464022,2.296029152537026,available,232.19605699431838,49.94862876625662,0.0,1.1814434972291519,normal,,normal,False
SOLAR_001,2026-01-14 16:30:00,solar,330.73280046177877,36.25008441867034,513.840618276425,6.239722505188144,3.1418644602466155,100.0,52.0,0.0,35.911529828684195,1.7728667550435648,available,229.21400678991574,49.97284759051262,0.0,1.3689977052030506,normal,,normal,False
SOLAR_001,2026-01-14 16:45:00,solar,338.7368381580798,36.15124209574953,511.27570567451124,6.4192178347306035,3.172757287787732,100.0,52.0,0.0,35.8258404019423,2.217769652073141,available,231.80569687283884,50.0040910758035,0.0,0.9549876357145912,normal,,normal,False
SOLAR_001,2026-01-14 17:00:00,solar,253.2975561492315,34.460112957208175,513.0020679949887,4.8281852774987595,2.426136070410758,100.0,52.0,0.0,33.09485350043723,2.2275567438780164,available,229.50322563287045,50.014132136956505,0.0,0.1985793265327418,normal,,normal,False
SOLAR_001,2026-01-14 17:15:00,solar,212.37622921744705,32.922652178803865,506.13844035900587,4.092955865246517,2.0136301091424995,99.57292692103096,51.96583415368248,-6.245941113089508,33.5811242019194,2.3382056491589758,available,230.92273663183406,49.94763870259108,0.0,0.0,normal,,normal,False
SOLAR_001,2026-01-14 17:30:00,solar,115.18057560123643,30.431827327637222,504.78294473389514,2.303921504570128,1.1278015350772264,97.97179403916458,51.83774352313316,-23.4744205190067,30.203489287206434,2.34466252529567,available,234.7802718197651,50.007047145829056,0.0,0.0,normal,,normal,False
SOLAR_001,2026-01-14 17:45:00,solar,77.34894439941016,29.02572065670921,499.3583994740543,1.6615089317983607,0.7985726140689648,96.11286578289923,51.68902926263194,-27.33240486261222,30.324563966803602,2.2113580888306315,available,231.90370360276256,50.019942737643184,0.0,0.0,normal,,normal,False
SOLAR_001,2026-01-14 18:00:00,solar,20.924334084275923,24.861883209401068,503.304059589982,0.4581923515680772,0.22369715197046716,93.9301722718856,51.51441378175085,-32.20161012407782,24.6172302065278,1.882544220340829,available,230.9536822253797,49.9363399737984,0.0,0.0,normal,,normal,False
SOLAR_001,2026-01-14 18:15:00,solar,12.683660979971656,27.1681235251696,497.37553227982767,0.06811051310362826,0.033180710470042146,91.6517980370621,51.33214384296497,-33.7325560327863,26.761528349645438,1.7647451289359042,available,228.45059441564322,50.01074214880279,0.0,0.0,normal,,normal,False
SOLAR_001,2026-01-14 18:30:00,solar,0.0,26.66385808882572,494.1181779024737,0.0,0.0,88.95698824250388,51.11655905940031,-40.06637930155437,25.75921537397819,2.048055443864238,available,230.37645740900646,49.964170838512764,0.0,0.0,normal,,normal,False
SOLAR_001,2026-01-14 18:45:00,solar,25.339658494575566,25.37043770751084,506.10529356899104,0.5687346518389041,0.2795991131389059,87.01734716372924,50.96138777309834,-28.926355507274675,25.409466913540133,1.7537263330076294,available,227.98399499685095,50.006195759034306,0.0,0.0,normal,,normal,False
SOLAR_001,2026-01-14 19:00:00,solar,22.12784876367745,22.311963259267436,495.0032736214693,0.38848815758977084,0.18542936113138447,84.39480836117535,50.751584668894026,-39.27226121005355,22.35664149147312,2.17855885107234,available,231.77395269647405,50.03615395015036,0.0,0.0,normal,,normal,False
SOLAR_001,2026-01-14 19:15:00,solar,10.792521356226793,23.639872570294536,501.7554071583824,0.3777093101632865,0.1829251592275194,82.64281455339157,50.611425164271324,-26.30859118457792,24.381639305528033,1.5144404531431932,available,231.72375527937967,49.99118704896913,0.0,0.0,normal,,normal,False
SOLAR_001,2026-01-14 19:30:00,solar,3.678258369761174,23.46988192911452,496.47867450866653,0.06817758911160965,0.03268896179217259,80.13165558480938,50.41053244678475,-37.858771242639314,23.53690091944786,1.941169777914643,available,229.64072910817282,50.04567077079895,0.0,0.0,normal,,normal,False
SOLAR_001,2026-01-14 19:45:00,solar,4.069944180798683,21.019215993726846,504.5066704911673,0.0904050348424701,0.04453312769799563,77.73646616816208,50.21891729345297,-36.24817209847074,23.113133689281405,1.8648770843499471,available,233.32706397376742,50.03954069921202,0.0,0.0,normal,,normal,False
SOLAR_001,2026-01-14 20:00:00,solar,0.0,21.648059588916833,505.05179994308276,0.11134939020398398,0.05500891067041985,75.52773227892084,50.042218582313666,-33.5444311499136,22.104276853037586,1.7336466664937675,available,233.04579213873998,50.045391504762975,0.0,0.0,normal,,normal,False
SOLAR_001,2026-01-14 20:15:00,solar,11.534132416547553,19.924222971953746,502.1167112296927,0.21616611087993312,0.1053907098196621,73.60723302831482,49.88857864226519,-29.256785223863353,18.93738598739767,1.564970140280231,available,230.2992931968919,50.020155496992565,0.0,0.0,normal,,normal,False
SOLAR_001,2026-01-14 20:30:00,solar,0.560427353009596,22.24616499474928,504.9854588379048,0.028673812367452468,0.014023519737367849,71.89712963789364,49.75177037103149,-26.123262891501994,21.174688651783658,1.3137020964574633,available,231.13102224330893,50.05503834452197,0.0,0.0,normal,,normal,False
SOLAR_001,2026-01-14 20:45:00,solar,0.0,21.152912140820067,500.02934830332447,0.0899070711599204,0.0439556094683229,69.85363880036455,49.58829110402917,-31.318946508239726,21.68770960966578,1.5970086459904322,available,228.8230855641178,50.01925476517651,0.0,0.0,normal,,normal,False
SOLAR_001,2026-01-14 21:00:00,solar,0.0,18.031325252778633,508.9366987233042,0.0,0.0,67.77597391586553,49.42207791326924,-31.949796101051977,17.01299713821161,1.5790253122192566,available,229.45563894540683,49.916636981682835,0.0,0.0,normal,,normal,False
SOLAR_001,2026-01-14 21:15:00,solar,0.0,20.63820566123576,502.9846609339716,0.0,0.0,65.2970009969127,49.22376007975301,-38.27459371961096,21.233050045776416,1.8840194184041514,available,227.84398457207286,49.96039646716201,0.0,0.0,normal,,normal,False
SOLAR_001,2026-01-14 21:30:00,solar,3.998380365890132,19.753866085000773,496.3977937615052,0.16575518871280803,0.08000256007484696,63.44645190594155,49.07571615247532,-28.658110760287588,20.649505130007192,1.4864198692129191,available,229.043326020558,49.98943714666995,0.0,0.0,normal,,normal,False
SOLAR_001,2026-01-14 21:45:00,solar,0.0,20.159200718431126,500.27842683497653,0.006556363898960723,0.003167457232660599,61.19220803759424,48.89537664300754,-35.0385958257867,21.07894289460846,1.716392797176613,available,229.79122227148838,49.995638847530856,0.0,0.0,normal,,normal,False
SOLAR_001,2026-01-14 22:00:00,solar,3.876188279197486,18.559858588040967,499.3899918951397,0.22653057381634378,0.10937359271638532,59.557383017999165,48.76459064143993,-25.478877163718366,17.690671337815296,1.3518406076086436,available,226.67926550668992,50.017886937962295,0.0,0.0,normal,,normal,False
SOLAR_001,2026-01-14 22:15:00,solar,9.014636403829998,17.760268156628374,498.99830376624936,0.027977526241577837,0.013492094476767497,57.348218793459374,48.58785750347675,-34.55523451574502,18.681739331575905,1.692456905127008,available,231.15362794999226,49.959652406242,0.0,0.0,normal,,normal,False
SOLAR_001,2026-01-14 22:30:00,solar,0.0,17.290259678274644,493.37144308840317,0.0,0.0,55.85254229354755,48.468203383483804,-23.452780598018574,17.612848916624497,1.1367141399329872,available,232.04425654105256,50.10043543522747,0.0,0.0,normal,,normal,False
SOLAR_001,2026-01-14 22:45:00,solar,26.38188303021626,18.03200446481498,501.5474581777738,0.6174018127515134,0.30333060009772517,53.629371139316476,48.290349691145316,-34.988565790515054,17.424133404100402,1.9929406773133413,available,229.98416453018135,49.99487708452608,0.0,0.0,normal,,normal,False
SOLAR_001,2026-01-14 23:00:00,solar,0.0,17.9660598183805,494.45698808423776,0.08755131748540203,0.042016496974464385,51.66212985532189,48.132970388425754,-31.061938703774718,17.80665867254812,1.5371198728103488,available,224.605515883123,49.99961561019711,0.0,0.0,normal,,normal,False
SOLAR_001,2026-01-14 23:15:00,solar,0.0,17.94382850740837,489.89837087791045,0.0,0.0,50.34667396198144,48.02773391695852,-20.816024355164,18.415108266922605,0.9997464789387446,available,229.4940144711698,49.96646254464328,0.0,0.0,normal,,normal,False
SOLAR_001,2026-01-14 23:30:00,solar,8.682952271984144,17.46383726250844,498.62394543550676,0.2195375680986587,0.10585437464521028,48.6302982480017,47.89042385984013,-27.238128993017316,16.79098616468405,1.41029991726981,available,227.21322757526505,49.949831161991,0.0,0.0,normal,,normal,False
SOLAR_001,2026-01-14 23:45:00,solar,0.0,16.736509770039483,496.97642538643106,0.07497407719611252,0.03614286375636531,46.86755065041079,47.749404052032865,-28.056647004624857,17.03836922246248,1.3758310379254552,available,228.7807619349265,49.993684841471556,0.0,0.0,normal,,normal,False
SOLAR_001,2026-01-15 00:00:00,solar,0.0,16.7114143139683,496.5538519494578,0.0,0.0,45.00066068511245,47.60005285480899,-29.807453742845915,18.157016262507657,1.4188363736267398,available,232.90387260125704,50.001377536209475,0.0,0.0,normal,,normal,False
SOLAR_001,2026-01-15 00:15:00,solar,17.659310376452993,21.337572974849113,487.58761619853794,0.2949987195249571,0.13945280771641272,43.239368056603965,47.459149444528315,-28.204938633192803,22.30162910520517,1.47803520538286,available,225.13105383426094,49.995654795175234,0.0,0.0,normal,,normal,False
SOLAR_001,2026-01-15 00:30:00,solar,0.0,15.903798243136015,496.5966284961878,0.019102644713192316,0.009221319962290876,41.381335080611365,47.310506806448906,-29.84759955185878,15.985784436650409,1.421326381716667,available,228.3672749502253,50.08275779715187,0.0,0.0,normal,,normal,False
SOLAR_001,2026-01-15 00:45:00,solar,20.116335544796804,16.68093791313041,499.3054325393092,0.5068275823276361,0.2449570662166051,39.86764147246887,47.18941131779751,-24.378501660910146,16.91508052181159,1.3953642084049038,available,231.6591392237098,49.99368453243111,0.0,0.0,normal,,normal,False
SOLAR_001,2026-01-15 01:00:00,solar,27.200458194464424,22.620792617413834,497.4633842396156,0.43479653722695055,0.20960146107034539,38.38870025312702,47.07109602025016,-23.87867336286918,22.082729679405674,1.3335967877701504,available,228.59614776090268,49.995703536278114,0.0,0.0,normal,,normal,False
SOLAR_001,2026-01-15 01:15:00,solar,0.0,17.646507491020607,501.54937470501335,0.0,0.0,36.101543244556204,46.8881234595645,-37.07206000711134,17.136611083786942,1.7382393265138198,available,228.44313964565615,50.040764773923875,0.0,0.0,normal,,normal,False
SOLAR_001,2026-01-15 01:30:00,solar,5.252629813673582,15.121230716869624,505.5706425939023,0.08384594298510814,0.04105103821060416,33.75492443507388,46.70039395480591,-38.18876339528254,13.58403442136621,1.8244813334171703,available,234.06481233721505,49.99144670855354,0.0,0.0,normal,,normal,False
SOLAR_001,2026-01-15 01:45:00,solar,20.143567527318478,18.902123031326244,502.0654697610207,0.45262413783039324,0.21992795345441424,32.010760555852016,46.56086084446816,-28.469502585799095,19.15323275144899,1.5454925016630325,available,230.75677478682104,50.02696695343654,0.0,0.0,normal,,normal,False
SOLAR_001,2026-01-15 02:00:00,solar,0.0,15.873460882174802,504.10557717640796,0.0,0.0,29.896601031785508,46.39172808254284,-34.634649423528806,16.555959313771556,1.6067612382905474,available,231.86860482206396,49.93604776308283,0.0,0.0,normal,,normal,False
SOLAR_001,2026-01-15 02:15:00,solar,15.619959369471266,19.125580339478688,504.4365067585938,0.26281948388933435,0.12742468687255867,28.22140653763711,46.257712523010966,-27.52293068792477,19.05473685379564,1.400572502425339,available,230.98933943574843,49.93644277394503,0.0,0.0,normal,,normal,False
SOLAR_001,2026-01-15 02:30:00,solar,0.0,17.216399853364972,495.92455693173315,0.12588263308458003,0.06104683835705532,26.121211408453988,46.08969691267632,-34.631347244554696,16.33907565823073,1.6571951365362292,available,230.32339478319756,50.00610292822278,0.0,0.0,normal,,normal,False
SOLAR_001,2026-01-15 02:45:00,solar,0.0,17.06219703503707,501.75645877074476,0.0,0.0,23.874283988631326,45.90994271909051,-37.19596971649311,17.128325510564917,1.707664839065224,available,232.52804981994424,49.98841912072141,0.0,0.0,normal,,normal,False
SOLAR_001,2026-01-15 03:00:00,solar,0.0,20.351569626750305,503.9806294134619,0.0,0.0,21.719123164258576,45.737529853140686,-35.81133987302151,21.69333419455984,1.6379222265232887,available,233.81069320893457,49.95954876092185,0.0,0.0,normal,,normal,False
SOLAR_001,2026-01-15 03:15:00,solar,6.167649585506461,19.183505982508713,498.25615808780606,0.0,0.0,19.373716086944288,45.54989728695554,-39.133115219325184,20.081487636744846,1.7825093787588586,available,226.6329661507787,50.00609258670125,0.0,0.0,normal,,normal,False
SOLAR_001,2026-01-15 03:30:00,solar,20.84344294617989,20.427096847789663,496.83749339987884,0.35537925338387366,0.1706436703950654,17.245879977784796,45.379670398222785,-35.636121390263526,20.397622483863355,1.7877991133562807,available,229.9293652876259,50.010455004708746,0.0,0.0,normal,,normal,False
SOLAR_001,2026-01-15 03:45:00,solar,0.0,19.389500866927076,502.12162583686575,0.051389548844757174,0.024911720058433916,15.253440770857651,45.22027526166861,-33.48616938977815,21.436931268673458,1.5391655173230632,available,229.91360250320315,49.96450515614143,0.0,0.0,normal,,normal,False
SOLAR_001,2026-01-15 04:00:00,solar,0.0,18.38358574600452,494.0734845128493,0.03244476443326742,0.015466457995174442,12.624305185659471,45.00994441485276,-44.393368415075244,21.082302735894388,2.0136095027457914,available,229.14144552937552,49.97406020877979,0.0,0.0,normal,,normal,False
SOLAR_001,2026-01-15 04:15:00,solar,0.0,20.301610924686834,495.6479816677348,0.06047810262926252,0.029039543647793372,10.347461378044024,44.82779691024352,-38.60107819379207,19.821468310149907,1.7594408374355341,available,231.96212125894687,50.01083082747215,0.0,0.0,normal,,normal,False
SOLAR_001,2026-01-15 04:30:00,solar,7.102789584669727,21.73006282558239,497.3329746096663,0.20007930753089034,0.09686873149715669,7.628990267094089,44.610319221367526,-46.313007402384955,21.484178057412088,2.1629067758191067,available,230.51377536503813,49.948946077434016,0.0,0.0,normal,,normal,False
SOLAR_001,2026-01-15 04:45:00,solar,33.19409544109685,21.142967820166536,501.8020568525228,0.8797251385666133,0.4269159449237098,5.638831828181309,44.45110654625451,-34.026608808935464,21.836299119408153,1.9394363584974226,available,233.85094572888556,49.96979835662792,0.0,0.0,normal,,normal,False
SOLAR_001,2026-01-15 05:00:00,solar,7.087049987659156,23.379640156211238,500.87565008622266,0.06775514311155093,0.03302195089261216,5.0,44.4,-10.934959221121504,22.466663789073888,2.2777180557782324,available,232.2005328185922,50.026696757027935,1.7591839154678257,0.0,normal,,normal,False
SOLAR_001,2026-01-15 05:15:00,solar,0.0,22.17970997326985,504.12948351820853,0.0,0.0,5.0,44.4,-0.0,23.028844206728568,2.1472631889540317,available,232.72940487557764,49.998808198500384,2.1472631889540317,0.0,normal,,normal,False
SOLAR_001,2026-01-15 05:30:00,solar,13.791311403305114,21.983972583184418,496.3125197825463,0.17539203564694075,0.08426996856271528,5.0,44.4,-0.0,22.085440276645897,1.9867011391291491,available,227.60167156002754,49.97613985780221,1.9024311705664338,0.0,normal,,normal,False
SOLAR_001,2026-01-15 05:45:00,solar,0.0,22.127153539404596,496.09810811492997,0.0,0.0,5.0,44.4,-0.0,22.498792028891515,1.8259472185225107,available,228.3878281519659,49.954846534050894,1.8259472185225107,0.0,normal,,normal,False
SOLAR_001,2026-01-15 06:00:00,solar,0.0,22.39412237773379,502.09564787499863,0.0,0.0,5.0,44.4,-0.0,21.818684533334796,1.859686505046101,available,228.55261709026044,49.94933943241138,1.859686505046101,0.0,normal,,normal,False
SOLAR_001,2026-01-15 06:15:00,solar,31.721742656907143,21.55055313391729,498.1133949681747,0.6550262869440453,0.3151363925408204,5.0,44.4,-0.0,20.76284977697102,2.1360382651500687,available,232.6462376045009,49.99341222592648,1.8209018726092483,0.0,normal,,normal,False
SOLAR_001,2026-01-15 06:30:00,solar,136.62516196786578,26.36683740994338,500.1965081824234,2.8417123398578865,1.3741039192708295,5.0,44.4,-0.0,24.38137194402786,2.087362003257207,available,228.0656474277364,50.10129062616183,0.7132580839863776,0.0,normal,,normal,False
SOLAR_001,2026-01-15 06:45:00,solar,108.8517516208762,26.595251613922652,496.47474708331555,2.3335620580209997,1.1062573457427392,5.0,44.4,-0.0,28.08003251038029,1.9699853977090407,available,228.12413130157847,50.028289332120394,0.8637280519663015,0.0,normal,,normal,False
SOLAR_001,2026-01-15 07:00:00,solar,220.6485756747767,28.892086709969625,506.33976490770476,4.339674658343944,2.1203129363725814,5.0,44.4,-0.0,29.833533153016536,2.2830805598181425,available,227.7572891651989,49.93335678785526,0.16276762344556106,0.0,normal,,normal,False
SOLAR_001,2026-01-15 07:15:00,solar,244.1525308897978,31.06815070491299,512.5939511933278,4.856332658195581,2.427806039332072,5.327042266475901,44.42616338131807,6.199140166811136,31.741509711172093,2.1524020254576293,available,235.5060544377575,50.03536080836995,0.0,0.0,normal,,normal,False
SOLAR_001,2026-01-15 07:30:00,solar,291.86041464709876,32.2421549472505,503.5365129821003,5.592916277571027,2.7235466940417665,5.782492675346482,44.46259941402772,8.626063061358643,32.59048109812998,2.3400095076244356,available,229.71553618066775,49.96205566960512,0.0,0.0,normal,,normal,False
SOLAR_001,2026-01-15 07:45:00,solar,398.88009947884876,36.49817257773227,512.9325882512605,7.259666161041549,3.603358609050973,7.681807145600353,44.614544571648025,35.84980474751156,34.19394483695748,2.003935897258239,available,231.05977603311814,49.999757131169666,0.0,0.0,normal,,normal,False
SOLAR_001,2026-01-15 08:00:00,solar,394.86126213726646,36.67793344074791,509.7624056760402,7.487458746987239,3.657819638707591,9.145905945413677,44.7316724756331,27.562691866206773,35.926832265727825,2.4248943336016335,available,227.71876536400958,49.970556969775814,0.0,0.0,normal,,normal,False
SOLAR_001,2026-01-15 08:15:00,solar,449.5847867801504,37.74042585800316,504.0497461067519,8.282519959082627,4.015515894950185,11.123461779677193,44.88987694237417,37.0976774643355,37.484344904367624,2.3502057187282768,available,231.91851679983995,50.1011377406437,0.0,0.0,normal,,normal,False
SOLAR_001,2026-01-15 08:30:00,solar,487.61038930786907,36.81822442229936,508.596321157662,9.059928257042758,4.497028613856712,13.478953574695801,45.07831628597567,44.002797826934746,35.73687806979133,2.513456575946305,available,226.45266674951503,49.943294604414255,0.0,0.0,normal,,normal,False
SOLAR_001,2026-01-15 08:45:00,solar,551.8862323928832,43.57926074937684,509.3610469707863,10.080712762512688,4.996528903455649,16.452853983685152,45.31622831869481,55.263583917556694,41.885738794441124,2.4921917169382986,available,228.0419945095991,50.015680612806776,0.0,0.0,normal,,normal,False
SOLAR_001,2026-01-15 09:00:00,solar,549.558587607972,41.02612819234258,512.8760244831684,10.01835668237126,4.95069735506197,19.59912333929281,45.56792986714343,58.14374257058383,40.04876534304394,2.301207371392364,available,228.537252201056,49.96573380978744,0.0,0.0,normal,,normal,False
SOLAR_001,2026-01-15 09:15:00,solar,644.1042165046183,43.870267363209976,516.7148533033663,11.505993562765953,5.748213476374222,23.687638898768405,45.895011111901475,75.01818580548328,43.91941031180738,2.3052530052368767,available,230.43774307701653,50.03694140396883,0.0,0.0,normal,,normal,False
SOLAR_001,2026-01-15 09:30:00,solar,573.4646381249353,42.08416468313534,523.2627581547904,10.0976425792911,5.124438005188567,26.55049097797135,46.12403927823771,52.26824972974125,42.13356366465524,2.7136152016492443,available,228.41383537182563,50.01467269100314,0.0,0.0,normal,,normal,False
SOLAR_001,2026-01-15 09:45:00,solar,734.4964013113864,46.24521325438683,510.9048090663769,13.153609962499878,6.478443966209639,31.30049097797135,46.504039278237705,86.01403366420823,47.15273608832455,2.316047631659754,available,233.04799620219134,50.0627276323076,0.0,0.1623963345498849,normal,,normal,False
SOLAR_001,2026-01-15 10:00:00,solar,746.0509849624566,49.91710916436803,515.3813984880088,13.130306294590008,6.496290785160159,35.999300956727744,46.87994407653822,84.40480661046436,51.98028886526101,2.5393981714705665,available,231.00644640885284,50.035905889732796,0.0,0.0,normal,,normal,False
SOLAR_001,2026-01-15 10:15:00,solar,699.705870769689,48.83459190217419,514.3535314190109,12.308594306339499,6.136000099725957,40.522114114540855,47.241769129163266,80.62112902801985,49.52035342227219,2.327315335251761,available,228.62079314783142,49.96532330655632,0.0,0.0,normal,,normal,False
SOLAR_001,2026-01-15 10:30:00,solar,821.5807808021412,50.75958300745869,513.4056728042685,14.272832906575195,7.128900451424359,45.272114114540855,47.62176912916327,83.99519953051104,50.58403332360156,2.043369173602549,available,231.995234154137,50.14581012887667,0.0,1.0855312778218096,normal,,normal,False
SOLAR_001,2026-01-15 10:45:00,solar,788.2988079927576,49.366507254290674,519.3203933363403,13.579839541156035,6.861588723818703,50.022114114540855,48.00176912916327,83.33026204173414,51.16683376635236,2.180650738711607,available,229.2134308574539,50.02777130668255,0.0,0.6809379851070965,normal,,normal,False
SOLAR_001,2026-01-15 11:00:00,solar,845.4767963266388,52.127774712177676,519.3244364905287,14.435777608647967,7.304754135792376,54.772114114540855,48.38176912916327,82.67576965450203,50.545838284245775,2.5158507988024774,available,228.81912672551977,49.97246690255857,0.0,0.7889033369898986,normal,,normal,False
SOLAR_001,2026-01-15 11:15:00,solar,787.4352705436411,50.074686426973905,512.3604962197331,13.865592187250813,6.8358724773428365,59.522114114540855,48.76176912916327,82.03147817308569,47.995843328357,2.5815797161024747,available,231.7916312949906,50.01027701964231,0.0,0.2542927612403618,normal,,normal,False
SOLAR_001,2026-01-15 11:30:00,solar,781.7110468392531,49.72459852107569,519.9014993392581,13.581786009043942,6.851399464709348,64.27211411454086,49.141769129163265,81.39715095495399,48.837875110811,2.527992869462247,available,225.0943508482236,50.03154168133847,0.0,0.3234065952471017,normal,,normal,False
SOLAR_001,2026-01-15 11:45:00,solar,814.8431292795243,51.50674802071334,515.1355944931274,14.063194923901214,7.017394793783618,69.02211411454086,49.52176912916327,80.77255862098045,52.31893546861164,2.678226415736072,available,231.46963413345742,50.029639723946765,0.0,0.33916837804754607,normal,,normal,False
SOLAR_001,2026-01-15 12:00:00,solar,807.8137069827337,50.29508683817365,520.0473108765399,13.749230569020106,6.932624623819348,73.77211411454086,49.90176912916327,80.15747877889054,50.46364709019573,2.528252031046826,available,228.57381041157268,50.02480140488084,0.0,0.40437259277252124,normal,,normal,False
SOLAR_001,2026-01-15 12:15:00,solar,848.6933422703337,52.4612269155861,525.0351644375963,14.428914777257836,7.340395055927222,78.52211411454086,50.281769129163266,79.5516957592491,51.33290321004951,2.2939895741905545,available,228.57078539269526,50.04832410769607,0.0,1.0464054817366675,normal,,normal,False
SOLAR_001,2026-01-15 12:30:00,solar,805.6813772996296,51.388479850539866,521.68116907178,13.727733635003215,6.923006128810974,83.27211411454086,50.66176912916327,78.95500036332948,50.66138531514498,2.5650106239129675,available,233.91627386984544,50.04340855048013,0.0,0.3579955048980068,normal,,normal,False
SOLAR_001,2026-01-15 12:45:00,solar,753.9710163221426,50.738691902610675,520.3257739856929,13.064726983242915,6.491403351486735,88.02211411454086,51.04176912916327,78.36718962224522,49.497208402119725,2.4752749683674464,available,228.93757445646037,49.957621691688196,0.0,0.016128383119288436,normal,,normal,False
SOLAR_001,2026-01-15 13:00:00,solar,814.2850362448319,50.42842046990739,517.2034534961678,14.069522428346184,7.100773440864615,92.77211411454086,51.421769129163266,77.78806656676163,49.186912060010144,2.319555020840173,available,231.91182926552477,50.10540270520036,0.0,0.7812184200244428,normal,,normal,False
SOLAR_001,2026-01-15 13:15:00,solar,835.0040362540996,52.925317898337525,519.2060731932812,14.19077240023552,7.1590538879022745,97.52211411454086,51.80176912916327,77.2174400072388,54.47637567308881,2.5206224185661696,available,230.55848945833006,50.09844439087751,0.0,0.6384314693361048,normal,,normal,False
SOLAR_001,2026-01-15 13:30:00,solar,774.1486820830467,48.93436384226709,520.7306075392156,13.45800509079197,6.745745833889284,100.0,52.0,40.12770664711165,48.790928873516776,2.431619822833568,available,230.76598205069914,50.04004824476199,0.0,2.2274852654059103,normal,,normal,False
SOLAR_001,2026-01-15 13:45:00,solar,706.0971544387966,47.659075846360665,519.7941202018874,12.579742426206106,6.358178608792517,100.0,52.0,0.0,49.42865793467958,2.2825926235122402,available,229.49891548434584,50.00193483587753,0.0,4.075585985280277,normal,,normal,False
SOLAR_001,2026-01-15 14:00:00,solar,693.8074539131117,47.31327954313265,516.9236330204345,12.29636419371211,6.151376838604102,100.0,52.0,0.0,46.42326516463719,2.3541382769904016,available,229.39456899531422,50.00279429413557,0.0,3.7972385616137,normal,,normal,False
SOLAR_001,2026-01-15 14:15:00,solar,639.2799385883159,45.002431712613124,517.4988975418065,11.378042052144707,5.699145686408915,100.0,52.0,0.0,45.493556725841216,2.656874752644574,available,233.0559767803238,49.98381178026027,0.0,3.042270933764341,normal,,normal,False
SOLAR_001,2026-01-15 14:30:00,solar,612.0348528191971,47.29152147313743,510.6008195256564,10.952907572003813,5.403299637397729,100.0,52.0,0.0,47.51860413345399,2.6331865663449854,available,231.86092013957648,49.990280788751924,0.0,2.7701130710527435,normal,,normal,False
SOLAR_001,2026-01-15 14:45:00,solar,560.6204275340115,42.840041164794414,512.0994490504686,9.995302341284356,4.978772788980359,100.0,52.0,0.0,43.7197227377934,2.375956741219648,available,229.0006380827979,49.8906607792551,0.0,2.6028160477607107,normal,,normal,False
SOLAR_001,2026-01-15 15:00:00,solar,575.5445327966067,43.40241664029624,516.9723746339149,10.204939677215062,5.096303707290223,100.0,52.0,0.0,43.65696514511026,2.329651483111404,available,227.90824771862114,50.07651317264565,0.0,2.7666522241788187,normal,,normal,False
SOLAR_001,2026-01-15 15:15:00,solar,527.7540516236846,44.897250142439894,516.5550481074982,9.160611081369273,4.56405021215021,100.0,52.0,0.0,45.88233353571237,2.010096419342263,available,228.83105253323868,50.05887268208144,0.0,2.553953792807947,normal,,normal,False
SOLAR_001,2026-01-15 15:30:00,solar,490.4925343436209,40.95991268784869,512.5496229435319,9.12748757946861,4.564414761705495,100.0,52.0,0.0,41.51411030035849,2.617815665727181,available,231.96299054010157,49.91616566037838,0.0,1.9465990959783142,normal,,normal,False
SOLAR_001,2026-01-15 15:45:00,solar,371.9027489732451,38.27823334897682,517.0272675978526,6.958759348508824,3.4867143230788504,100.0,52.0,0.0,37.18696145906178,2.4572749823324145,available,232.3573835493328,50.04449939574347,0.0,1.029439340746436,normal,,normal,False
SOLAR_001,2026-01-15 16:00:00,solar,360.5927813593944,36.44652350091589,512.0320776658455,6.758301952166694,3.354101509143991,100.0,52.0,0.0,37.17923826534328,2.3753903141408657,available,231.10988720403185,49.99961426960591,0.0,0.9787111950031253,normal,,normal,False
SOLAR_001,2026-01-15 16:15:00,solar,430.38610036403344,40.624500026235346,507.91326373292776,7.957331186102989,3.934378464583379,100.0,52.0,0.0,40.521400995493,1.7440837671804228,available,226.76645813758316,49.990047693034214,0.0,2.1902946974029565,normal,,normal,False
SOLAR_001,2026-01-15 16:30:00,solar,285.07568633984755,36.65832652784383,502.7746576351396,5.251332989280527,2.552217095411096,100.0,52.0,0.0,35.881606948684336,2.1803920746954497,available,231.50755816105743,50.024642075428204,0.0,0.3718250207156464,normal,,normal,False
SOLAR_001,2026-01-15 16:45:00,solar,265.2603487562984,35.628919206229845,512.1837223061789,4.937410438469258,2.4470759471176358,100.0,52.0,0.0,36.32289698293066,2.119222017722605,available,232.60715640720582,49.91286064053315,0.0,0.3278539293950309,normal,,normal,False
SOLAR_001,2026-01-15 17:00:00,solar,167.08047363380095,32.48330658313594,508.25765073066873,3.365245464517913,1.6617138962635207,99.22195031356219,51.93775602508497,-11.385123404390788,33.404865130943165,2.2530316579562544,available,230.34711309135608,49.99943754089061,0.0,0.0,normal,,normal,False
SOLAR_001,2026-01-15 17:15:00,solar,170.40927800751416,31.46663644825008,511.09505213204466,3.260811426566148,1.603742867704213,98.70373766291235,51.89629901303299,-7.589011586259325,30.983071283941413,1.9975844821980986,available,233.95960611120333,50.003974058839916,0.0,0.0,normal,,normal,False
SOLAR_001,2026-01-15 17:30:00,solar,87.54899818120619,28.080943980678807,511.2779136664167,1.6360345201392508,0.8122989783954975,97.12466428815863,51.76997314305269,-23.181309395248736,27.730379062375455,2.0123947432083193,available,227.3580586881822,50.00402244822831,0.0,0.0,normal,,normal,False
SOLAR_001,2026-01-15 17:45:00,solar,45.45653966155433,26.164035788661955,496.1603013574718,0.7347329906447415,0.35223152633199134,94.75481893340532,51.58038551467243,-34.91797224160302,24.77691548734396,2.1533139959445053,available,231.36961504089396,49.931625530081384,0.0,0.0,normal,,normal,False
SOLAR_001,2026-01-15 18:00:00,solar,18.811163983880228,28.216870705457154,494.8626650234913,0.5147011907213482,0.24815468257734885,92.65333255971464,51.41226660477717,-31.06514747312292,26.412143577620384,1.8452843265822643,available,227.959557283074,50.02234579821879,0.0,0.0,normal,,normal,False
SOLAR_001,2026-01-15 18:15:00,solar,8.496172230805326,26.725242967472912,488.5472003497237,0.165534085024157,0.07866612402088911,90.31505107136769,51.225204085709414,-34.69178820977013,26.482934670431884,1.8557600551645717,available,232.1170838169275,50.0529907498031,0.0,0.0,normal,,normal,False
SOLAR_001,2026-01-15 18:30:00,solar,10.231371442346743,24.129511290798398,503.67344854811904,0.02945017953773927,0.014419020829255693,87.72885433370465,51.01830834669637,-38.52557217827054,24.921565772945943,1.9799285414531689,available,231.22572171148207,50.02036657320433,0.0,0.0,normal,,normal,False
SOLAR_001,2026-01-15 18:45:00,solar,0.0,24.517569556945706,502.6259307499504,0.0,0.0,84.8605563129643,50.78884450503715,-42.920970480957834,23.94430386253893,2.179906495762657,available,233.60271163352544,49.988540604441084,0.0,0.0,normal,,normal,False
SOLAR_001,2026-01-15 19:00:00,solar,33.06411305692223,24.376430186945537,500.39111600050336,0.5347595759732776,0.2594229354613266,82.51081625811271,50.60086530064902,-35.29193485282757,25.804223850825696,2.045225377148535,available,230.99941718141645,50.134452030145965,0.0,0.0,normal,,normal,False
SOLAR_001,2026-01-15 19:15:00,solar,0.0,21.849862036830377,495.0954670758264,0.0,0.0,79.78656223916525,50.38292497913322,-41.09394314160154,21.644788044998545,2.070433054400077,available,229.19198796387917,49.9537712607204,0.0,0.0,normal,,normal,False
SOLAR_001,2026-01-15 19:30:00,solar,27.51409465728957,24.04064608582383,499.6438652435009,0.5735359626402285,0.27791399418600643,77.73058615693793,50.218446892555036,-31.114897396884864,23.839636760700312,1.840455816678768,available,229.01785957515796,50.03867256502354,0.0,0.0,normal,,normal,False
SOLAR_001,2026-01-15 19:45:00,solar,18.387789587666752,22.47082348921998,500.7388219800308,0.32068071065110404,0.15390105626503292,75.16994847549977,50.01359587803998,-38.911112143158256,22.18173177868283,2.099985694158044,available,229.49964551797447,50.01216368528404,0.0,0.0,normal,,normal,False
SOLAR_001,2026-01-15 20:00:00,solar,10.391989352124241,21.019261418641932,503.1309026675167,0.28705637896201835,0.13898143860187728,73.47549837484469,49.878039869987575,-25.81861837102264,22.00085399243962,1.4267635150997382,available,228.9785519175483,50.10061564748367,0.0,0.0,normal,,normal,False
SOLAR_001,2026-01-15 20:15:00,solar,0.0,19.531224911665227,501.09194765786117,0.007863051964890762,0.0038453332910068317,70.64576692019938,49.65166135361595,-43.3136746465347,18.57231434136155,2.1544412388214487,available,232.69421794169457,50.019337490795735,0.0,0.0,normal,,normal,False
SOLAR_001,2026-01-15 20:30:00,solar,2.7286172067514127,19.043726153304647,502.65520517996464,0.16124748365900327,0.0787698926554309,67.9120310526643,49.43296248421314,-42.029430463330314,18.91476598597906,2.156409151982083,available,232.55127655352345,50.030057762249754,0.0,0.0,normal,,normal,False
SOLAR_001,2026-01-15 20:45:00,solar,0.0,20.34683997692503,499.5034765203438,0.0,0.0,65.55069203541122,49.244055362832896,-36.44333594967973,19.79946802413862,1.794617653112347,available,227.00686511011529,50.025285849078216,0.0,0.0,normal,,normal,False
SOLAR_001,2026-01-15 21:00:00,solar,0.5227122870952526,20.385425351540007,504.725927575701,0.31222863272188944,0.1521461458939244,63.31897054849117,49.065517643879296,-34.568234709550936,19.82385731319833,1.8482544759531563,available,230.07672028616528,49.94708387355711,0.0,0.0,normal,,normal,False
SOLAR_001,2026-01-15 21:15:00,solar,0.0,18.798057153619315,502.52692030977374,0.0,0.0,61.142559872394585,48.891404789791565,-33.83155221137708,18.833211498097647,1.6540721138334047,available,230.1249830336003,49.956555977331305,0.0,0.0,normal,,normal,False
SOLAR_001,2026-01-15 21:30:00,solar,0.0,20.7147791384248,495.25226771719673,0.0,0.0,59.03587918258633,48.72287033460691,-32.86089906565014,20.601455847642722,1.6010773242542768,available,228.4374094363987,49.98621660616847,0.0,0.0,normal,,normal,False
SOLAR_001,2026-01-15 21:45:00,solar,20.192114717722585,19.79106234956814,505.55688147062494,0.3062233034706158,0.14990290512983576,57.2546137954006,48.58036910363205,-27.866434925047514,20.84273364822216,1.5036645993909872,available,230.8764999841477,50.04786914087396,0.0,0.0,normal,,normal,False
SOLAR_001,2026-01-15 22:00:00,solar,0.0,19.915580497592146,504.90228609086057,0.0,0.0,55.14871094665834,48.411896875732666,-33.05976977420173,19.90480629739228,1.600486165044118,available,232.921701675656,50.01165483693456,0.0,0.0,normal,,normal,False
SOLAR_001,2026-01-15 22:15:00,solar,0.0,18.4627551623656,501.8618989482118,0.0,0.0,52.901876786880145,48.23215014295041,-35.403645833131336,19.017760907347938,1.707593961431431,available,231.78361796790654,49.989663255665505,0.0,0.0,normal,,normal,False
SOLAR_001,2026-01-15 22:30:00,solar,0.0,17.265850165150695,501.12287081994987,0.029390281404023683,0.014290622144445448,50.72563947417204,48.05805115793376,-34.41546874680363,17.438605311712365,1.6682309798026052,available,232.694136777884,50.06860999005577,0.0,0.0,normal,,normal,False
SOLAR_001,2026-01-15 22:45:00,solar,6.452272374601828,18.512195879955147,506.6344462755133,0.0,0.0,48.13195255829645,47.85055620466372,-41.194966420752465,19.91595488016461,1.9712020560654502,available,228.56306430492867,49.9008785119594,0.0,0.0,normal,,normal,False
SOLAR_001,2026-01-15 23:00:00,solar,0.0,16.043810405481448,493.4667485349117,0.01638113657477706,0.00782646117251543,46.056213313351826,47.68449706506814,-33.083327354910416,15.741425436728413,1.5853882873304297,available,230.07301554553334,49.93520899349195,0.0,0.0,normal,,normal,False
SOLAR_001,2026-01-15 23:15:00,solar,0.0,18.531048590226153,504.9648980962386,0.0,0.0,44.39715948236559,47.551772758589244,-26.5159601504402,18.23147719665864,1.2608809115495403,available,228.4687046414677,49.87517001024685,0.0,0.0,normal,,normal,False
SOLAR_001,2026-01-15 23:30:00,solar,7.3283364577489705,16.310327874095016,498.0951732057026,0.11396602678357642,0.054957142380889494,41.992218963621404,47.35937751708971,-38.593302743179656,17.055366461871504,1.8827119366264686,available,230.47886014116114,50.0604155252455,0.0,0.0,normal,,normal,False
SOLAR_001,2026-01-15 23:45:00,solar,9.34385396322279,18.982434232415006,504.38070978564156,0.2496420806263881,0.12183147159040607,40.43308586191053,47.234646868952844,-25.086271113400148,18.66643139055589,1.3067726288906747,available,230.6589018182145,49.99516369277135,0.0,0.0,normal,,normal,False
SOLAR_001,2026-01-16 00:00:00,solar,0.0,16.73083559661365,500.4815033886762,0.23018210146390042,0.11193413069216304,38.68810206690164,47.09504816535213,-28.15981161226266,17.2292272813572,1.4381218148989152,available,231.91967601080182,50.04831458893464,0.0,0.0,normal,,normal,False
SOLAR_001,2026-01-16 00:15:00,solar,0.0,18.728303311642264,495.028295906367,0.0,0.0,36.57584928688479,46.92606794295078,-34.209389006648244,21.066217717179068,1.6053121128128092,available,232.6269837076939,49.99453708334838,0.0,0.0,normal,,normal,False
SOLAR_001,2026-01-16 00:30:00,solar,1.600839736007136,15.415972180901035,498.0139207598572,0.01828508041986091,0.008839638471789516,34.43315824693395,46.75465265975472,-34.829585885564015,14.43701951820112,1.6372848288344304,available,231.37795432789153,50.05115918342635,0.0,0.0,normal,,normal,False
SOLAR_001,2026-01-16 00:45:00,solar,0.0,15.998332986236546,504.0869162926639,0.0,0.0,32.7626859311018,46.62101487448815,-27.23147412063656,17.53000345262491,1.269558960032436,available,228.27966027431825,49.993662384191296,0.0,0.0,normal,,normal,False
SOLAR_001,2026-01-16 01:00:00,solar,0.0,17.571402420272857,499.1591684747205,0.0,0.0,30.899476811502858,46.47195814492023,-30.47082557785399,17.079195791962373,1.4160389308951953,available,227.29565457135158,50.02049557125489,0.0,0.0,normal,,normal,False
SOLAR_001,2026-01-16 01:15:00,solar,0.0,18.77073317746991,497.51405834112757,0.0,0.0,29.218259772722995,46.33746078181784,-27.574341103603516,20.108411838480663,1.2777249494726954,available,231.04004006141065,50.01317567454056,0.0,0.0,normal,,normal,False
SOLAR_001,2026-01-16 01:30:00,solar,15.19090327604801,19.93957191475691,497.4873117688199,0.394356299837909,0.18970354142901533,27.21971598113692,46.17757727849095,-32.89244198423773,20.625617769982664,1.708596823034433,available,233.00104221772241,50.0168853644944,0.0,0.0,normal,,normal,False
SOLAR_001,2026-01-16 01:45:00,solar,0.0,17.196552282698697,502.5689896889352,0.0,0.0,24.807764345280514,45.98462114762244,-39.862962823292584,17.796879942014208,1.8330832432508672,available,229.95041624586352,50.08423686101039,0.0,0.0,normal,,normal,False
SOLAR_001,2026-01-16 02:00:00,solar,0.0,19.995137662156658,507.00254012055984,0.22182459852528474,0.10897764057423781,23.153891557289118,45.85231132458313,-27.4128671502666,19.844174514995537,1.3659209594476998,available,226.94521287573397,49.918778774337966,0.0,0.0,normal,,normal,False
SOLAR_001,2026-01-16 02:15:00,solar,35.18446527740243,17.816603900731174,491.43646651745485,0.7788460964369817,0.37231621966214806,21.24250412911638,45.69940033032931,-31.787166459757607,17.566100631408002,1.8249706650734276,available,234.16951191341602,49.99658083220636,0.0,0.0,normal,,normal,False
SOLAR_001,2026-01-16 02:30:00,solar,6.34432494939685,19.339602829700375,511.20273778937315,0.02812812086470157,0.014004768425951249,18.854159422132266,45.50833275377058,-39.88592566396607,18.617595249658805,1.8291467457338768,available,230.97880910032288,50.0098993607089,0.0,0.0,normal,,normal,False
SOLAR_001,2026-01-16 02:45:00,solar,6.101901188546869,16.461166843545893,500.8149849159045,0.08939005176368467,0.04345283360406689,16.89836324443741,45.35186905955499,-32.774946785460614,16.46744288504237,1.5298579286521594,available,230.34228303209827,50.002414350701514,0.0,0.0,normal,,normal,False
SOLAR_001,2026-01-16 03:00:00,solar,0.0,18.568122933803814,502.3208965411953,0.0,0.0,15.207197269052557,45.216575781524206,-28.425110019446997,18.38421148753979,1.285286141292488,available,227.66405769798723,49.980105738972334,0.0,0.0,normal,,normal,False
SOLAR_001,2026-01-16 03:15:00,solar,0.0,14.667173152597513,498.25495301141035,0.08028707473063412,0.03869065370392787,13.298838682655063,45.063907094612404,-32.184349275730945,14.858191405709603,1.489043179366023,available,230.0324324457909,49.97326418577949,0.0,0.0,normal,,normal,False
SOLAR_001,2026-01-16 03:30:00,solar,0.0,16.76414010048167,499.98593950057267,0.0,0.0,11.184357314807277,44.89474858518458,-35.794962444552695,15.353484998943697,1.6070058395643172,available,231.3737683243911,50.07650073277055,0.0,0.0,normal,,normal,False
SOLAR_001,2026-01-16 03:45:00,solar,17.437329574624048,19.873069784133904,500.7700520485244,0.22146237608655925,0.10813794893176067,8.61831834695036,44.68946546775603,-43.638687443651385,19.89571490395945,2.058327564503018,available,231.0060414411071,49.99646394557245,0.0,0.0,normal,,normal,False
SOLAR_001,2026-01-16 04:00:00,solar,8.069574703614824,17.28333362098375,495.8036160306519,0.10812597568411175,0.05218257259309686,6.382585567471862,44.510606845397746,-38.17420234923951,18.5459866065815,1.7513394849967556,available,228.64022574369514,50.12189732669487,0.0,0.0,normal,,normal,False
SOLAR_001,2026-01-16 04:15:00,solar,0.0,20.025003710483297,496.7772742469699,0.06873772498687233,0.033145827173049924,5.0,44.4,-23.665879082851696,20.9690522451667,1.5996044942033885,available,229.885869434085,50.02641374931874,0.5156936357517232,0.0,normal,,normal,False
SOLAR_001,2026-01-16 04:30:00,solar,0.0,21.0983571781575,504.738270163565,0.12214848246232529,0.060023315994977657,5.0,44.4,-0.0,21.121358954564172,1.8573621664260977,available,228.76798659592646,49.98551722171121,1.79733885043112,0.0,normal,,normal,False
SOLAR_001,2026-01-16 04:45:00,solar,13.250596720698992,19.690292997802842,493.7906126185631,0.41383400771762163,0.19730349053875898,5.0,44.4,-0.0,22.252711100027827,1.5962827064404608,available,233.3283231657928,50.02763394202323,1.3989792159017018,0.0,normal,,normal,False
SOLAR_001,2026-01-16 05:00:00,solar,0.0,19.046570566488704,501.76415641325417,0.05279387867546127,0.025721646874744788,5.0,44.4,-0.0,18.469217261568048,1.9863994397451354,available,231.78974795727223,50.005446643521886,1.9606777928703907,0.0,normal,,normal,False
SOLAR_001,2026-01-16 05:15:00,solar,0.0,20.19269924468488,498.51793236252325,0.0,0.0,5.0,44.4,-0.0,20.106027201866244,1.7166765432383895,available,228.95133026280072,50.06709996334697,1.7166765432383895,0.0,normal,,normal,False
SOLAR_001,2026-01-16 05:30:00,solar,0.0,19.872497494668092,496.1571714020977,0.08007803354614912,0.03827523503127466,5.0,44.4,-0.0,18.421982497697947,1.7747584654628616,available,227.66306068228994,49.941613884030474,1.736483230431587,0.0,normal,,normal,False
SOLAR_001,2026-01-16 05:45:00,solar,31.887167084761433,22.395282582973028,507.8877274078776,0.5217076689522939,0.25764860507511983,5.0,44.4,-0.0,21.991647271363753,2.0456670015328138,available,230.5556301644625,49.909940700829274,1.788018396457694,0.0,normal,,normal,False
SOLAR_001,2026-01-16 06:00:00,solar,15.761799573359413,22.735447610948462,496.18198975495426,0.13465396335921678,0.06439129949889903,5.0,44.4,-0.0,24.523261740315444,2.350046736560444,available,229.01436522056545,50.01804905052417,2.285655437061545,0.0,normal,,normal,False
SOLAR_001,2026-01-16 06:15:00,solar,5.177137224087353,22.30478099184407,496.78765458566494,0.1492818736271101,0.07177787503232373,5.0,44.4,-0.0,21.939299809624544,2.468988920200744,available,229.16338667259478,50.041784794903045,2.39721104516842,0.0,normal,,normal,False
SOLAR_001,2026-01-16 06:30:00,solar,69.66086839520068,27.33937722461989,501.8626330303189,1.274863277372302,0.6207392504511461,5.0,44.4,-0.0,25.811546031463866,1.8507636853431149,available,227.72957173287912,50.014295272480894,1.2300244348919689,0.0,normal,,normal,False
SOLAR_001,2026-01-16 06:45:00,solar,130.96789160667203,25.737269656025333,500.82757190391413,2.6007977723968794,1.2587155884664263,5.0,44.4,-0.0,26.60926853931997,1.968469379564194,available,227.9771825509565,50.03362375894845,0.7097537910977678,0.0,normal,,normal,False
SOLAR_001,2026-01-16 07:00:00,solar,187.68418217228268,30.779254323190038,505.20190353002863,3.640992195031568,1.7850123664682693,5.0,44.4,-0.0,31.168464565398818,2.219575027303606,available,230.32534030512105,50.026271843136016,0.43456266083533657,0.0,normal,,normal,False
SOLAR_001,2026-01-16 07:15:00,solar,195.47103533652972,27.782738933556075,507.0503864926688,3.8366177972251685,1.887645166848123,5.0,44.4,-0.0,28.613384999581392,2.3784056290481637,available,229.46624310431596,49.925979990233515,0.49076046220004077,0.0,normal,,normal,False
SOLAR_001,2026-01-16 07:30:00,solar,305.5176569405986,32.66079112396765,508.5923009098415,5.91524068054131,2.9058551317871255,6.385176386104201,44.51081411088833,26.206312970021298,32.363740045724775,1.7393908066467456,available,234.99302877204138,50.014061985190324,0.0,0.0,normal,,normal,False
SOLAR_001,2026-01-16 07:45:00,solar,317.2399569798348,35.07128929143087,508.3502104154058,6.071016890952399,3.0023810541139935,7.318413374538543,44.585473069963086,17.626453766700692,34.06416542682852,2.2164972743798104,available,231.18850686533563,50.06583903317857,0.0,0.0,normal,,normal,False
SOLAR_001,2026-01-16 08:00:00,solar,399.81640470136836,37.50417916163183,507.1913531876311,7.507894186669105,3.6791515349609156,9.160914779238555,44.732873182339084,34.68545657573079,37.32055585852961,2.127571404687221,available,227.69660963717598,50.00858834774056,0.0,0.0,normal,,normal,False
SOLAR_001,2026-01-16 08:15:00,solar,400.1908272231369,35.624460091150205,513.6850168311094,7.416480770264337,3.7390258786584543,11.386080201645317,44.910886416131625,41.72314695023774,36.17930507753476,1.8652023650527585,available,226.92872751396578,49.93450209025226,0.0,0.0,normal,,normal,False
SOLAR_001,2026-01-16 08:30:00,solar,451.95700776655303,38.81031380082647,511.72845751415787,8.354609549756212,4.144692444897802,13.92517293908311,45.11401383512665,47.39510356264334,38.73798686074976,2.0065090870554503,available,230.7963427773162,49.98330714409526,0.0,0.0,normal,,normal,False
SOLAR_001,2026-01-16 08:45:00,solar,487.3202482556218,39.9107956634199,511.20444705378145,8.905905811629282,4.389493515611693,16.54520500309262,45.32361640024741,48.67976048647361,40.29875083670206,2.1831507248668416,available,229.20626581054597,50.02783783648566,0.0,0.0,normal,,normal,False
SOLAR_001,2026-01-16 09:00:00,solar,451.15754511483476,37.96902985998176,520.062110420121,8.206156327432595,4.118675217930288,18.66930307094244,45.493544245675395,39.317977793517045,37.43221157213919,2.3299610555304375,available,232.6629498990093,50.0897815141399,0.0,0.0,normal,,normal,False
SOLAR_001,2026-01-16 09:15:00,solar,558.1932190423825,42.76774701291889,514.5515483080138,10.331574053314682,5.187147022731493,21.812851334001774,45.74502810672014,57.86855199077338,43.19284354184989,2.5399484854183685,available,230.56372767691988,49.902182695941136,0.0,0.0,normal,,normal,False
SOLAR_001,2026-01-16 09:30:00,solar,612.84530646785,46.37620092283585,520.2350132118111,10.790412469239556,5.433659895310392,25.382216591132746,46.03057732729062,65.29966478132471,46.37318698487559,2.4278786261474687,available,226.03495938061133,50.018061605955104,0.0,0.0,normal,,normal,False
SOLAR_001,2026-01-16 09:45:00,solar,639.7331655745811,45.316300842658954,521.5367460344885,11.312651492775053,5.68273376201382,29.086105743122666,46.32688845944981,67.3273050007293,44.61042692646908,2.563669212969676,available,227.96115140316493,49.953389622168494,0.0,0.0,normal,,normal,False
SOLAR_001,2026-01-16 10:00:00,solar,637.4301765411934,45.73503645044167,522.4711994173919,11.120885173444604,5.660833764769363,32.96421648387525,46.63713731871002,70.02525570081977,45.874986605531845,2.3950562988724498,available,228.64943588798573,50.02538635481694,0.0,0.0,normal,,normal,False
SOLAR_001,2026-01-16 10:15:00,solar,697.0198092430816,47.696606350730946,520.7020860630982,12.268824276068093,6.183476056169515,37.62025259171755,47.009620207337406,83.4057474741143,47.309914204786196,2.26260354430231,available,230.88407387673647,50.02939156294893,0.0,0.0,normal,,normal,False
SOLAR_001,2026-01-16 10:30:00,solar,687.7408160713579,44.555528872789885,518.4750566627226,12.300411147007638,6.2069684475326365,42.1659701120211,47.373277608961686,80.80447125221768,45.17269334066842,2.3789957988559642,available,227.8944951403025,49.98834263916853,0.0,0.0,normal,,normal,False
SOLAR_001,2026-01-16 10:45:00,solar,598.5418734589833,45.474171132401835,518.6824358272979,10.668571037328835,5.393477642792304,45.524523654864076,47.641961892389126,59.36480158843925,46.347328043634114,2.5652220277666395,available,230.30563518791715,50.03157996011456,0.0,0.0,normal,,normal,False
SOLAR_001,2026-01-16 11:00:00,solar,618.7609917553099,44.00606325811603,518.3420360518481,11.050514254027398,5.563968237842668,48.99533580866391,47.919626864693114,60.99357138986247,44.50760104966807,2.6411790556954373,available,227.32770035757517,50.05699478582421,0.0,0.0,normal,,normal,False
SOLAR_001,2026-01-16 11:15:00,solar,728.2711521982922,47.60005758463942,510.9481229280121,13.066027504783166,6.55575649519084,53.74533580866391,48.29962686469311,82.81637477667532,45.96507017309864,2.4117784392926844,available,230.0123708379569,49.991771414728824,0.0,0.14397805589815604,normal,,normal,False
SOLAR_001,2026-01-16 11:30:00,solar,696.1295636316452,51.11330849015289,522.7041244504677,12.048403216638148,6.054507567104371,58.25092507161969,48.66007400572958,77.97317430129699,50.148537736390196,2.260327135141607,available,230.74005196889644,49.93314198664175,0.0,0.0,normal,,normal,False
SOLAR_001,2026-01-16 11:45:00,solar,771.9807971591513,49.5481384209563,520.9350407303124,13.3911806913582,6.738127367262806,63.00092507161969,49.04007400572957,81.5659454252182,48.91156155451602,2.5161681473548185,available,232.92302063471593,50.07127864105389,0.0,0.22195921990798784,normal,,normal,False
SOLAR_001,2026-01-16 12:00:00,solar,698.6733315573279,47.11805291651534,523.3020970648345,12.159077872155388,6.16384193616404,67.29759189190196,49.383807351352154,73.26785716728516,46.321738872184575,2.545596192768444,available,230.49115084721032,50.04143474295205,0.0,0.0,normal,,normal,False
SOLAR_001,2026-01-16 12:15:00,solar,627.957282156906,48.293302885097354,519.4891722588842,11.047801784263875,5.631923789184748,70.7844997465156,49.66275997972125,59.125659905243836,47.750455910102374,2.695580332667995,available,228.36653015149844,50.02818782158228,0.0,0.0,normal,,normal,False
SOLAR_001,2026-01-16 12:30:00,solar,672.1329464608211,46.321922186873635,522.4881978752903,11.680410330321022,5.97465518311896,75.13580561100065,50.01086444888005,73.26923080560196,47.24717066094114,2.3103976130262938,available,232.98601017391633,49.96545166754406,0.0,0.0,normal,,normal,False
SOLAR_001,2026-01-16 12:45:00,solar,599.2615373047024,45.29542217900327,514.1056773566188,10.640276822720704,5.34136707761441,78.73817372934039,50.29905389834723,60.31073980868204,45.99407661754215,2.3077939253283164,available,229.63364392758442,50.04927179371471,0.0,0.0,normal,,normal,False
SOLAR_001,2026-01-16 13:00:00,solar,683.2884576399223,49.955789692977305,514.641454088735,11.946452017164711,5.939283330604421,82.72031802409427,50.617625441927544,66.24934773192172,49.53193836324068,2.5858986613379957,available,231.5471335362029,50.10212128216442,0.0,0.0,normal,,normal,False
SOLAR_001,2026-01-16 13:15:00,solar,711.5294479672626,48.83740000981373,509.03375619101655,12.474194621131643,6.1377821906159475,87.22468406061643,50.97797472484931,74.40763127641462,49.42919366980537,2.344631844070976,available,228.7742084576597,49.993934483487564,0.0,0.0,normal,,normal,False
SOLAR_001,2026-01-16 13:30:00,solar,656.8331589474399,45.018547435612874,517.9401938668992,11.746061794789126,5.8760410057347885,91.44058462312705,51.31524676985016,69.18474091264507,45.347389488078356,2.325808953094258,available,230.18155651978483,50.00472463498953,0.0,0.0,normal,,normal,False
SOLAR_001,2026-01-16 13:45:00,solar,715.8642182539261,49.578086840654684,514.8473524795394,12.443908938088759,6.189416205754782,95.63839177704602,51.65107134216368,68.43992595273322,49.54522802965083,2.654420707717758,available,228.3974641308441,49.94674046731518,0.0,0.0,normal,,normal,False
SOLAR_001,2026-01-16 14:00:00,solar,663.7139952123101,46.759631841261466,513.706980575007,11.74965250996468,5.899851076620309,100.0,52.0,70.63333154581338,47.9078565438665,2.115510310446763,available,230.64451991069842,49.964022899922455,0.0,0.1114075257912508,normal,,normal,False
SOLAR_001,2026-01-16 14:15:00,solar,605.3240414185605,48.07138917172512,517.9680017579121,10.587429637365787,5.312747246523207,100.0,52.0,0.0,47.41009286430172,2.785401953491248,available,231.60765619032725,49.94627153068085,0.0,2.527345293031959,normal,,normal,False
SOLAR_001,2026-01-16 14:30:00,solar,510.0366584730486,42.308792767954024,514.1650380290342,9.236734942133584,4.60408234874373,100.0,52.0,0.0,42.361552305217444,2.2344819205094906,available,229.0104014489509,50.00654112649483,0.0,2.3696004282342393,normal,,normal,False
SOLAR_001,2026-01-16 14:45:00,solar,536.4990387689663,45.26742412054187,509.3044321223649,9.64623370944552,4.784505800512494,100.0,52.0,0.0,44.21656401820647,2.511673593925682,available,228.89798416122665,49.982961052363756,0.0,2.272832206586812,normal,,normal,False
SOLAR_001,2026-01-16 15:00:00,solar,557.2761710199579,46.6576291505386,524.3212027147393,9.70134700951657,4.891714584637344,100.0,52.0,0.0,45.65469969575208,2.296438119148872,available,230.7136364369279,50.01864001283313,0.0,2.5952764654884724,normal,,normal,False
SOLAR_001,2026-01-16 15:15:00,solar,486.7419714519887,40.712421736700186,513.038873820049,8.885335517875452,4.422966787587179,100.0,52.0,0.0,39.35165671181268,2.3509780737694586,available,228.34996806004042,49.95540495812963,0.0,2.0719887138177207,normal,,normal,False
SOLAR_001,2026-01-16 15:30:00,solar,481.4468965482746,41.29982626460822,507.84257636843165,8.818121195844057,4.3193107149894185,100.0,52.0,0.0,40.313969113476986,2.2213853431015718,available,226.96411262532902,49.99162217251171,0.0,2.097925371887847,normal,,normal,False
SOLAR_001,2026-01-16 15:45:00,solar,365.8848561438535,38.99293796716586,508.4320628166599,6.717508443172932,3.307907055804861,100.0,52.0,0.0,39.07603852832134,2.421321935265416,available,230.70639283680248,49.9523231887479,0.0,0.8865851205394448,normal,,normal,False
SOLAR_001,2026-01-16 16:00:00,solar,401.97468516760284,37.71309596866464,509.3074281239632,7.597389364938993,3.7419791315605266,100.0,52.0,0.0,37.41061178942271,2.1555352251960866,available,229.78460564676013,50.00937857888489,0.0,1.58644390636444,normal,,normal,False
SOLAR_001,2026-01-16 16:15:00,solar,290.0873352106856,36.27304650602937,508.1447899553512,5.244265805425386,2.5764003524829415,100.0,52.0,0.0,36.00317521562278,2.0844406162295304,available,229.74228121711883,49.918383785002675,0.0,0.49195973625341116,normal,,normal,False
SOLAR_001,2026-01-16 16:30:00,solar,312.89698468916214,35.746374189031116,512.8623257394853,5.818683915678043,2.8980241405925433,100.0,52.0,0.0,35.44721107083925,2.5348759097382887,available,231.0421408291625,50.00757891538274,0.0,0.36314823085425463,normal,,normal,False
SOLAR_001,2026-01-16 16:45:00,solar,218.41103770359268,32.98166621633698,506.11106947553435,4.131373861417268,2.0305187352726066,99.84209794274138,51.98736783541931,-2.308360059629595,34.75440884139573,2.150524298789161,available,231.32150070486082,49.98606348606067,0.0,0.0,normal,,normal,False
SOLAR_001,2026-01-16 17:00:00,solar,185.79333221875015,32.218240894530915,512.5972135895234,3.5607467364099388,1.768465875307888,99.56201428118304,51.964961142494644,-4.096290617838414,31.081060745733787,1.9813294580922265,available,229.6779962168256,50.009048204446124,0.0,0.0,normal,,normal,False
SOLAR_001,2026-01-16 17:15:00,solar,178.60540425439942,31.668053011260845,502.17211466427415,3.3169930028572057,1.6188175959821784,99.3371251615216,51.946970012921724,-3.2901963463929587,30.42395969152844,1.789733326924878,available,227.7546611894201,49.9173866663371,0.0,0.0,normal,,normal,False
SOLAR_001,2026-01-16 17:30:00,solar,114.67520964716,29.79148542134869,504.3162680054406,2.1807431474508303,1.062014275295163,97.53470658598073,51.80277652687846,-26.443333914742983,28.946062828775254,2.4318523927062197,available,228.7228263936577,50.03273578369677,0.0,0.0,normal,,normal,False
SOLAR_001,2026-01-16 17:45:00,solar,63.68728553796272,26.944018877386025,505.39598336191415,1.2402205753540292,0.6101345209728049,95.81245420191532,51.66499633615322,-25.33459604590705,26.872124042741035,1.9190463328625142,available,231.16992786093078,49.98506285537032,0.0,0.0,normal,,normal,False
SOLAR_001,2026-01-16 18:00:00,solar,0.0,24.978975729193017,504.78060921884673,0.10599392992001114,0.05184340806994352,92.70650125503336,51.41652010040267,-45.909840553596695,25.493747041780072,2.4123676477002296,available,230.27280532688997,50.010855635768095,0.0,0.0,normal,,normal,False
SOLAR_001,2026-01-16 18:15:00,solar,0.0,25.18775087087565,505.24748886971526,0.032873490132385615,0.016070804448495825,90.02983196861163,51.20238655748893,-39.72995780961271,25.806338484761117,2.050339462129012,available,228.90048126848504,49.90649628694614,0.0,0.0,normal,,normal,False
SOLAR_001,2026-01-16 18:30:00,solar,0.0,24.84654688368667,498.9119530364795,0.0,0.0,87.43793689813602,50.99503495185088,-38.62807929088341,25.791185200056457,1.969840253561467,available,228.43122702832974,49.9378633361883,0.0,0.0,normal,,normal,False
SOLAR_001,2026-01-16 18:45:00,solar,13.095606485264387,24.126938056822688,499.97804295890035,0.2140885213857567,0.10369917775444501,85.0136225036572,50.80108980029257,-36.26849240925705,24.018699190780495,1.946178117558342,available,231.23564562051186,49.980492291944415,0.0,0.0,normal,,normal,False
SOLAR_001,2026-01-16 19:00:00,solar,3.0717349515009253,24.56270283691655,490.0823097337453,0.15318579368439492,0.07352361672128446,82.04888829202837,50.56391106336227,-44.561386836046154,24.166381717009745,2.3267216175592047,available,229.5566951888759,50.068775006925506,0.0,0.0,normal,,normal,False
SOLAR_001,2026-01-16 19:15:00,solar,0.0,20.820035472376205,499.21595984559775,0.0,0.0,80.18453496738441,50.41476279739075,-28.105032099897894,22.45349616732851,1.416908526729405,available,231.50543355754428,50.026363567421505,0.0,0.0,normal,,normal,False
SOLAR_001,2026-01-16 19:30:00,solar,0.0,21.99061726609621,504.36501671171993,0.0,0.0,77.7231392314144,50.217851138513154,-37.2509121144485,19.206408889149685,1.8706607593372107,available,231.75867159487711,50.006493752069524,0.0,0.0,normal,,normal,False
SOLAR_001,2026-01-16 19:45:00,solar,0.0,22.21447600658282,503.5873459194235,0.0,0.0,75.42323216839408,50.03385857347153,-34.93493041974197,22.27723502902697,1.747929367895438,available,229.37432049942964,49.95378459170257,0.0,0.0,normal,,normal,False
SOLAR_001,2026-01-16 20:00:00,solar,0.0,20.904093903736445,499.6540515159597,0.0,0.0,73.14378305920542,49.851502644736435,-34.75083460029466,21.33410084823039,1.7323813229833875,available,231.89929496967218,49.94468675252006,0.0,0.0,normal,,normal,False
SOLAR_001,2026-01-16 20:15:00,solar,0.0,24.193720765091207,506.79655777171985,0.2659599538966465,0.13093519742621448,70.97415073270102,49.67793205861608,-33.19221432562346,26.067404767468123,1.77985576556956,available,230.27681950892386,50.01383275954827,0.0,0.0,normal,,normal,False
SOLAR_001,2026-01-16 20:30:00,solar,9.518894880923032,21.587481115554876,498.46397886262076,0.152170899794077,0.07334645886436293,68.86959801140827,49.50956784091266,-32.306080176703944,19.92691494369963,1.6728065270468504,available,230.53551647516807,50.03503446490937,0.0,0.0,normal,,normal,False
SOLAR_001,2026-01-16 20:45:00,solar,6.803327268613324,21.339216867521177,497.1354407039204,0.18409017621701887,0.08935828582284408,66.69648981296119,49.33571918503689,-33.4759938255991,20.91907922909182,1.74092051664263,available,225.62250180977608,50.01044870507335,0.0,0.0,normal,,normal,False
SOLAR_001,2026-01-16 21:00:00,solar,34.34307288024387,20.633730760057905,498.1273530590945,0.6245666193389101,0.30086133807492127,64.88566728932945,49.190853383146354,-27.977256406607502,19.27612055894618,1.677086456035043,available,228.05815740335308,50.08547786040439,0.0,0.0,normal,,normal,False
SOLAR_001,2026-01-16 21:15:00,solar,15.261719210952164,20.468882968577148,495.51013990065553,0.36683547420393137,0.17758802432538087,63.278598306866094,49.06228786454929,-24.89432270350097,18.670606601000877,1.3989604509975304,available,228.16661127224512,49.96587691383819,0.0,0.0,normal,,normal,False
SOLAR_001,2026-01-16 21:30:00,solar,0.0,17.915789800484855,502.48958012681413,0.08664732874979945,0.04200477767160053,61.0716780084983,48.88573424067987,-34.30979308813984,17.711264107858433,1.71926420443112,available,229.36269055519287,50.00896849703875,0.0,0.0,normal,,normal,False
SOLAR_001,2026-01-16 21:45:00,solar,14.725261678940747,19.49798528213043,501.1539272464344,0.2416326653903213,0.11728495670798038,58.89830352416173,48.71186428193294,-33.90887687105879,20.331079039742836,1.7690495648037707,available,230.22870201530756,49.91534126379486,0.0,0.0,normal,,normal,False
SOLAR_001,2026-01-16 22:00:00,solar,0.0,17.644739888800537,502.4399177854922,0.0,0.0,56.92215162311517,48.553772129849214,-30.932209361177186,18.850709477131637,1.501875444795386,available,230.31050065008193,50.01055227603336,0.0,0.0,normal,,normal,False
SOLAR_001,2026-01-16 22:15:00,solar,0.0,18.321015970512917,498.3425153922752,0.0,0.0,54.330064146858454,48.346405131748675,-40.747320852226736,17.78914316289868,1.9699864819551045,available,230.5714938935825,50.073468660667764,0.0,0.0,normal,,normal,False
SOLAR_001,2026-01-16 22:30:00,solar,5.99656557735198,14.756565907941408,499.76770808264297,0.010409800508714352,0.005105493982572753,51.90077063959508,48.15206165116761,-38.34234718536497,15.423092148472996,1.8513685595027396,available,228.63011081746765,49.947924555869406,0.0,0.0,normal,,normal,False
SOLAR_001,2026-01-16 22:45:00,solar,0.0,16.487707901216893,491.28632510636436,0.10551845019050128,0.05021481757914226,49.6738534238289,47.97390827390631,-35.278699294608984,16.289989202884918,1.7426719015614367,available,231.38272592754967,50.0421065770981,0.0,0.0,normal,,normal,False
SOLAR_001,2026-01-16 23:00:00,solar,0.0,20.13371178028043,501.5049022052442,0.0,0.0,47.39530404622953,47.791624323698365,-36.234330836853935,20.690285559402948,1.7316975269755222,available,233.6185768871032,50.072051987318275,0.0,0.0,normal,,normal,False
SOLAR_001,2026-01-16 23:15:00,solar,0.0,18.967487432932494,500.3953658202386,0.0,0.0,45.33653297472885,47.62692263797831,-32.852553297089145,20.121962680591718,1.564666014340524,available,229.29335022510173,49.96551436125843,0.0,0.0,normal,,normal,False
SOLAR_001,2026-01-16 23:30:00,solar,1.8235269927587439,19.556990451112803,495.59788935402617,0.21569925748669802,0.10288390115159293,43.12700622186427,47.45016049774914,-35.38956063713913,19.36276001176355,1.7821242333286695,available,228.67266366513272,50.0233469847039,0.0,0.0,normal,,normal,False
SOLAR_001,2026-01-16 23:45:00,solar,0.0,19.453070998040648,499.58136987165364,0.0,0.0,40.672908317976045,47.25383266543808,-39.470119178697054,20.530045380465655,1.865114406955049,available,228.62933635217826,50.07898158724043,0.0,0.0,normal,,normal,False
SOLAR_001,2026-01-17 00:00:00,solar,7.636466474193398,18.438912014078074,498.9686027917193,0.13237336642532654,0.06380593189447908,38.504751909202476,47.0803801527362,-34.999693403540725,17.22588472622373,1.7116048025623898,available,230.17093565306098,50.011523758113974,0.0,0.0,normal,,normal,False
SOLAR_001,2026-01-17 00:15:00,solar,0.34789362601301316,16.463897349759012,507.05724774003,0.16890212721478706,0.08342205491054563,36.72385090753194,46.93790807260255,-28.835643019626453,17.120407866728048,1.4369068161801555,available,228.94847378077398,50.03933574987558,0.0,0.0,normal,,normal,False
SOLAR_001,2026-01-17 00:30:00,solar,25.20658650386395,16.134174213581492,495.75549212748876,0.5121836319435098,0.2442564633138901,35.01114424778118,46.800891539822494,-27.812655241898668,17.167847486369975,1.5459135247244653,available,226.53934317383357,49.9113025320291,0.0,0.0,normal,,normal,False
SOLAR_001,2026-01-17 00:45:00,solar,0.12122161382919817,18.738134985850053,501.3257047154668,0.0,0.0,32.8093276288157,46.624746210305254,-35.8903965474863,19.668344192473175,1.6733806304137644,available,227.08649625509665,50.02985682633862,0.0,0.0,normal,,normal,False
SOLAR_001,2026-01-17 01:00:00,solar,0.0,17.096851961581084,495.63692658928653,0.0,0.0,30.529219261737875,46.44233754093903,-37.31255683354888,15.911830649256586,1.7328823589791482,available,232.0403802789349,50.02586188702598,0.0,0.0,normal,,normal,False
SOLAR_001,2026-01-17 01:15:00,solar,0.0,20.756021761902637,497.76850622371893,0.0,0.0,28.478711368555647,46.27829690948445,-33.674229668964124,20.55021076246395,1.5583859988184923,available,232.56358808024675,49.93368939670196,0.0,0.0,normal,,normal,False
SOLAR_001,2026-01-17 01:30:00,solar,0.0,16.512239006367196,501.1072758147689,0.0,0.0,26.543326498886557,46.12346611991092,-31.89032882144,16.81441413659021,1.4708925009485068,available,233.19977917591595,49.95178356730149,0.0,0.0,normal,,normal,False
SOLAR_001,2026-01-17 01:45:00,solar,7.31047058469792,20.276608583965558,499.15454803654757,0.1855665814833351,0.09001621433792689,24.14433643382349,45.931546914705876,-39.694557921892816,20.71966102436695,1.9132486637858566,available,230.45260887755876,50.03020009010991,0.0,0.0,normal,,normal,False
SOLAR_001,2026-01-17 02:00:00,solar,10.617304433674901,17.268764140774763,499.97603657514577,0.24947737694060065,0.12183837050598413,22.468038730024507,45.79744309840196,-27.81784677694552,17.384640090142657,1.395824625393211,available,228.01818898409238,49.984864404784155,0.0,0.0,normal,,normal,False
SOLAR_001,2026-01-17 02:15:00,solar,44.44552866047072,20.48670020593408,501.3308884329279,0.8545575033974421,0.41671796577266035,21.124809312176335,45.689984744974105,-22.343066281651684,21.91588648801893,1.437572323337271,available,229.12396770168564,50.05559691944846,0.0,0.0,normal,,normal,False
SOLAR_001,2026-01-17 02:30:00,solar,0.0,20.077880878269674,498.02524171520577,0.002033812510905491,0.0009801732666136595,19.313512915199958,45.54508103321599,-30.22467477219121,18.782234867599584,1.3775654349686615,available,227.0172247300403,50.01553634652527,0.0,0.0,normal,,normal,False
SOLAR_001,2026-01-17 02:45:00,solar,0.0,16.18746591700011,503.5365861392618,0.0,0.0,17.375405122161016,45.39003240977288,-32.45121989365342,15.947215083016943,1.4729619227095951,available,226.94021602091604,50.002822778327115,0.0,0.0,normal,,normal,False
SOLAR_001,2026-01-17 03:00:00,solar,0.0,17.210325056072627,498.77808102704955,0.04612943493306023,0.022252599685346226,14.863538906102454,45.1890831124882,-42.24512189044487,15.52255295603373,1.9312709238898542,available,230.51052542112546,49.99147754833885,0.0,0.0,normal,,normal,False
SOLAR_001,2026-01-17 03:15:00,solar,3.8180466203620336,16.725695040843437,499.6097781537897,0.09510307404532595,0.046079472518084356,12.34593171927413,44.98767453754193,-42.53123731462982,17.34694385104733,1.9594609345076095,available,231.07802309881404,50.01463410659672,0.0,0.0,normal,,normal,False
SOLAR_001,2026-01-17 03:30:00,solar,6.870429620633046,16.773370626089843,501.44524509835145,0.3383184140221302,0.16470717299159826,10.311009249456442,44.82488073995651,-34.50184476861018,17.327990073530128,1.7112482500530417,available,233.91674711145248,50.040146618625805,0.0,0.0,normal,,normal,False
SOLAR_001,2026-01-17 03:45:00,solar,0.0,19.73772162343458,500.90800080465937,0.0007466088001221761,0.00035877022477615706,7.878249375735706,44.63025995005886,-41.426993839979204,23.08632498915084,1.8492562742525351,available,229.833812847628,50.02669253465105,0.0,0.0,normal,,normal,False
SOLAR_001,2026-01-17 04:00:00,solar,19.55386650371458,19.2441566389135,502.5769116981714,0.30424628266574877,0.14815208069049962,5.7404243707558145,44.459233949660465,-36.54464684713996,20.27051629729933,1.7728990844752168,available,227.2843303783888,49.97884956697955,0.0,0.0,normal,,normal,False
SOLAR_001,2026-01-17 04:15:00,solar,0.0,19.463128779084723,501.26785760593884,0.0,0.0,5.0,44.4,-12.673930670595022,19.79449392023808,1.5625747242108583,available,229.75615923248995,50.06197185262701,0.9998522024364394,0.0,normal,,normal,False
SOLAR_001,2026-01-17 04:30:00,solar,17.75113286203282,21.016807020949695,501.8761226462247,0.3266734134840578,0.1594799412344526,5.0,44.4,-0.0,21.27170209662353,2.2714138569705966,available,229.4350816017732,50.0328847119731,2.111933915736144,0.0,normal,,normal,False
SOLAR_001,2026-01-17 04:45:00,solar,9.692961365539485,17.5672521524289,498.69850994333945,0.24372806050047485,0.11888907835999162,5.0,44.4,-0.0,17.250641241802455,2.130300233627573,available,229.0175366464031,50.019261694582006,2.0114111552675813,0.0,normal,,normal,False
SOLAR_001,2026-01-17 05:00:00,solar,0.0,22.430149005935583,495.7249156076579,0.0027123976300668638,0.0013055131452552014,5.0,44.4,-0.0,22.560636699900094,1.9544153107698075,available,230.68749913494975,50.004584858870615,1.9531097976245522,0.0,normal,,normal,False
SOLAR_001,2026-01-17 05:15:00,solar,0.0,20.380337923457112,494.28944438898856,0.0,0.0,5.0,44.4,-0.0,20.65658688505099,1.7410313706142884,available,227.57105494178793,50.025002478216926,1.7410313706142884,0.0,normal,,normal,False
SOLAR_001,2026-01-17 05:30:00,solar,43.68001965716465,23.211818424230273,493.3171594094308,0.7259778776920991,0.3441376134727259,5.0,44.4,-0.0,21.24705908625272,1.896276338067021,available,230.26144286565193,49.908416053013745,1.552138724594295,0.0,normal,,normal,False
SOLAR_001,2026-01-17 05:45:00,solar,0.0,22.68099300172069,507.0509068709171,0.02592522753341077,0.012796203031747905,5.0,44.4,-0.0,22.87790659222769,1.8320834815624418,available,231.30312653143895,50.01206546371906,1.819287278530694,0.0,normal,,normal,False
SOLAR_001,2026-01-17 06:00:00,solar,5.3627971854314636,24.3785314550639,491.1489063564235,0.2502642471713481,0.11869537285545106,5.0,44.4,-0.0,24.479541023438642,2.0195164481856938,available,232.83947554046392,50.082009146478306,1.9008210753302426,0.0,normal,,normal,False
SOLAR_001,2026-01-17 06:15:00,solar,38.01448668017316,23.42744383121688,506.0829565805113,0.7637156173705505,0.3765835313411836,5.0,44.4,-0.0,25.181457107943032,2.0914160430734343,available,230.62075169807187,50.010999334335224,1.7148325117322507,0.0,normal,,normal,False
SOLAR_001,2026-01-17 06:30:00,solar,141.41132767523217,23.43614365777605,499.32704779921113,2.931193154797359,1.4299417923140219,5.0,44.4,-0.0,23.304471897973567,1.9905116877369509,available,232.08624090103856,50.00417386593535,0.560569895422929,0.0,normal,,normal,False
SOLAR_001,2026-01-17 06:45:00,solar,174.94618887874495,28.001524237537964,508.6475703288018,3.4977030093748414,1.7119898906255564,5.0,44.4,-0.0,27.23597888370844,1.7969080943258575,available,229.1122079193878,49.97020578472638,0.08491820370030112,0.0,normal,,normal,False
SOLAR_001,2026-01-17 07:00:00,solar,210.1731119599334,29.555388086240736,496.36622079038864,4.183954953605223,2.0202222391000038,5.0,44.4,-0.0,29.8239201683207,2.542880367439311,available,229.39141945184156,50.024636364010846,0.522658128339307,0.0,normal,,normal,False
SOLAR_001,2026-01-17 07:15:00,solar,286.37381371712786,30.065775958829025,505.48841369853005,5.46992822113737,2.6999061894319194,5.602956783306581,44.448236542664525,11.423469639607628,30.14012403071033,2.192153108752693,available,232.6956940824313,49.99024627963309,0.0,0.0,normal,,normal,False
SOLAR_001,2026-01-17 07:30:00,solar,332.57475121887,33.449288107661516,513.4697662594028,6.277121522277499,3.142841147205468,6.647143586396803,44.531771486911744,19.745794367527697,33.31868748453816,2.2635259446031757,available,227.25683115007237,50.065464989119526,0.0,0.0,normal,,normal,False
SOLAR_001,2026-01-17 07:45:00,solar,368.25992285162,34.030602673313965,511.6986120582824,7.054794416237199,3.4637917563133356,8.24937050737592,44.65994964059007,30.2114922606965,32.75161386251735,2.1145480333835533,available,229.19371939550882,49.95681901543263,0.0,0.0,normal,,normal,False
SOLAR_001,2026-01-17 08:00:00,solar,467.25465773651587,35.47896883520678,508.65093815723685,8.853197521464239,4.348870833321103,11.142444761835417,44.891395580946835,54.27037909734684,35.322949336397436,1.9125977769341573,available,232.25689261345192,49.97738475328665,0.0,0.0,normal,,normal,False
SOLAR_001,2026-01-17 08:15:00,solar,452.2419955141089,38.56335348748878,503.3394954542781,8.571700689823237,4.15742469824794,13.427287623823233,45.07418300990586,42.68692344675079,37.98416161525477,2.2333464986792535,available,229.577776570495,49.96995609715472,0.0,0.0,normal,,normal,False
SOLAR_001,2026-01-17 08:30:00,solar,516.4032562071217,38.74327770538698,506.8852744915707,9.5820939374055,4.72402424046279,16.41352474788065,45.31308197983045,55.49668857937293,38.52679620647465,2.209298241256544,available,229.4287959362575,50.091728954435574,0.0,0.0,normal,,normal,False
SOLAR_001,2026-01-17 08:45:00,solar,585.6757021842932,41.12834456403474,518.7435046882389,10.542397356932527,5.316038151676938,19.83046771763202,45.586437417410565,63.12021341766518,41.86049778722584,2.438612492938946,available,229.46933576686698,49.99051171691938,0.0,0.0,normal,,normal,False
SOLAR_001,2026-01-17 09:00:00,solar,640.3977078832083,42.81607442614958,512.749170818716,11.587860346532759,5.68326595141652,23.611292425065734,45.88890339400526,69.38174917518873,42.141560086903716,2.4994135662091805,available,230.2343035496945,49.97259612685643,0.0,0.0,normal,,normal,False
SOLAR_001,2026-01-17 09:15:00,solar,596.0029342573104,44.64228288376619,514.7494997359258,10.663804658174174,5.3162558628853365,26.965887363689518,46.15727098909516,61.202103006595024,44.42105040076665,2.491333809307414,available,232.1721676838385,49.895470272727266,0.0,0.0,normal,,normal,False
SOLAR_001,2026-01-17 09:30:00,solar,660.8246145027206,44.72057112296897,517.0012072246352,11.886568972271863,5.985612993325183,31.04013992226472,46.48321119378118,73.81050996471842,45.261776089910455,2.5546634703144857,available,231.84846303664642,49.9544314007232,0.0,0.0,normal,,normal,False
SOLAR_001,2026-01-17 09:45:00,solar,735.4785575976355,47.1210343764601,511.41803659370066,12.879180161886987,6.393919007025681,35.385231539757854,46.830818523180625,78.13283293741807,46.85163209233767,2.734894487031465,available,230.02291448299792,50.02639424716963,0.0,0.0,normal,,normal,False
SOLAR_001,2026-01-17 10:00:00,solar,779.1042612208215,47.76639976724678,518.9496687950494,13.648864216506325,6.875761454401436,40.135231539757854,47.21081852318063,84.72634292574254,50.37558575444627,2.4676817796101087,available,232.1847771349816,50.02619378707956,0.0,0.40807967479132756,normal,,normal,False
SOLAR_001,2026-01-17 10:15:00,solar,745.1519590506283,48.58597786200091,516.2589929079778,13.064255267169656,6.529894518040104,44.774151151231614,47.581932092098526,82.09962160904213,48.83484436291396,2.6234358978516763,available,230.68358592665948,49.967439838377324,0.0,0.0,normal,,normal,False
SOLAR_001,2026-01-17 10:30:00,solar,779.5039075780822,51.06504814416671,519.6524017925278,13.304569977308391,6.6697329173310855,49.524151151231614,47.96193209209853,83.39947590766425,49.82315111189087,2.514517904397225,available,231.71824033564167,49.97021720501834,0.0,0.1552150129338603,normal,,normal,False
SOLAR_001,2026-01-17 10:45:00,solar,779.0065098638838,50.26724125894467,516.6263989077539,13.61974466899786,6.8246300019725314,54.274151151231614,48.34193209209853,82.74390010683496,49.42793851586824,2.046111478277214,available,227.943261051814,50.09299355340323,0.0,0.7785185236953174,normal,,normal,False
SOLAR_001,2026-01-17 11:00:00,solar,858.1502864306591,52.54623542925984,513.0260522855367,14.813527359681359,7.373713177546995,59.024151151231614,48.72193209209853,82.09855045236803,51.6063006406725,2.403762565292539,available,233.47710546686613,50.134818988127755,0.0,0.9699506122544559,normal,,normal,False
SOLAR_001,2026-01-17 11:15:00,solar,801.7217620587355,51.23049855102373,517.9062154808165,13.821389497621517,6.965458545440507,63.774151151231614,49.10193209209853,81.46318952373116,50.4054722646747,2.267811074800697,available,230.44042610829086,50.057488629505926,0.0,0.6976474706398097,normal,,normal,False
SOLAR_001,2026-01-17 11:30:00,solar,821.9599300287632,48.945791013331345,522.3920076959082,14.404391829485153,7.325201893722323,68.52415115123162,49.48193209209853,80.83758719354323,49.48276913155076,2.4924368537590866,available,224.50338130536437,50.07796399436474,0.0,0.8327650399632365,normal,,normal,False
SOLAR_001,2026-01-17 11:45:00,solar,827.9778742221011,50.01377951446956,521.5334188210802,14.384204184095724,7.280008484108459,73.27415115123162,49.86193209209853,80.22152034966707,48.9072700581688,2.290834483594644,available,233.3190543469387,50.08857126315594,0.0,0.989174000513815,normal,,normal,False
SOLAR_001,2026-01-17 12:00:00,solar,822.8041852329133,51.02410432444762,520.1237234693389,14.227877305271374,7.2187618392752055,78.02415115123162,50.24193209209853,79.61477262991393,50.69289856811239,2.5711361780060673,available,230.01010986242133,50.11072857749524,0.0,0.6476256612691387,normal,,normal,False
SOLAR_001,2026-01-17 12:15:00,solar,838.8220724403011,50.74725271009031,523.5497058768134,14.408116232985208,7.302923097411507,82.77415115123162,50.62193209209853,79.01713416869664,51.88999961835099,2.6452421350852906,available,229.20901207769722,49.984903606979636,0.0,0.6576809623262161,normal,,normal,False
SOLAR_001,2026-01-17 12:30:00,solar,943.8422452946693,52.93936462484941,519.0145211772993,16.137071323633275,8.063641884162717,87.52415115123162,51.00193209209853,78.42840135500866,52.419592470297154,2.6868641968222464,available,228.7886338696256,49.956086601863,0.0,1.3767776873404705,normal,,normal,False
SOLAR_001,2026-01-17 12:45:00,solar,719.4291624219958,46.16247791191426,519.8408108641254,12.860214506856295,6.5006525564321365,91.9599943069173,51.35679954455338,72.73519574959553,46.83396447472389,2.7652056884863074,available,230.87900373706873,50.091674489156915,0.0,0.0,normal,,normal,False
SOLAR_001,2026-01-17 13:00:00,solar,832.1889730944146,49.78493050765915,517.3994490070064,14.567020301791398,7.315621822948108,96.7099943069173,51.736799544553385,77.31440744716691,48.101960253848816,2.099461805015902,available,228.2232221621254,49.951785299102916,0.0,1.2161600179322054,normal,,normal,False
SOLAR_001,2026-01-17 13:15:00,solar,761.5104062166561,49.63798428207273,522.7650744969159,13.059677554546624,6.6392921237803035,100.0,52.0,53.27944442239198,49.267369227948734,2.186318551283434,available,228.84618707465853,49.94857019528894,0.0,1.6824424625324865,normal,,normal,False
SOLAR_001,2026-01-17 13:30:00,solar,774.4040284952562,50.19607519176975,519.6437048411127,13.265930909176378,6.643167920949328,100.0,52.0,0.0,49.31012980432896,3.0013088268767025,available,228.8942437923766,49.94971826578693,0.0,3.641859094072626,normal,,normal,False
SOLAR_001,2026-01-17 13:45:00,solar,778.265688819601,49.13255851911677,515.7096223899603,13.68936469407735,6.911157732127763,100.0,52.0,0.0,49.43232947570907,2.6054974776616184,available,229.41550591259553,49.993430183111734,0.0,4.305660254466145,normal,,normal,False
SOLAR_001,2026-01-17 14:00:00,solar,733.8695117593986,49.22660639703329,511.3643890895775,12.95501816340298,6.449527351164683,100.0,52.0,0.0,48.19182826932459,2.4346010259124,available,228.9695835005363,49.90078120642743,0.0,4.014926325252283,normal,,normal,False
SOLAR_001,2026-01-17 14:15:00,solar,755.2882935614473,48.85996778413936,521.0492373456442,12.974953936450921,6.548037013291954,100.0,52.0,0.0,50.929624664357746,2.3805688275985246,available,231.70562826330973,49.928344528822,0.0,4.16746818569343,normal,,normal,False
SOLAR_001,2026-01-17 14:30:00,solar,663.1608464572813,48.68203827007182,512.8908066010862,11.746823443735034,5.815912851385308,100.0,52.0,0.0,47.04265337598698,2.345636973712072,available,230.5421246095954,49.968883060308336,0.0,3.470275877673236,normal,,normal,False
SOLAR_001,2026-01-17 14:45:00,solar,697.5046604718152,47.47328705648694,515.3250535595378,12.292409042848703,6.178665364374486,100.0,52.0,0.0,48.609068200365684,1.9515786018584556,available,230.78607347668856,49.940203734308746,0.0,4.227086762516031,normal,,normal,False
SOLAR_001,2026-01-17 15:00:00,solar,544.0572922337818,44.708106454438195,523.5525343563093,9.623127149030495,4.859311477056957,100.0,52.0,0.0,45.58638354004244,2.163732230609248,available,231.22120442703456,50.053120590701226,0.0,2.6955792464477093,normal,,normal,False
SOLAR_001,2026-01-17 15:15:00,solar,580.3583462621698,44.6340665861141,516.3929544689346,10.398822544549349,5.269498609866132,100.0,52.0,0.0,44.94392774264411,2.2743360978940994,available,229.81381145966859,50.000332410075885,0.0,2.995162511972033,normal,,normal,False
SOLAR_001,2026-01-17 15:30:00,solar,506.48381738559556,40.11246225781245,518.6198269354825,9.116998664977123,4.571911631198655,100.0,52.0,0.0,40.16689551132444,2.1307706679618468,available,227.95938134175236,50.02885109604681,0.0,2.4411409632368084,normal,,normal,False
SOLAR_001,2026-01-17 15:45:00,solar,503.81159230220794,41.72218119630228,508.9589054102275,9.298913844562001,4.631495795889119,100.0,52.0,0.0,43.57713986695885,2.1329794067489383,available,233.61034495875376,50.023376508964695,0.0,2.498516389140181,normal,,normal,False
SOLAR_001,2026-01-17 16:00:00,solar,392.9320164781576,36.91961173126675,514.2839055872809,7.227682973039994,3.6021400768570175,100.0,52.0,0.0,39.39057562067797,2.7367462843961237,available,231.85506930925882,49.98966134551168,0.0,0.8653937924608939,normal,,normal,False
SOLAR_001,2026-01-17 16:15:00,solar,355.59218127623757,37.343043980281045,508.9524497761876,6.59926899512687,3.2844990796173374,100.0,52.0,0.0,37.135777292008264,2.1486993022852707,available,233.22565402787117,50.04940657626133,0.0,1.1357997773320667,normal,,normal,False
SOLAR_001,2026-01-17 16:30:00,solar,348.159100683318,35.84761129429796,509.11773633037615,6.489480560242637,3.1926526674408104,100.0,52.0,0.0,36.005380668082104,2.2278315462176366,available,232.0690768419229,50.02260739425915,0.0,0.9648211212231739,normal,,normal,False
SOLAR_001,2026-01-17 16:45:00,solar,257.63308981612795,34.90276342676763,514.5121561582215,4.918889491114506,2.455141943050493,100.0,52.0,0.0,34.350363209014674,2.193155016387167,available,229.07925719226904,49.98407998634389,0.0,0.2619869266633259,normal,,normal,False
SOLAR_001,2026-01-17 17:00:00,solar,223.0441956330256,31.062573384626337,504.0617976054516,4.2898003281305295,2.106155376646112,99.83130908766495,51.9865047270132,-2.4661225840794336,29.893285986701645,2.2343604700207513,available,225.30404412334227,49.9158045069443,0.0,0.0,normal,,normal,False
SOLAR_001,2026-01-17 17:15:00,solar,190.32308971477096,31.87615081232144,503.9788242550287,3.8087025745485765,1.8682745854403542,99.66807289517432,51.973445831613944,-2.3869786639665422,32.33926356658601,1.9923340917332375,available,227.5418071489445,50.02603291962009,0.0,0.0,normal,,normal,False
SOLAR_001,2026-01-17 17:30:00,solar,115.52558446585675,30.425547012046838,498.99766523836917,2.4436156590048976,1.1894888698648345,98.19617267643494,51.855693814114794,-21.572253381699767,30.675169415032215,2.30813303610676,available,231.27304409341647,49.936934831098704,0.0,0.0,normal,,normal,False
SOLAR_001,2026-01-17 17:45:00,solar,54.88169174098694,28.983511904610296,504.86193680823516,0.9965815384146126,0.4868156790426161,96.04968824507665,51.683975059606134,-31.563519755415793,27.37329061822525,2.1181438468749114,available,229.796504161327,50.019014156279546,0.0,0.0,normal,,normal,False
SOLAR_001,2026-01-17 18:00:00,solar,0.0,24.66548167889131,497.75749240685343,0.0,0.0,93.75683676447788,51.500546941158234,-33.83589551478027,25.121483664080973,1.7425671252550667,available,229.16030028216852,50.00394442793365,0.0,0.0,normal,,normal,False
SOLAR_001,2026-01-17 18:15:00,solar,0.0,25.392258712423658,504.0908416632755,0.10360330489489315,0.050984701293991935,91.25935901354825,51.30074872108386,-36.999130383577295,25.675398565479657,1.94906779200051,available,225.0088929966973,49.93198154079801,0.0,0.0,normal,,normal,False
SOLAR_001,2026-01-17 18:30:00,solar,0.0,25.189903804907722,493.4003470330206,0.0,0.0,88.75036750122375,51.1000294000979,-37.31570356714834,24.58865911736613,1.9068335493666184,available,229.97374547151145,50.01291985205174,0.0,0.0,normal,,normal,False
SOLAR_001,2026-01-17 18:45:00,solar,5.730466078345205,26.921772975883787,502.19455228733443,0.026991200663510333,0.013186992409938057,86.30906582804391,50.90472526624351,-36.44827198089301,26.255250315004957,1.868576264026618,available,227.8364428994954,50.00956597184653,0.0,0.0,normal,,normal,False
SOLAR_001,2026-01-17 19:00:00,solar,0.0,21.778004908874795,497.4252267757478,0.0,0.0,83.69670952521696,50.695736762017354,-39.16287476930392,22.201784676285,1.9853907901484824,available,228.55123483846816,50.00974737506976,0.0,0.0,normal,,normal,False
SOLAR_001,2026-01-17 19:15:00,solar,1.3486874141920748,22.209241463137232,502.92207055732086,0.0,0.0,81.08842363252035,50.48707389060163,-39.26346143063827,23.818123118317878,1.9822972784494215,available,231.70020819379428,50.00734984586443,0.0,0.0,normal,,normal,False
SOLAR_001,2026-01-17 19:30:00,solar,18.70656497341309,27.760674517899083,499.9457633085831,0.49977340167000334,0.24246943534991885,78.86651095271957,50.30932087621756,-33.56542301183906,28.159070147554488,1.9311230719985069,available,227.94171609183198,49.96738059069384,0.0,0.0,normal,,normal,False
SOLAR_001,2026-01-17 19:45:00,solar,0.0,22.224721819953142,497.85864434052684,0.01605990386381018,0.0077241812730056685,76.4177886109512,50.1134230888761,-37.136337233308204,23.005206071205905,1.8687531610169619,available,228.13262138925361,50.02958045670502,0.0,0.0,normal,,normal,False
SOLAR_001,2026-01-17 20:00:00,solar,0.0,19.351775969427443,498.453761532496,0.12875804429298637,0.06217087720417285,74.14152984209981,49.931322387367985,-34.6467223700993,18.519579575787585,1.7921275415312352,available,230.37116065482024,49.965617210285664,0.0,0.0,normal,,normal,False
SOLAR_001,2026-01-17 20:15:00,solar,3.3967973414019186,20.961018461390665,496.59844679976544,0.11926691239112575,0.0574938506103056,72.48066386353611,49.798453109082885,-25.347336411102003,20.54674607181449,1.3197519943187177,available,231.74472418322662,49.94627045429959,0.0,0.0,normal,,normal,False
SOLAR_001,2026-01-17 20:30:00,solar,0.0,17.167906141247826,503.35115102128344,0.0,0.0,70.0048271757286,49.600386174058286,-37.935911952996705,17.775922914133876,1.8816358827337103,available,229.1945882091864,50.03373168521657,0.0,0.0,normal,,normal,False
SOLAR_001,2026-01-17 20:45:00,solar,25.766588050693507,21.90952493841856,495.8054506022983,0.4867499136304613,0.23599102992188065,67.94565063322283,49.43565205065783,-31.656792363145517,20.551180053769496,1.8009652022262643,available,232.93443081004582,50.04682153004454,0.0,0.0,normal,,normal,False
SOLAR_001,2026-01-17 21:00:00,solar,16.354562429036655,22.123541201143247,498.9316854450688,0.38784426099386216,0.18867972844619813,66.24016383758386,49.29921310700671,-26.291899667286735,22.330742899446758,1.4848496931318056,available,227.44266164414967,50.03030990499739,0.0,0.0,normal,,normal,False
SOLAR_001,2026-01-17 21:15:00,solar,5.222399887597599,18.874074801799598,501.3809583188099,0.18852922117789517,0.09182626471511666,64.10073978811192,49.128059183048954,-33.09640772782025,19.367497834997053,1.7177885423137886,available,227.09188879878317,49.989640256926876,0.0,0.0,normal,,normal,False
SOLAR_001,2026-01-17 21:30:00,solar,32.29617202791456,19.83998841425956,506.45397810179406,0.749263143040181,0.36663533534945664,62.250814317407276,48.98006514539258,-28.70439950543401,19.801454314297988,1.772578693084989,available,226.9214280034295,49.90302671480415,0.0,0.0,normal,,normal,False
SOLAR_001,2026-01-17 21:45:00,solar,0.0,20.77006052735289,499.96280559643276,0.0,0.0,59.80332999173771,48.78426639933902,-38.12885228779559,21.089432559791156,1.860088087508867,available,226.69563247117912,50.074084508544345,0.0,0.0,normal,,normal,False
SOLAR_001,2026-01-17 22:00:00,solar,0.0,16.424929334425066,499.0299576538462,0.017554643134872126,0.008583939848821135,57.561534048207506,48.6049227238566,-35.05334072358694,16.48274918220884,1.7123488569317802,available,230.67309793032024,49.90224512796057,0.0,0.0,normal,,normal,False
SOLAR_001,2026-01-17 22:15:00,solar,6.5940654408130985,16.91961616536817,501.0945394604641,0.19412300554568337,0.09386458085194636,55.49987214449485,48.43998977155959,-32.346477656392175,16.29745456264034,1.6607276276735639,available,228.04442136122165,50.029303069670945,0.0,0.0,normal,,normal,False
SOLAR_001,2026-01-17 22:30:00,solar,0.0,18.104353845387894,491.70614313730226,0.0,0.0,53.1661765209816,48.25329412167853,-36.75621957327155,16.926247079142367,1.7736086738700694,available,227.17961527230156,50.10551184255696,0.0,0.0,normal,,normal,False
SOLAR_001,2026-01-17 22:45:00,solar,5.41286175271911,17.18653200149993,495.2054171972371,0.0,0.0,51.17594831349689,48.09407586507975,-31.450306726584422,17.09621865220202,1.5125734376883793,available,230.75959339027122,50.00747332239715,0.0,0.0,normal,,normal,False
SOLAR_001,2026-01-17 23:00:00,solar,0.0,17.49702182729855,498.4985340044862,0.0,0.0,49.007877231800926,47.92063017854407,-34.38464844785543,18.80152783069215,1.6477340220889298,available,231.64789849438142,50.01456165222992,0.0,0.0,normal,,normal,False
SOLAR_001,2026-01-17 23:15:00,solar,12.430031728936557,16.13701612338481,497.1481233970694,0.23464884307884562,0.1125710134708134,47.26859700613386,47.781487760490705,-27.664541927469557,17.16139685431194,1.4344239849777818,available,232.1017167938308,50.018966047480674,0.0,0.0,normal,,normal,False
SOLAR_001,2026-01-17 23:30:00,solar,19.04102582632032,18.33033914696126,493.59666684302636,0.46313218455978367,0.22084534869739045,45.22246042033299,47.61779683362664,-32.65719769946399,17.98500685145849,1.775909153906046,available,231.75056892933955,50.009908366983,0.0,0.0,normal,,normal,False
SOLAR_001,2026-01-17 23:45:00,solar,4.90200122030991,17.270189496272025,503.4311146046703,0.2254221984108031,0.10976991277703053,43.74976127702475,47.49998090216198,-23.563195766744407,16.904085057641723,1.229021261691294,available,228.1637930679148,50.11753067419703,0.0,0.0,normal,,normal,False
SOLAR_001,2026-01-18 00:00:00,solar,0.0,18.062304957326074,501.0390269182293,0.0,0.0,41.49535675751151,47.319628540600924,-36.20796459464994,17.622592567889093,1.713347434830065,available,230.55218192889942,49.95784175736357,0.0,0.0,normal,,normal,False
SOLAR_001,2026-01-18 00:15:00,solar,0.0,17.435102287897827,500.56106098913006,0.0,0.0,39.44995507736384,47.155996406189104,-32.96516658289094,16.99551841870868,1.55450527691223,available,230.99374315478485,49.95156366766935,0.0,0.0,normal,,normal,False
SOLAR_001,2026-01-18 00:30:00,solar,10.164780057836895,17.624040580573286,497.2240353953825,0.17447603043722879,0.08414710708835198,37.26208643073398,46.98096691445872,-35.39263409512672,17.911790003675478,1.746927278527044,available,229.05023350982182,49.98362494665869,0.0,0.0,normal,,normal,False
SOLAR_001,2026-01-18 00:45:00,solar,0.38157558322258445,14.85506589511517,500.3175718586547,0.08735741511357238,0.0422807888863692,35.47227464013672,46.83778197121094,-29.041873965979132,15.912547290481573,1.4025377497402869,available,230.32950420780944,50.08704157962907,0.0,0.0,normal,,normal,False
SOLAR_001,2026-01-18 01:00:00,solar,0.0,17.738887327467307,502.0577978377642,0.0,0.0,33.38894556917201,46.67111564553376,-33.92526773858462,20.001696562432546,1.5833300939331785,available,227.49676354007664,49.97115616955107,0.0,0.0,normal,,normal,False
SOLAR_001,2026-01-18 01:15:00,solar,22.370946909628326,17.07796160736382,498.94041578438686,0.4195126025855363,0.2037314938287695,31.57016140358689,46.52561291228695,-29.71000013370363,16.248114086844485,1.5860074596734581,available,228.7447996478116,50.02151491258954,0.0,0.0,normal,,normal,False
SOLAR_001,2026-01-18 01:30:00,solar,2.4598171125689823,16.871483936723127,501.77828895696143,0.0,0.0,29.371436505718453,46.34971492045747,-36.05266882973785,17.522664283637237,1.6710309223800122,available,230.74357461117617,50.05355042706243,0.0,0.0,normal,,normal,False
SOLAR_001,2026-01-18 01:45:00,solar,0.0,18.706899601763602,496.81575807269957,0.048650561915401395,0.023554260913942828,27.577567275104307,46.20620538200834,-29.505574067278967,19.249234004769654,1.386894876180694,available,233.01508530869438,50.038949180996255,0.0,0.0,normal,,normal,False
SOLAR_001,2026-01-18 02:00:00,solar,17.909200756199954,16.60709590010618,500.3899412519589,0.3537930070443438,0.17059824422329334,25.515812878143016,46.04126503025144,-34.033238240978505,16.277349480629137,1.7375315859138731,available,232.30287922664368,50.05090369207815,0.0,0.0,normal,,normal,False
SOLAR_001,2026-01-18 02:15:00,solar,0.0,19.398265586222763,504.5699931317044,0.0,0.0,23.86231307702541,45.90898504616203,-27.372851906566805,18.3722563371699,1.2566598488493832,available,231.32171695546864,50.0708993184622,0.0,0.0,normal,,normal,False
SOLAR_001,2026-01-18 02:30:00,solar,0.0,19.699556221480634,504.9280788143042,0.0,0.0,21.87623072775505,45.75009845822041,-32.99277239422547,19.974929318325316,1.5094225854454715,available,230.15940007754955,50.0154115854846,0.0,0.0,normal,,normal,False
SOLAR_001,2026-01-18 02:45:00,solar,6.450347718252651,19.012326158274053,505.3103552197986,0.24222372280091894,0.11869682763240172,20.257244862525816,45.62057958900206,-26.970925592336034,21.132205945149114,1.3491260852066203,available,229.84953897404935,49.97714755508391,0.0,0.0,normal,,normal,False
SOLAR_001,2026-01-18 03:00:00,solar,32.058692266361305,17.26835826401683,501.1422736617317,0.5592368572799721,0.2708784018923221,18.182814038169425,45.45462512305355,-34.684422591602406,17.537405368535456,1.847445828403179,available,227.1048000922247,50.007360944528024,0.0,0.0,normal,,normal,False
SOLAR_001,2026-01-18 03:15:00,solar,29.224569203511955,15.630887075529582,500.126455819431,0.5220980394120215,0.25167854008791785,16.167495618934087,45.293399649514726,-33.816008744560385,14.843655468412194,1.783320538706776,available,228.328986932221,49.98304732694353,0.0,0.0,normal,,normal,False
SOLAR_001,2026-01-18 03:30:00,solar,6.47480698027392,20.226649163858113,498.20484433536234,0.2581206398346103,0.1236673999283362,13.93907761051634,45.11512620884131,-37.53946466995783,20.06938285520827,1.817265086325823,available,228.39429029081262,50.126077599085455,0.0,0.0,normal,,normal,False
SOLAR_001,2026-01-18 03:45:00,solar,8.322941859305756,19.11227248612642,492.77006097393036,0.18056756201745774,0.08596958707617189,11.361891179839079,44.90895129438712,-43.61405980013431,17.972098459017957,2.0446312743908908,available,231.1495186310813,49.973367167352436,0.0,0.0,normal,,normal,False
SOLAR_001,2026-01-18 04:00:00,solar,14.24698077752685,18.288630844900144,494.62040121439804,0.3634750650462552,0.17491698290046695,9.339661333434904,44.74717290667479,-34.34618509805161,18.307141130793408,1.7118116661676395,available,231.88989554297166,50.024157050223984,0.0,0.0,normal,,normal,False
SOLAR_001,2026-01-18 04:15:00,solar,0.0,21.144922809932925,499.32778011213895,0.040229276840501565,0.019388418774723762,6.8350576401332495,44.54680461121066,-42.73031081628294,21.828330837599708,1.9228872256839813,available,231.47314683905293,49.92495672004317,0.0,0.0,normal,,normal,False
SOLAR_001,2026-01-18 04:30:00,solar,11.594670068735685,18.736198427340636,499.5668462034863,0.23437312236971033,0.11266598972875938,5.0,44.4,-31.41089654282139,18.043598342756642,1.8409969248710047,available,232.3653328761396,50.00664091965607,0.3336871286409757,0.0,normal,,normal,False
SOLAR_001,2026-01-18 04:45:00,solar,0.0,19.47477548151637,505.648892115226,0.0,0.0,5.0,44.4,-0.0,16.219165446920808,1.8381053296798557,available,230.14451510305295,49.98564480722844,1.8381053296798557,0.0,normal,,normal,False
SOLAR_001,2026-01-18 05:00:00,solar,5.732605202338452,21.43065067653395,505.2591965175025,0.19736883693545518,0.09653886482004553,5.0,44.4,-0.0,21.707531749296194,2.144856596119645,available,228.03413963481222,50.03378426929222,2.0483177312995995,0.0,normal,,normal,False
SOLAR_001,2026-01-18 05:15:00,solar,0.0,19.233574921044674,497.25405543405367,0.1168755242022662,0.056272926362510044,5.0,44.4,-0.0,18.732022360751696,2.3285852277731505,available,229.90013420730148,50.03508765176824,2.2723123014106403,0.0,normal,,normal,False
SOLAR_001,2026-01-18 05:30:00,solar,9.021749888055858,21.382538356235166,503.27330286035607,0.2895690050918263,0.14126645977877011,5.0,44.4,-0.0,20.631868521450702,1.854969880928294,available,228.55032581913505,50.07084992361467,1.713703421149524,0.0,normal,,normal,False
SOLAR_001,2026-01-18 05:45:00,solar,2.1258623701162818,23.43677607800082,498.09172454170437,0.0,0.0,5.0,44.4,-0.0,22.677474474636163,2.1373125101504122,available,231.3157199835122,50.066878466707415,2.1373125101504122,0.0,normal,,normal,False
SOLAR_001,2026-01-18 06:00:00,solar,0.0,22.504932799714048,502.7304653720152,0.12978236925413988,0.06369572583553909,5.0,44.4,-0.0,22.905184725410894,2.063823382529362,available,229.28182519380522,49.9966847535605,2.000127656693823,0.0,normal,,normal,False
SOLAR_001,2026-01-18 06:15:00,solar,47.841593551707085,25.7015470899153,504.5321334970298,0.9101038706795616,0.4500056559008671,5.0,44.4,-0.0,25.293641177588853,2.0956538926436528,available,229.8029367655311,49.95278069287488,1.6456482367427856,0.0,normal,,normal,False
SOLAR_001,2026-01-18 06:30:00,solar,98.5779836277688,27.251169782162854,507.57889509299196,1.8502576394773311,0.9033470038608851,5.0,44.4,-0.0,28.181615414583263,2.108172332305721,available,231.38724445934216,49.958644682518866,1.2048253284448358,0.0,normal,,normal,False
SOLAR_001,2026-01-18 06:45:00,solar,146.00596047583377,27.203934608917272,501.93123302119176,2.866372167525855,1.389403170939275,5.0,44.4,-0.0,28.156386276025227,2.0211750466150264,available,228.51781142081686,50.015136898801096,0.6317718756757515,0.0,normal,,normal,False
SOLAR_001,2026-01-18 07:00:00,solar,166.63005034025593,24.660639193970315,509.23359565077413,3.358220761745388,1.6647877315979198,5.315061887264775,44.42520495098118,5.972178941636292,24.39000718909599,1.3994724581117937,available,231.9279531716445,50.00788930566935,0.0,0.0,normal,,normal,False
SOLAR_001,2026-01-18 07:15:00,solar,225.45534194534065,28.43554701042156,498.93753316157813,4.510773357445152,2.1779671077200615,5.0,44.4,-5.392951223451097,27.91468103541179,2.4516096243061205,available,227.30480729608078,50.01289632953907,0.034195482264830296,0.0,normal,,normal,False
SOLAR_001,2026-01-18 07:30:00,solar,241.74261972798814,32.1022500073168,512.8385313734573,4.555001375426673,2.2759547101224413,5.2881987486724995,44.4230558998938,5.4632370100682595,32.22995851268669,2.0332610270298104,available,230.61310193587764,49.97324448468318,0.0,0.0,normal,,normal,False
SOLAR_001,2026-01-18 07:45:00,solar,295.8350097552007,30.436130367564985,508.74570691310595,5.770870287038304,2.850868646448739,6.119627069420368,44.48957016555363,15.737400074555147,30.29073718576279,2.150718481608429,available,229.81820200535478,50.0718618715656,0.0,0.0,normal,,normal,False
SOLAR_001,2026-01-18 08:00:00,solar,329.9876744975798,33.57138629527672,509.98508800805723,6.262402128768441,3.1231375224963767,7.238484941139111,44.57907879529113,21.135387449942506,31.81887260390409,2.1809414199963824,available,231.65468359284796,49.92636580888401,0.0,0.0,normal,,normal,False
SOLAR_001,2026-01-18 08:15:00,solar,389.17262760838526,36.487112867865314,502.96165863763025,7.325128752059489,3.592939320314401,9.01937084664029,44.721549667731225,33.534021187739775,38.4012166199244,2.0932459262081453,available,227.25125207627204,49.97047674091745,0.0,0.0,normal,,normal,False
SOLAR_001,2026-01-18 08:30:00,solar,381.78626095666954,38.42779659411463,510.6205650311849,7.005982837800785,3.489055346424023,10.405260148168322,44.83242081185347,26.031712181431164,39.14213234152523,2.3219906714530487,available,226.93841775441757,49.946144644568456,0.0,0.0,normal,,normal,False
SOLAR_001,2026-01-18 08:45:00,solar,462.0393562779872,37.78447519380107,518.6088339004556,8.493160527787252,4.263418528861997,12.75125593466059,45.020100474772846,43.882074413814394,37.320990152273154,2.287843129710614,available,231.50008877172226,49.989551340516165,0.0,0.0,normal,,normal,False
SOLAR_001,2026-01-18 09:00:00,solar,417.6752056671917,36.9766485780551,512.4353280569197,7.752260599640323,3.8514204057066643,14.742134775212707,45.17937078201702,37.10829790055295,35.06026536618247,2.174890855768039,available,229.21815571690163,50.062328320469895,0.0,0.0,normal,,normal,False
SOLAR_001,2026-01-18 09:15:00,solar,525.3099992624155,40.94307296295435,517.8906471934804,9.363603176416104,4.696441471510348,17.50693539655497,45.4005548317244,51.282482415559194,40.76264110088551,2.368188316695811,available,229.81839579246358,49.98561230484254,0.0,0.0,normal,,normal,False
SOLAR_001,2026-01-18 09:30:00,solar,491.24969692265364,41.06894188084254,516.0052873166811,8.990412782107118,4.464997589590826,20.018020432553556,45.601441634604285,46.37129549533359,40.48096506080718,2.350399664539383,available,228.6805016781817,50.0050738667887,0.0,0.0,normal,,normal,False
SOLAR_001,2026-01-18 09:45:00,solar,557.0382680667267,42.31000716627451,520.8800688044497,9.907607877176261,5.043831826060471,22.967892491245266,45.83743139929962,54.19376065441269,42.24943396319766,2.559729039793766,available,231.82562075965447,50.03321214282126,0.0,0.0,normal,,normal,False
SOLAR_001,2026-01-18 10:00:00,solar,589.8361116316709,45.26955278242632,518.0865119365052,10.615482943671397,5.355243551398035,26.807802795457533,46.144624223636605,70.07552302430577,43.10568229814663,2.121634874166651,available,230.59843242082007,49.98323418209843,0.0,0.0,normal,,normal,False
SOLAR_001,2026-01-18 10:15:00,solar,542.762568362097,41.63322711186256,514.2102087062614,9.716571894281437,4.8378502484130115,29.88976355790325,46.39118108463226,55.944585117739116,41.160980469975506,2.242514869511353,available,230.4813281761141,50.019131383213065,0.0,0.0,normal,,normal,False
SOLAR_001,2026-01-18 10:30:00,solar,624.5955573442354,45.3486037157131,518.7033933696215,11.043949813494011,5.59404523139952,33.49173596243058,46.67933887699445,64.98035303359597,44.937281813272094,2.56080531179756,available,227.6607590636503,50.012537787591604,0.0,0.0,normal,,normal,False
SOLAR_001,2026-01-18 10:45:00,solar,717.1491363421384,48.41683476004181,525.3434702047069,12.30577390391685,6.250439355921217,38.18505585870703,47.05480446869656,83.99289787650336,48.22455948412797,2.298169969583153,available,231.0030111064088,49.943459534301695,0.0,0.0,normal,,normal,False
SOLAR_001,2026-01-18 11:00:00,solar,641.0131652704936,45.487157743394626,521.3090968379262,11.195007048190671,5.607339936822678,42.167163457615196,47.37337307660921,70.7856238583388,45.25095006231983,2.253986169321064,available,228.01557416248505,49.97678423027242,0.0,0.0,normal,,normal,False
SOLAR_001,2026-01-18 11:15:00,solar,696.638753734924,48.95364293894187,519.1499203788899,12.086232351448956,6.117933608887517,46.67329658244319,47.73386372659546,79.49573163912059,49.005893771814605,2.3232951879797317,available,228.68289394463744,50.01772928065384,0.0,0.0,normal,,normal,False
SOLAR_001,2026-01-18 11:30:00,solar,676.5107739383601,47.60336388790154,528.8518725040094,11.802887871767043,6.014816238504097,50.935069963083905,48.07480559704671,74.65161324426087,49.1245412663806,2.425954444280338,available,227.2693046704297,50.064109601282865,0.0,0.0,normal,,normal,False
SOLAR_001,2026-01-18 11:45:00,solar,656.101069104264,48.214306203800746,524.5940412750169,11.359149143803485,5.774340622970582,54.906948588071764,48.39255588704574,69.11682661551623,47.69929201655371,2.429600728243963,available,229.68691705083117,50.064063014612906,0.0,0.0,normal,,normal,False
SOLAR_001,2026-01-18 12:00:00,solar,664.3709219921952,47.66190999590161,523.2669356615938,11.470029630040218,5.828016275023777,58.9682080432368,48.717456643458945,70.20087249779348,46.75075204003669,2.4080083127795335,available,232.12894652013463,50.10477435152167,0.0,0.0,normal,,normal,False
SOLAR_001,2026-01-18 12:15:00,solar,607.8880981064548,46.627306272714826,521.2265483257495,10.478304098284182,5.308249399481606,62.607807565772134,49.00862460526177,62.53850089449157,44.899975751391175,2.2433234857676414,available,230.45338997832636,50.024272857797726,0.0,0.0,normal,,normal,False
SOLAR_001,2026-01-18 12:30:00,solar,696.3256770388437,47.39966832031373,522.7499925664806,11.962295865422268,6.092217862006445,66.75388768388544,49.340311014710835,70.76234051091714,46.8885571631467,2.600781973068921,available,229.116358187007,49.97933427226578,0.0,0.0,normal,,normal,False
SOLAR_001,2026-01-18 12:45:00,solar,649.7088597817077,46.281576399426086,522.6666339007959,11.32115943001081,5.756861570312896,70.37607647088032,49.63008611767042,61.45998285088373,44.8803254754599,2.706597328632989,available,230.21829263620236,49.996802383406084,0.0,0.0,normal,,normal,False
SOLAR_001,2026-01-18 13:00:00,solar,623.9277758290406,48.434789115619175,510.58725514357275,11.012277859354667,5.469506345857704,74.43367545617997,49.954694036494395,68.40048822656657,49.3948854102275,2.0525808845527345,available,230.20722794426842,49.99431175908515,0.0,0.0,normal,,normal,False
SOLAR_001,2026-01-18 13:15:00,solar,657.0870308016276,48.36545389949141,520.5183474412198,11.42234915039185,5.743668793689277,78.74223225737512,50.29937858059001,72.13326409366996,48.26934806885664,2.1154104347880924,available,230.13213736785298,49.97960598933821,0.0,0.0,normal,,normal,False
SOLAR_001,2026-01-18 13:30:00,solar,593.1135823665277,44.233505839446266,517.8343672128831,10.353156976627261,5.208271399841793,81.82017788799247,50.545614231039394,51.27950772166167,45.17297082445279,2.6163171845850766,available,230.35466886051964,50.01914776717311,0.0,0.0,normal,,normal,False
SOLAR_001,2026-01-18 13:45:00,solar,589.9881590027354,45.88649607487324,515.9383497381075,10.470991540613346,5.199646701596121,84.76766534398273,50.78141322751862,48.87801543963743,47.35219313132334,2.7175520018148576,available,227.92001129210993,50.02147442483071,0.0,0.0,normal,,normal,False
SOLAR_001,2026-01-18 14:00:00,solar,624.5121226596114,42.81361977021062,516.5387589555118,11.328317099355612,5.721673769633583,89.23005062605517,51.13840405008441,73.48289806993556,41.94856190290313,1.96387563736205,available,230.21307672006043,49.941312125152876,0.0,0.0,normal,,normal,False
SOLAR_001,2026-01-18 14:15:00,solar,548.5422759062582,43.48115755857307,510.4059974987621,10.111669920768977,4.9700316783044025,92.11898050091375,51.3695184400731,47.35849442214526,43.13379779842626,2.5372486257919125,available,226.48950326139922,50.05440850238873,0.0,0.0,normal,,normal,False
SOLAR_001,2026-01-18 14:30:00,solar,580.0025753317897,46.40876262580361,508.648626405676,10.240110121643285,5.043337045378636,94.91999857805116,51.59359988624409,45.71791986134923,47.74044942734076,2.684584980420812,available,231.15124721680795,49.90815981974628,0.0,0.0,normal,,normal,False
SOLAR_001,2026-01-18 14:45:00,solar,464.25005490963713,41.69664218040301,520.0228058193736,8.254203817866776,4.135297493321317,97.25872286738394,51.78069782939072,38.034482262316644,41.88585975978011,2.1658454601989776,available,227.79450161617925,49.98887590235381,0.0,0.0,normal,,normal,False
SOLAR_001,2026-01-18 15:00:00,solar,455.69599330437154,41.63144666359941,515.9907669025666,8.161178776464142,4.069386118530353,98.96308758805503,51.9170470070444,27.645149028276226,42.15295660059731,2.6341316169125886,available,232.35519566031783,50.05746576365281,0.0,0.0,normal,,normal,False
SOLAR_001,2026-01-18 15:15:00,solar,504.0505531335562,37.89697924467641,503.5348677931522,9.508303650974515,4.644451009489632,100.0,52.0,16.792103837165474,38.92995681614616,2.2611067606190303,available,225.1095274726764,50.03036957133992,0.0,1.5101548493379973,normal,,normal,False
SOLAR_001,2026-01-18 15:30:00,solar,434.6617409264152,39.8316364779948,509.8696904145675,7.899585059278381,3.896277668000071,100.0,52.0,0.0,40.728151131658834,2.3368700611685482,available,233.34884988505343,49.98215130870115,0.0,1.5594076068315226,normal,,normal,False
SOLAR_001,2026-01-18 15:45:00,solar,379.1124541048817,39.24809834071571,514.6336115939782,7.110247678966234,3.5703322409588374,100.0,52.0,0.0,39.658457894006744,2.1061599419494033,available,226.72155864644418,50.09844117567255,0.0,1.4641722990094341,normal,,normal,False
SOLAR_001,2026-01-18 16:00:00,solar,298.31564274665055,37.10557335006961,508.87994250511747,5.58261593348713,2.7588778312411826,100.0,52.0,0.0,38.5019348352476,2.425205705204278,available,227.60013074172574,49.97799632488469,0.0,0.33367212603690444,normal,,normal,False
SOLAR_001,2026-01-18 16:15:00,solar,311.3500096827025,37.842704514769586,513.8257936195735,5.736184854789981,2.8521558432330867,100.0,52.0,0.0,37.77445020618147,2.365920334121644,available,230.598114075882,49.89990245154759,0.0,0.48623550911144253,normal,,normal,False
SOLAR_001,2026-01-18 16:30:00,solar,237.8901882178874,33.893198080848094,511.85267584440834,4.637884098855727,2.301110425009234,99.71573817013024,51.97725905361042,-4.156413682341231,34.412612479105945,2.517149415710255,available,231.23742996884917,50.02263698441722,0.0,0.0,normal,,normal,False
SOLAR_001,2026-01-18 16:45:00,solar,208.81978330622275,32.861002494856564,501.00194446882034,4.035381819724766,1.973411664468541,99.11132031652507,51.928905625322,-8.845893500130508,32.68424399050473,2.4327692332084676,available,229.4332291469679,49.91107432222783,0.0,0.0,normal,,normal,False
SOLAR_001,2026-01-18 17:00:00,solar,174.82928537271752,29.872555990203146,504.6030845066551,3.4368268011667427,1.6900873738724993,98.55270033286692,51.88421602662935,-8.18266555983595,30.893107659277245,2.1146385614526877,available,231.78521210451575,49.95842757357793,0.0,0.0,normal,,normal,False
SOLAR_001,2026-01-18 17:15:00,solar,166.76341330967136,30.958323855514998,502.10944874108776,3.1673353418652117,1.5335833166308777,97.00548579166592,51.76043886333327,-22.71779523387594,30.257559217594284,2.7094663679436373,available,228.4068914944879,50.03113751325313,0.0,0.0,normal,,normal,False
SOLAR_001,2026-01-18 17:30:00,solar,79.0299067476525,26.762169101650244,497.05357066699264,1.440897810816764,0.6922798744120933,94.85204442090057,51.58816355367205,-31.724630788202884,25.07931276357067,2.3288953161937633,available,229.20061610643592,49.97695711670508,0.0,0.0,normal,,normal,False
SOLAR_001,2026-01-18 17:45:00,solar,28.212199371371693,24.1835760616983,495.49096528518174,0.5096465010011245,0.24554896169001847,92.36258961369968,51.389007169095976,-36.81693338124012,24.83850084911845,2.137534615162696,available,229.39584411503526,50.02903047538765,0.0,0.0,normal,,normal,False
SOLAR_001,2026-01-18 18:00:00,solar,0.0,24.18396426055178,496.7759138150331,0.2201169358383095,0.10626152923530686,90.13323751997078,51.21065900159766,-33.08505737411252,23.163825728021067,1.8005691204692775,available,228.9232082836435,49.942095033403014,0.0,0.0,normal,,normal,False
SOLAR_001,2026-01-18 18:15:00,solar,29.860149017003625,28.375163341243944,497.43629836194947,0.65580502155869,0.3147213019482363,88.35713127779621,51.0685705022237,-26.43192732394763,27.2559206802609,1.6645620460009087,available,226.13164285121755,50.0429240012131,0.0,0.0,normal,,normal,False
SOLAR_001,2026-01-18 18:30:00,solar,0.0,24.507841543270448,501.13291910897345,0.027391419186668042,0.013366354936428636,86.20069537365251,50.8960556298922,-32.20075243289904,25.77277147775085,1.6522576420856445,available,229.950665866983,49.91545267543691,0.0,0.0,normal,,normal,False
SOLAR_001,2026-01-18 18:45:00,solar,0.0,24.787637949146053,504.1768538928577,0.0,0.0,83.93033187666852,50.71442655013348,-34.023381019641874,25.753917500337227,1.7254762577078333,available,229.76998569259453,50.06593158039792,0.0,0.0,normal,,normal,False
SOLAR_001,2026-01-18 19:00:00,solar,49.16319676487193,24.458835542324714,502.05457982324947,1.072111966145198,0.525619941675412,81.78115816718628,50.5424926533749,-32.316807768234064,24.116334811479415,2.1589919608819113,available,232.1563655274207,49.97623218815099,0.0,0.0,normal,,normal,False
SOLAR_001,2026-01-18 19:15:00,solar,10.635877322849463,21.122248499282392,503.0014889611233,0.07976883163045928,0.0390263435193598,79.26307437802612,50.34104595024209,-38.01557245459893,18.076785372001606,1.952770023281082,available,227.4281111685922,50.07655792610341,0.0,0.0,normal,,normal,False
SOLAR_001,2026-01-18 19:30:00,solar,0.0,24.490486341854197,498.93352871411855,0.0,0.0,77.01949830070767,50.16155986405661,-33.9925198375624,25.02372648109532,1.705117818762018,available,228.7211853518606,49.957974385551665,0.0,0.0,normal,,normal,False
SOLAR_001,2026-01-18 19:45:00,solar,0.0,19.37607053610372,502.4120007864516,0.0,0.0,74.68555581752068,49.97484446540165,-35.49378304619105,20.038575408667246,1.7737962872221078,available,232.4069824510471,50.09623826408592,0.0,0.0,normal,,normal,False
SOLAR_001,2026-01-18 20:00:00,solar,1.21418218922151,21.386432223825402,499.40650007363894,0.2203452871746694,0.10643994487945205,72.55791006155361,49.80463280492429,-32.4670755202334,21.903243558689038,1.7234507194144228,available,230.5865777225687,49.95211694429864,0.0,0.0,normal,,normal,False
SOLAR_001,2026-01-18 20:15:00,solar,15.230254426300906,22.0487577822603,498.23411046698885,0.499755390981264,0.24172436986346538,70.36280590447144,49.62902447235771,-33.61498996039387,22.519611273157512,1.9100035292459119,available,231.09875937231274,49.910302565999764,0.0,0.0,normal,,normal,False
SOLAR_001,2026-01-18 20:30:00,solar,33.11103605080614,22.49472633985931,507.5884037955825,0.6144084459428515,0.30219253637330673,68.7205621306746,49.49764497045397,-25.215447499181415,22.313337167713335,1.5502978044589097,available,230.90686724667907,50.00215516380596,0.0,0.0,normal,,normal,False
SOLAR_001,2026-01-18 20:45:00,solar,6.993930263025878,19.98912301824933,490.67809617381,0.0766921959233092,0.0362867147650547,66.43510825480202,49.31480866038416,-35.22156919689105,19.57865387448174,1.7732316604282174,available,230.91574329486912,50.0616994519548,0.0,0.0,normal,,normal,False
SOLAR_001,2026-01-18 21:00:00,solar,0.0,17.74305777541754,492.5067828107706,0.0,0.0,64.14324101315019,49.13145928105202,-35.45221593544529,16.636895905804554,1.7418191036553938,available,233.64209998969537,50.03953942563143,0.0,0.0,normal,,normal,False
SOLAR_001,2026-01-18 21:15:00,solar,14.167519957767677,19.263556429303822,501.53079901653444,0.296746647058364,0.14477130459387702,62.37070524997913,48.98965641999833,-27.498196118396997,18.566159753617026,1.4918984846038779,available,230.18308131596064,50.05814856345819,0.0,0.0,normal,,normal,False
SOLAR_001,2026-01-18 21:30:00,solar,0.0,18.615533015509463,498.9400706058702,0.016235692574399267,0.007869211976960916,59.801332893750114,48.78410663150001,-40.027851806005515,18.9370176754513,1.960592202711014,available,227.97731344631453,50.04052600989408,0.0,0.0,normal,,normal,False
SOLAR_001,2026-01-18 21:45:00,solar,0.0,18.2249390515669,494.2520625993323,0.07987384514336057,0.03831431028813623,57.79026694260394,48.62322135540832,-31.433748737034037,18.562866002461913,1.566724433159229,available,231.27759497245577,49.95898660555222,0.0,0.0,normal,,normal,False
SOLAR_001,2026-01-18 22:00:00,solar,0.0,20.505340417005574,495.78155619534493,0.09184564269735888,0.04423095378078341,55.99091485101845,48.47927318808148,-28.20808769759302,21.295164966092557,1.4117385433857557,available,228.86689665154577,50.03832084475427,0.0,0.0,normal,,normal,False
SOLAR_001,2026-01-18 22:15:00,solar,0.0,16.916717180438447,496.3023768125529,0.0,0.0,53.66593687442065,48.293274949953656,-36.58859880688263,15.510285925068326,1.766983262214329,available,229.7801260471634,50.00464169761762,0.0,0.0,normal,,normal,False
SOLAR_001,2026-01-18 22:30:00,solar,0.0,18.89799552961859,503.56934614852366,0.0552086697703387,0.026992928145756274,51.60256793013763,48.12820543441101,-32.58298088409255,17.23876988492185,1.5951533258008495,available,230.74036200351145,49.96451343398968,0.0,0.0,normal,,normal,False
SOLAR_001,2026-01-18 22:45:00,solar,0.0,18.417158269709056,504.84964172425776,0.0,0.0,49.42419016137577,47.95393521291006,-34.52411354581188,18.03745315729427,1.6555671042590134,available,228.3572913695623,50.00896770437196,0.0,0.0,normal,,normal,False
SOLAR_001,2026-01-18 23:00:00,solar,5.638257492744913,19.519461227035055,506.5582502609225,0.1667542263974803,0.08243268997870679,47.784762887490366,47.82278103099923,-26.05379071002284,18.499513581589717,1.3283974181316112,available,228.97941050436046,49.99718370984422,0.0,0.0,normal,,normal,False
SOLAR_001,2026-01-18 23:15:00,solar,0.0,17.522193001665784,493.64395511116265,0.0,0.0,45.52011831624439,47.64160946529955,-36.126610613366246,17.708180458153645,1.7211298741469407,available,230.95169714214083,50.07079962576594,0.0,0.0,normal,,normal,False
SOLAR_001,2026-01-18 23:30:00,solar,0.0,18.719539723217327,494.5315058699539,0.046453917547546596,0.022223621122840945,42.933129021291954,47.43465032170336,-41.44885333463238,17.409663105677428,1.9883354852866963,available,228.90271005758186,49.97425613036238,0.0,0.0,normal,,normal,False
SOLAR_001,2026-01-18 23:45:00,solar,0.0,17.113158886393116,494.2574941019979,0.03828989239435341,0.01808664425062796,41.24851047611418,47.29988083808914,-27.067934879533855,18.29339102898318,1.298396738585736,available,231.9467706319807,49.97191911872995,0.0,0.0,normal,,normal,False
SOLAR_001,2026-01-19 00:00:00,solar,0.0,17.890108005853726,505.15542802308005,0.006810144153486233,0.0033553583543317334,39.12023889342527,47.12961911147402,-34.319954910261224,17.068047647414136,1.6208417611979058,available,228.02768480427474,49.96506806798095,0.0,0.0,normal,,normal,False
SOLAR_001,2026-01-19 00:15:00,solar,0.0,14.880091406306528,501.6688978176781,0.07918965293799364,0.038691423629751406,37.337067680474114,46.98696541443793,-28.8422567809934,16.47276564760602,1.393901545472626,available,228.02095124717687,50.09484242348213,0.0,0.0,normal,,normal,False
SOLAR_001,2026-01-19 00:30:00,solar,27.351444227565317,13.786254961635798,500.3207968658789,0.41426016045289066,0.2004815073697881,34.84852884240637,46.78788230739251,-40.422635598377255,14.310556812147661,2.091771024301278,available,233.81211173151064,49.967865678783376,0.0,0.0,normal,,normal,False
SOLAR_001,2026-01-19 00:45:00,solar,0.0,17.581307817678557,500.9185147753898,0.0,0.0,32.47145894839505,46.597716715871606,-38.76956311967237,16.52607576766772,1.8065731194485963,available,226.93954711681408,50.06484191162225,0.0,0.0,normal,,normal,False
SOLAR_001,2026-01-19 01:00:00,solar,15.856622337585563,18.043190247498483,499.772886891445,0.29908725306153966,0.1441280068499645,30.527213106387226,46.44217704851098,-31.816485225972503,20.137935262852306,1.6217548467759133,available,229.94656694200341,49.94843062499192,0.0,0.0,normal,,normal,False
SOLAR_001,2026-01-19 01:15:00,solar,0.0,17.7282410370576,495.51543181037397,0.0,0.0,28.779439492501282,46.3023551594001,-28.687697245215638,17.993693351675113,1.3283079465533183,available,233.7029676951258,50.02533119110967,0.0,0.0,normal,,normal,False
SOLAR_001,2026-01-19 01:30:00,solar,0.0,16.27248719825131,502.0526911591396,0.0,0.0,26.954382919587243,46.15635063356698,-30.050967556476387,16.438606604420066,1.3870429954146695,available,229.94281710420145,50.01312546993152,0.0,0.0,normal,,normal,False
SOLAR_001,2026-01-19 01:45:00,solar,0.0,19.369086415492948,499.25544597738525,0.0,0.0,24.65745901505218,45.97259672120418,-37.97179824391967,19.30387436311986,1.745662167446648,available,232.693541338128,50.06166842291277,0.0,0.0,normal,,normal,False
SOLAR_001,2026-01-19 02:00:00,solar,0.0,16.548702492370992,495.1987139460828,0.13223820557107627,0.063547966947532,22.980824591623268,45.83846596732986,-27.798534155007594,17.015255814307938,1.3377901287535043,available,231.30494972881002,50.05441894122952,0.0,0.0,normal,,normal,False
SOLAR_001,2026-01-19 02:15:00,solar,0.0,18.002807623042816,502.29714178143223,0.014188185680885677,0.006947333490027058,21.200997523168777,45.6960798018535,-29.601413904449366,18.52822823451545,1.359615905515441,available,229.9855962315304,50.004094502187165,0.0,0.0,normal,,normal,False
SOLAR_001,2026-01-19 02:30:00,solar,3.0604376565822693,18.50130855134167,498.29684945490965,0.16630931754994943,0.08053840276405505,19.142814829565534,45.53142518636524,-34.35470865969913,17.63633459947657,1.6447572499025198,available,229.73870947707425,49.97314620352836,0.0,0.0,normal,,normal,False
SOLAR_001,2026-01-19 02:45:00,solar,0.0,20.300001048894845,500.9099339473655,0.030112670798161635,0.01469373051558652,16.940628395318708,45.35525027162549,-36.90116756063059,20.08644959836456,1.688355420543175,available,225.76136517171452,50.081248081955096,0.0,0.0,normal,,normal,False
SOLAR_001,2026-01-19 03:00:00,solar,0.0,17.46227774382418,499.5000833548079,0.0,0.0,14.62772282965435,45.17021782637235,-38.91520374468123,17.577978701574658,1.7578082299049123,available,229.36177668022927,49.968152627416494,0.0,0.0,normal,,normal,False
SOLAR_001,2026-01-19 03:15:00,solar,17.854098114610714,17.64627580740372,503.56551508889925,0.37825979014766686,0.18358864648632672,12.743774570239587,45.01950196561917,-31.80400969892265,18.22901627205768,1.6153893236415462,available,230.4644370116624,49.88661381125628,0.0,0.0,normal,,normal,False
SOLAR_001,2026-01-19 03:30:00,solar,7.683128640385656,16.39138675734801,500.88065189691577,0.231488770787403,0.11225856934022964,10.378211284934242,44.83025690279474,-40.103006786918186,16.991076034411982,1.9100866661722928,available,230.46332581938515,49.907071727174596,0.0,0.0,normal,,normal,False
SOLAR_001,2026-01-19 03:45:00,solar,0.0,21.065671857640865,496.46519930057275,0.1201898268120164,0.05820205403743666,8.378963392159957,44.6703170713728,-34.014273865143224,21.23021365181483,1.5776304525458937,available,234.9317175143078,49.91924693254432,0.0,0.0,normal,,normal,False
SOLAR_001,2026-01-19 04:00:00,solar,2.6188748466355802,19.747840763432865,501.2880128941541,0.040143459868628405,0.01970894576208025,5.904463490910999,44.47235707927288,-42.287390380432605,19.19751780781037,1.9003288707112882,available,230.56191613229902,50.02978477726,0.0,0.0,normal,,normal,False
SOLAR_001,2026-01-19 04:15:00,solar,0.0,20.064170953140973,501.41875489789226,0.0,0.0,5.0,44.4,-15.481807502080159,19.462579042654735,1.8437942251350743,available,231.2602906415877,50.11072338008223,1.1564019720427152,0.0,normal,,normal,False
SOLAR_001,2026-01-19 04:30:00,solar,0.0,24.413726358924837,502.0453318961555,0.0,0.0,5.0,44.4,-0.0,23.222237955916917,1.9479222725614163,available,232.3299263348198,49.8980019664124,1.9479222725614163,0.0,normal,,normal,False
SOLAR_001,2026-01-19 04:45:00,solar,1.268932122380949,20.630298783701758,504.14349701892763,0.0,0.0,5.0,44.4,-0.0,21.222899948082194,2.091751850998685,available,231.08100262305558,49.96087225584177,2.091751850998685,0.0,normal,,normal,False
SOLAR_001,2026-01-19 05:00:00,solar,0.0,18.54651789234995,497.53606885929133,0.0,0.0,5.0,44.4,-0.0,17.930540798235977,1.7924649606828893,available,229.82790186652662,50.00445128973941,1.7924649606828893,0.0,normal,,normal,False
SOLAR_001,2026-01-19 05:15:00,solar,0.0,20.610123805977526,502.6717426687221,0.17855633342412344,0.08681565419860181,5.0,44.4,-0.0,20.4183693084436,1.7799938487288567,available,229.83762529892118,50.07727534828353,1.6931781945302549,0.0,normal,,normal,False
SOLAR_001,2026-01-19 05:30:00,solar,0.0,19.85904236017139,493.10073104863676,0.06052852833236372,0.029392743791322527,5.0,44.4,-0.0,20.096786267148875,1.60358446227066,available,229.29869103552744,49.960603124042386,1.5741917184793375,0.0,normal,,normal,False
SOLAR_001,2026-01-19 05:45:00,solar,0.0,21.15612115100371,499.5200607388468,0.0,0.0,5.0,44.4,-0.0,21.1600553192314,1.5667681726618683,available,230.88842205827316,50.02953999112418,1.5667681726618683,0.0,normal,,normal,False
SOLAR_001,2026-01-19 06:00:00,solar,10.20547187250702,21.839519076963118,498.9013604607694,0.09593581173435174,0.04693045050165026,5.0,44.4,-0.0,21.833907760234347,1.9648051683861043,available,229.65935855804025,49.987495537579335,1.917874717884454,0.0,normal,,normal,False
SOLAR_001,2026-01-19 06:15:00,solar,46.38081031905851,22.91335141726299,507.099443465324,1.0236360594815455,0.5054550502414769,5.0,44.4,-0.0,22.00838949795072,2.007926831979642,available,231.2498727810632,50.13035808164576,1.5024717817381652,0.0,normal,,normal,False
SOLAR_001,2026-01-19 06:30:00,solar,171.61525597344797,25.286774295762747,501.98518212849507,3.3038865831709736,1.600220151569193,5.0,44.4,-0.0,25.555636854149842,1.8415201617102581,available,227.9818253793406,50.00722701438166,0.24130001014106517,0.0,normal,,normal,False
SOLAR_001,2026-01-19 06:45:00,solar,208.7279170248042,31.14912847151755,506.333761553009,3.920394395357858,1.9277812593936683,5.016875033421368,44.40135000267371,0.3200478016826755,30.836299814089642,1.9135707049335695,available,230.29369691681728,50.017784438657266,0.0,0.0,normal,,normal,False
SOLAR_001,2026-01-19 07:00:00,solar,278.1656409344746,31.402413090019454,498.1292664105602,5.364314122656942,2.602264316785375,5.231937191269559,44.41855497530157,4.077236981949473,31.31601264256261,2.42115934175532,available,233.10413464281473,50.00421284796323,0.0,0.0,normal,,normal,False
SOLAR_001,2026-01-19 07:15:00,solar,295.8922568242693,31.516920273167376,505.02175744730886,5.717564929637355,2.7976177758640377,5.799327138014808,44.46394617104119,10.745831208482318,32.67488876423337,2.3198157154469854,available,229.55075300531038,49.979265671615316,0.0,0.0,normal,,normal,False
SOLAR_001,2026-01-19 07:30:00,solar,397.56402162921574,35.98924063054437,504.2682291775675,7.598977683979729,3.733020755848229,7.952424459160872,44.63619395673287,40.6202775260316,36.494558824477515,1.9198861696199656,available,233.68600325393356,50.0474935204451,0.0,0.0,normal,,normal,False
SOLAR_001,2026-01-19 07:45:00,solar,419.40581620542866,36.557378571522705,518.7478182975622,7.8261582194778825,3.95457155153078,10.142187819908635,44.81137502559269,41.150517030616854,35.98657296607901,2.1105603003747695,available,230.32734289465785,49.94204862233696,0.0,0.0,normal,,normal,False
SOLAR_001,2026-01-19 08:00:00,solar,390.5754708452017,35.98965618596076,507.33281297151456,7.463171257644642,3.6840119349080176,11.77833885334351,44.94226710826748,30.65736299545239,35.84074226037096,2.306200538331281,available,229.886983615708,49.89990187997945,0.0,0.0,normal,,normal,False
SOLAR_001,2026-01-19 08:15:00,solar,513.8472650518487,40.123754992568585,511.40452095103785,9.440001276079066,4.682431911414502,14.81562602316401,45.18525008185312,56.605098052893055,41.72319189708209,2.1247163999867125,available,230.23323700460773,49.99249026877382,0.0,0.0,normal,,normal,False
SOLAR_001,2026-01-19 08:30:00,solar,588.7515280382497,41.59847434314986,512.6815317892751,10.820842862046389,5.3486261447928625,18.658877818887788,45.492710225511026,71.14156419296229,41.29109189118825,2.112203579972838,available,229.37715351167242,50.04077818603312,0.0,0.0,normal,,normal,False
SOLAR_001,2026-01-19 08:45:00,solar,614.3630728874342,43.460429839206256,506.82900313825473,11.160419899093734,5.484560103907806,22.52478839598256,45.801983071678606,71.0777880244732,43.50031108238292,2.2290564600385245,available,226.03888785778716,49.97096115524001,0.0,0.0,normal,,normal,False
SOLAR_001,2026-01-19 09:00:00,solar,617.0191313693697,44.055146735550906,512.0379939815585,10.953977000576224,5.445524440776871,25.979456522942073,46.07835652183537,63.13580673819901,44.719292304208366,2.536330228600441,available,231.7603497164463,50.00932452721616,0.0,0.0,normal,,normal,False
SOLAR_001,2026-01-19 09:15:00,solar,720.463464089505,46.14465633592405,516.6558622001766,12.700368801267429,6.303317790936188,30.407299193209017,46.43258393545672,80.30372856806693,46.35984782382747,2.5746081738692874,available,234.38542632789424,49.938965183930165,0.0,0.0,normal,,normal,False
SOLAR_001,2026-01-19 09:30:00,solar,741.9813374644093,46.48027169942711,516.2099559067899,13.060542213103032,6.5454273695494924,35.15729919320901,46.81258393545672,85.44710980951268,46.107453580780096,2.209919639572602,available,230.96085854006535,50.05313316551471,0.0,0.33550772997689027,normal,,normal,False
SOLAR_001,2026-01-19 09:45:00,solar,790.7635318983723,50.68010570534066,507.42774835801913,13.920721412591593,6.848428607585913,39.90729919320901,47.192583935456724,84.75908005949894,49.936685143082535,2.466271544463008,available,231.08264192271292,50.03259548163022,0.0,0.3821570631229054,normal,,normal,False
SOLAR_001,2026-01-19 10:00:00,solar,777.3475273258582,47.66658334179214,515.0525422976704,13.631063745322162,6.764576410887653,44.65729919320901,47.57258393545672,84.082041989288,47.65648440005892,2.3884290811274473,available,229.63481462888402,50.00098641595591,0.0,0.3761473297602054,normal,,normal,False
SOLAR_001,2026-01-19 10:15:00,solar,807.1551179849745,50.028727002618226,522.0207414764413,13.869972056321132,7.0111451850224205,49.40729919320901,47.95258393545672,83.41573428835295,50.686746346982105,2.2019456351924993,available,232.3155781976613,50.008436489394576,0.0,0.8091995498299216,normal,,normal,False
SOLAR_001,2026-01-19 10:30:00,solar,895.7294189791739,52.567571472626604,520.8304823594774,15.3611816711233,7.7480797643784065,54.15729919320901,48.33258393545672,82.75990386405982,53.88847167926839,2.35633088698007,available,229.92145676308044,49.93032123683525,0.0,1.3917488773983369,normal,,normal,False
SOLAR_001,2026-01-19 10:45:00,solar,908.3778681638454,51.615397211818504,523.8107359972029,15.659220901557001,8.035551678306438,58.90729919320901,48.71258393545672,82.11430552113447,50.15004312482346,2.1732717206732697,available,230.5344401963938,49.93255533381107,0.0,1.8622799576331683,normal,,normal,False
SOLAR_001,2026-01-19 11:00:00,solar,884.6721281719244,50.967247452821944,515.3759271760881,15.215211929471582,7.614937686112672,63.65729919320901,49.09258393545672,81.47870165601596,52.73003178031851,2.6672776692607,available,226.86956706507155,49.99390042881134,0.0,0.9476600168519713,normal,,normal,False
SOLAR_001,2026-01-19 11:15:00,solar,894.3591906978195,52.10631092686953,524.7394237491808,15.07318429971723,7.7131821909141935,68.40729919320901,49.47258393545672,80.85286196529596,51.81790187414558,2.7518477847125142,available,228.9413162595111,50.02568674053627,0.0,0.9613344062016793,normal,,normal,False
SOLAR_001,2026-01-19 11:30:00,solar,923.6102365743585,52.819087362174564,519.6512730343195,15.719715744587914,7.918895158660255,73.15729919320901,49.85258393545672,80.2365631674926,53.743914030430176,2.3640355713033965,available,230.73470629636248,50.028218933547066,0.0,1.5548595873568587,normal,,normal,False
SOLAR_001,2026-01-19 11:45:00,solar,848.2256163715685,49.64695547329666,526.3260684685278,14.599877448643266,7.381768567848382,77.90729919320901,50.232583935456724,79.62958873745286,48.90942019608782,2.3192206529485087,available,231.814423469168,49.9818533562943,0.0,1.0625479148998735,normal,,normal,False
SOLAR_001,2026-01-19 12:00:00,solar,935.6556548395962,53.17562953123447,520.013217736335,15.945367174241602,8.070922267895964,82.65729919320901,50.61258393545672,79.0317286527194,51.56479010640902,2.660918887529715,available,231.869879484259,50.03726891781457,0.0,1.4100033803662493,normal,,normal,False
SOLAR_001,2026-01-19 12:15:00,solar,910.6289597486988,54.03055543349193,511.7672764939148,15.656807155417987,7.745893238115927,87.40729919320901,50.99258393545672,78.44277915123803,52.71760926340738,2.692266303653375,available,226.8416381693645,50.07103957637068,0.0,1.0536269344625513,normal,,normal,False
SOLAR_001,2026-01-19 12:30:00,solar,929.6959742188859,56.08142876131172,523.2259155127048,15.627943843085648,7.917915948731369,92.15729919320901,51.372583935456724,77.86254249981864,55.750472011606654,2.2232679072397117,available,227.04444044950384,49.99556662916679,0.0,1.6946480414916572,normal,,normal,False
SOLAR_001,2026-01-19 12:45:00,solar,948.6336941696337,55.53244181967152,517.841650896166,16.174041461327473,8.080228272437427,96.90729919320901,51.75258393545672,77.29082677279658,56.056534972242716,2.411744442430924,available,231.16827420211044,50.01548319533059,0.0,1.6684838300065028,normal,,normal,False
SOLAR_001,2026-01-19 13:00:00,solar,852.1302693321283,48.40395498574785,517.8135980803074,14.91393038993678,7.493766676642504,100.0,52.0,50.084223591756874,48.43514744272477,2.422878944255834,available,228.50638322399033,49.989607293483296,0.0,2.466508105615312,normal,,normal,False
SOLAR_001,2026-01-19 13:15:00,solar,820.3147659553208,52.454837183689236,513.126216865623,14.151435116745613,7.082302009916607,100.0,52.0,0.0,52.2046025530306,2.271963303541814,available,231.78918521208354,49.993684684551575,0.0,4.810338706374793,normal,,normal,False
SOLAR_001,2026-01-19 13:30:00,solar,883.0369102137278,52.17880910611629,524.9663886462498,15.017889880865274,7.684138804547964,100.0,52.0,0.0,53.296832424647846,2.4929421284475684,available,226.73966358183597,50.008478216147914,0.0,5.191196676100396,normal,,normal,False
SOLAR_001,2026-01-19 13:45:00,solar,829.1337414964738,52.2734606122661,515.8530501354425,14.296978848851424,7.212377792092162,100.0,52.0,0.0,52.275446433327254,2.2636036666729193,available,229.8031801125331,50.08516321445269,0.0,4.948774125419242,normal,,normal,False
SOLAR_001,2026-01-19 14:00:00,solar,817.4954701818618,51.177664649754085,523.6206511753388,13.954566406774543,7.150822301783548,100.0,52.0,0.0,51.45744932004799,2.2816592826317224,available,229.93152636551378,50.04576381886228,0.0,4.869163019151825,normal,,normal,False
SOLAR_001,2026-01-19 14:15:00,solar,772.4360424580553,49.65038052878688,514.9044195996795,13.472610555205904,6.6580312775293455,100.0,52.0,0.0,52.76140785062412,2.3538927795691373,available,230.96093419400648,50.04125922168811,0.0,4.304138497960208,normal,,normal,False
SOLAR_001,2026-01-19 14:30:00,solar,779.4652669581639,49.80043480958989,512.1560859972276,13.799814009053055,6.813448454564355,100.0,52.0,0.0,49.79239630292385,2.059196546685984,available,227.93768000770729,49.97731285668745,0.0,4.754251907878372,normal,,normal,False
SOLAR_001,2026-01-19 14:45:00,solar,732.8397436655553,48.56546631996303,520.3149128456988,12.78091953911143,6.390476643474009,100.0,52.0,0.0,47.8696212070968,1.9270372593702112,available,226.06647187734916,49.955091242560414,0.0,4.463439384103798,normal,,normal,False
SOLAR_001,2026-01-19 15:00:00,solar,697.560987193249,49.51780996445767,513.84879662773,12.344659068487756,6.173032144508097,100.0,52.0,0.0,49.99876973189117,2.501852524861612,available,230.34254552309136,50.0194767720478,0.0,3.671179619646485,normal,,normal,False
SOLAR_001,2026-01-19 15:15:00,solar,612.8328436699513,45.11161809723897,512.9326282725807,11.11674716190955,5.511317814490985,100.0,52.0,0.0,45.845707047124215,2.148640998972662,available,231.05286054509097,50.06218726569874,0.0,3.362676815518323,normal,,normal,False
SOLAR_001,2026-01-19 15:30:00,solar,534.9834540825887,44.55636393387516,507.048724819042,9.77083678885437,4.793543917228798,100.0,52.0,0.0,44.85734739215606,2.700915459658932,available,232.01490992526607,50.08617021992664,0.0,2.0926284575698664,normal,,normal,False
SOLAR_001,2026-01-19 15:45:00,solar,530.3304363593605,43.930998360105335,509.28091124160704,9.575055760718717,4.724820258180225,100.0,52.0,0.0,44.087910822374724,2.6443741898755535,available,229.2828966932317,49.87736814053672,0.0,2.0804460683046715,normal,,normal,False
SOLAR_001,2026-01-19 16:00:00,solar,461.6434378248181,41.491401735301764,511.714783294524,8.528041277404453,4.241354598924417,100.0,52.0,0.0,42.97363269795965,2.123704275656189,available,231.5513632820309,50.12231941462967,0.0,2.117650323268228,normal,,normal,False
SOLAR_001,2026-01-19 16:15:00,solar,431.83951372468124,36.731480318623,503.6490538293446,8.218090892156422,3.9841237216737717,100.0,52.0,0.0,38.08872753089863,2.666840509715076,available,230.97154754977686,50.02084934741239,0.0,1.3172832119586957,normal,,normal,False
SOLAR_001,2026-01-19 16:30:00,solar,359.1873390102516,38.915962462559754,505.49731787061455,6.967602306401692,3.394271907603887,100.0,52.0,0.0,38.79886131044778,2.3597224504418057,available,232.64481015542867,50.04544651820819,0.0,1.0345494571620812,normal,,normal,False
SOLAR_001,2026-01-19 16:45:00,solar,321.0669312923183,35.2288129722418,504.74700355643336,6.131406609393517,3.001984897826093,100.0,52.0,0.0,34.58531841035194,2.015584998797807,available,229.88922416791155,49.91300279453022,0.0,0.9863998990282856,normal,,normal,False
SOLAR_001,2026-01-19 17:00:00,solar,259.7129466856601,35.06641458875366,505.4421441209064,5.000451130538353,2.4667643633595944,100.0,52.0,0.0,35.495617431899895,1.6001006223336796,available,226.54020139441184,49.988154708161765,0.0,0.8666637410259148,normal,,normal,False
SOLAR_001,2026-01-19 17:15:00,solar,189.21053362229426,30.36748492222975,509.8200450228756,3.6601211771699336,1.809786090862442,99.45311107688832,51.956248886151066,-7.999722660418404,29.718251564247964,2.225421672427323,available,229.8646806527615,50.04114239584486,0.0,0.0,normal,,normal,False
SOLAR_001,2026-01-19 17:30:00,solar,103.55602162696954,27.490073502274985,501.4107113124691,2.034840460004237,0.9856434627988814,98.0329104207352,51.84263283365882,-20.819785564123617,28.375235170384677,2.0649959614752524,available,230.1769014969254,49.94126261206408,0.0,0.0,normal,,normal,False
SOLAR_001,2026-01-19 17:45:00,solar,70.7960932779271,30.984561694317108,498.5460599349526,1.3601030401701069,0.6504485690387756,96.10494310986215,51.688395448788974,-28.347855326932166,31.408617970544014,2.1157037253023043,available,231.036388484797,49.855584431501626,0.0,0.0,normal,,normal,False
SOLAR_001,2026-01-19 18:00:00,solar,7.6760534915689504,24.568160052749697,510.98548252809866,0.17927186454847308,0.08929351136384159,93.65107567126311,51.49208605370105,-36.217978261558976,27.238191091224166,1.9542327646991102,available,226.93463526731875,50.01677526761516,0.0,0.0,normal,,normal,False
SOLAR_001,2026-01-19 18:15:00,solar,0.0,27.084792212690516,498.2672585859063,0.05229881582957746,0.025181136530308304,91.39237031705738,51.31138962536459,-33.45487389310122,28.558089108244722,1.7417972057266629,available,229.37591037038425,49.99751086684186,0.0,0.0,normal,,normal,False
SOLAR_001,2026-01-19 18:30:00,solar,19.969635405457023,25.590554712831572,499.2373673553232,0.5146730580401994,0.24776156658461385,89.27645411438353,51.14211632915068,-31.443679484877386,24.511814214858198,1.8558578806167418,available,231.73620714312923,50.07206685439384,0.0,0.0,normal,,normal,False
SOLAR_001,2026-01-19 18:45:00,solar,0.0,23.827641817070745,498.56861452323585,0.030973726514966004,0.014846807289266486,86.59396726570921,50.927517381256735,-40.03120728878881,23.308853135461362,2.05353681228175,available,229.79182909455773,49.99200407620577,0.0,0.0,normal,,normal,False
SOLAR_001,2026-01-19 19:00:00,solar,0.0,23.93275667350469,498.8929235955615,0.0,0.0,84.20889311277628,50.7367114490221,-35.72672143030588,22.018806339100866,1.8126563562290234,available,229.38853123573583,49.995664060345874,0.0,0.0,normal,,normal,False
SOLAR_001,2026-01-19 19:15:00,solar,29.45565382214997,22.326927696145784,500.3110194520638,0.5623768239137594,0.2715701702943235,82.21981614060427,50.57758529124834,-29.88870445565356,20.18918088949838,1.7832686691450559,available,233.812652795567,50.03488387528184,0.0,0.0,normal,,normal,False
SOLAR_001,2026-01-19 19:30:00,solar,15.634474879210428,23.45654695702605,503.6831859103731,0.18099302758196853,0.08831937940768131,80.33087448479309,50.42646995878345,-28.46908894455425,23.570373824340805,1.5239150378241804,available,227.8599916263369,50.051676021779826,0.0,0.0,normal,,normal,False
SOLAR_001,2026-01-19 19:45:00,solar,0.0,21.010257275043166,501.6159508930936,0.16558622593785444,0.08006687679994413,78.04252802563893,50.24340224205111,-34.614361913206345,19.817873568751494,1.8192101857571044,available,232.46630941996864,49.96456257836703,0.0,0.0,normal,,normal,False
SOLAR_001,2026-01-19 20:00:00,solar,5.172852773583909,21.724422312150974,504.3083822534657,0.050262123726042114,0.024610718270587948,76.03199790270222,50.08255983221618,-30.50968038676412,23.365608043780178,1.5526136117024942,available,232.04249947174839,50.047224937978854,0.0,0.0,normal,,normal,False
SOLAR_001,2026-01-19 20:15:00,solar,2.78626040142909,23.20752959886796,504.1761146984297,0.15160257768038332,0.07404718121144124,73.58508809497937,49.88680704759835,-37.27741990171904,24.36544505522008,1.9336986350808019,available,229.54966707676607,49.97391330865352,0.0,0.0,normal,,normal,False
SOLAR_001,2026-01-19 20:30:00,solar,0.0,21.702501988280858,500.8342084224635,0.027609022386232206,0.013566340054164051,71.52499488860322,49.721999591088256,-31.48849301560456,21.43100755471522,1.5792371769000395,available,229.93421889383535,50.00082608018633,0.0,0.0,normal,,normal,False
SOLAR_001,2026-01-19 20:45:00,solar,0.0,18.680723420146208,501.5052478802551,0.030282019193538852,0.014601570388635344,69.38084752713324,49.55046780217066,-32.886712618398256,18.352410979803825,1.6441535651058174,available,229.92708253409566,50.03353848714037,0.0,0.0,normal,,normal,False
SOLAR_001,2026-01-19 21:00:00,solar,0.0,21.777232190370803,504.4349467050745,0.0,0.0,66.5984808671136,49.32787846936909,-42.86822639104621,23.26260514715815,2.114598661614928,available,230.36389551268707,50.0422568171939,0.0,0.0,normal,,normal,False
SOLAR_001,2026-01-19 21:15:00,solar,0.0,20.100358725999072,495.5551602879901,0.0,0.0,64.49274765383156,49.159419812306524,-32.55443713950649,21.814966018320696,1.6003572420943428,available,228.81091728512442,50.015915745320235,0.0,0.0,normal,,normal,False
SOLAR_001,2026-01-19 21:30:00,solar,4.44784616694757,19.03658824849864,509.9928448089532,0.0,0.0,62.44685813588112,48.99574865087049,-31.734917343990908,18.1039903405381,1.554876033642329,available,229.14370354714265,49.94597223364834,0.0,0.0,normal,,normal,False
SOLAR_001,2026-01-19 21:45:00,solar,20.330681633062557,21.012860790989482,497.94965947788955,0.5883577396025611,0.2843228916859303,60.52759474119993,48.842207579295994,-29.86433767535155,19.951677651485806,1.7429630716436408,available,229.28955093820437,49.906487264538235,0.0,0.0,normal,,normal,False
SOLAR_001,2026-01-19 22:00:00,solar,0.0,18.799442276228667,498.5961403137241,0.011428195048355171,0.005549038274672126,58.8859010970194,48.71087208776155,-25.614141486304394,18.49835112916891,1.2532362078518722,available,229.35340459880223,49.990602200588775,0.0,0.0,normal,,normal,False
SOLAR_001,2026-01-19 22:15:00,solar,0.0,16.98862933778859,495.15239610130493,0.11362842581876838,0.05460263037837711,56.52805043874622,48.522244035099696,-36.93082494270788,17.419821043161466,1.8465691306659955,available,229.37848753889585,50.04856424293549,0.0,0.0,normal,,normal,False
SOLAR_001,2026-01-19 22:30:00,solar,5.847329853198815,21.36442443146573,495.2713967681824,0.25959298807770026,0.1256019072597561,54.347207923218214,48.34777663385746,-34.28162424827195,20.850752775129813,1.7830422190610398,available,225.51835042192786,50.02248487206989,0.0,0.0,normal,,normal,False
SOLAR_001,2026-01-19 22:45:00,solar,0.0,18.153781549545702,503.89613627555894,0.0,0.0,52.138297672294335,48.17106381378355,-34.85021209396227,18.605995713707692,1.6787717907021475,available,230.1952981758589,50.012101650369004,0.0,0.0,normal,,normal,False
SOLAR_001,2026-01-19 23:00:00,solar,0.0,17.815744366785605,509.080773110569,0.04159514445420448,0.020450856970855687,50.99426737952618,48.079541390362095,-18.08384600519696,19.76604300556396,0.8899138794746573,available,228.94506443969215,49.999648672176676,0.0,0.0,normal,,normal,False
SOLAR_001,2026-01-19 23:15:00,solar,0.0,17.114233051675296,497.73103955676663,0.004521596194947998,0.0021996209654751324,49.01457703326576,47.92116616266126,-31.39666213570211,15.70820185451106,1.506764284123391,available,226.2663778267706,50.01545509217358,0.0,0.0,normal,,normal,False
SOLAR_001,2026-01-19 23:30:00,solar,40.35308040019774,20.311618891612316,501.3892661125101,0.7045179514561228,0.3442514170820923,47.757964993662306,47.820637199492985,-19.970983366753465,19.865943011549753,1.2992765671807187,available,229.29989797017814,49.950295441152306,0.0,0.0,normal,,normal,False
SOLAR_001,2026-01-19 23:45:00,solar,0.0,16.5841713313212,500.88066638284863,0.0,0.0,45.42140599190634,47.63371247935251,-37.280000841930494,15.197179415826607,1.7757848413345365,available,229.23808504398522,50.039010090958264,0.0,0.0,normal,,normal,False
SOLAR_001,2026-01-20 00:00:00,solar,0.0,14.921049427759117,504.000978249667,0.05828427082419216,0.028675200171231215,43.14267307443269,47.45141384595462,-36.497058294241235,14.084464615830568,1.7605122174512025,available,232.55048905416496,50.042315322921105,0.0,0.0,normal,,normal,False
SOLAR_001,2026-01-20 00:15:00,solar,0.0,16.11648654433342,508.8748578580696,0.0,0.0,40.99982378165798,47.27998590253264,-34.44513426603087,15.821810052200966,1.6285654625087833,available,228.92154008314117,49.98223672458283,0.0,0.0,normal,,normal,False
SOLAR_001,2026-01-20 00:30:00,solar,0.0,19.050047871065516,506.0838936719263,0.0,0.0,39.271892764613526,47.14175142116908,-27.856995834144502,18.32283670630465,1.3132275729537828,available,231.33558035974698,50.02185038153258,0.0,0.0,normal,,normal,False
SOLAR_001,2026-01-20 00:45:00,solar,16.196864978309094,18.66810740397318,499.04536287607704,0.31540735792849156,0.1535181750544318,37.02980422399629,46.9623843379197,-36.28408810353393,19.188084970321185,1.8575054659235324,available,232.76562400677145,49.9141725267815,0.0,0.0,normal,,normal,False
SOLAR_001,2026-01-20 01:00:00,solar,14.63863821695351,16.983442476434046,502.11507054283857,0.5111515730266423,0.24811190116366738,35.365634159256345,46.829250732740505,-27.008103469784867,17.13439875955797,1.5128811503660218,available,228.74386258195682,50.00900239579857,0.0,0.0,normal,,normal,False
SOLAR_001,2026-01-20 01:15:00,solar,0.0,19.07487024979049,502.5122313709689,0.0,0.0,32.81963987622041,46.62557119009763,-41.49988098201064,19.373889330422255,1.9349556551073157,available,229.90500558027648,49.993343736952916,0.0,0.0,normal,,normal,False
SOLAR_001,2026-01-20 01:30:00,solar,0.0,18.18179931361615,499.9196374753295,0.05017239386320512,0.02435432428834523,30.697301324307112,46.455784105944566,-34.72069905817618,17.875101533983493,1.6373316237424507,available,233.4573835498194,50.06296164534353,0.0,0.0,normal,,normal,False
SOLAR_001,2026-01-20 01:45:00,solar,0.0,16.73461899172548,495.61625546601306,0.0,0.0,28.46339491628919,46.277071593303134,-36.68704201973117,16.520011004516416,1.6977688700936198,available,230.45795231029848,49.99006786214075,0.0,0.0,normal,,normal,False
SOLAR_001,2026-01-20 02:00:00,solar,0.0,16.989654433324905,496.8048951257479,0.0,0.0,26.465726901309587,46.11725815210477,-32.921031132793075,16.638963885724806,1.5182276913844965,available,230.74749968413786,50.04343322566905,0.0,0.0,normal,,normal,False
SOLAR_001,2026-01-20 02:15:00,solar,0.0,17.865465691452414,504.5926106037169,0.0,0.0,23.95621401970404,45.91649712157632,-41.536918309998924,17.616807961497457,1.9072297900202164,available,229.18549215206335,49.98044137444087,0.0,0.0,normal,,normal,False
SOLAR_001,2026-01-20 02:30:00,solar,0.0,16.28501284792527,505.0052319832882,0.06607617125197507,0.03256212036842071,21.677114475810296,45.73416915806482,-37.87355680110353,16.704022159132343,1.764677773727666,available,231.37410166086448,49.885694964271245,0.0,0.0,normal,,normal,False
SOLAR_001,2026-01-20 02:45:00,solar,4.54408766266307,17.842250599101785,499.16973054064323,0.16621214965819242,0.08070634104417193,19.217188049371856,45.53737504394975,-41.05515705041954,15.91875991354322,1.9502504251373844,available,229.92071477262883,49.988723183959486,0.0,0.0,normal,,normal,False
SOLAR_001,2026-01-20 03:00:00,solar,13.557817166901572,18.739537649601406,501.0442215762404,0.29593027833227004,0.14338264931645076,17.146230761399472,45.37169846091196,-34.68963235341433,19.027478976132883,1.7173101881754615,available,226.33579412424027,50.009837862755674,0.0,0.0,normal,,normal,False
SOLAR_001,2026-01-20 03:15:00,solar,0.0,15.649263355969373,504.78905528531857,0.10823742165318781,0.05340840166991526,14.987706748657507,45.199016539892604,-36.2945562816839,14.780532792388698,1.6938866513538091,available,229.28953493203437,50.00754187518442,0.0,0.0,normal,,normal,False
SOLAR_001,2026-01-20 03:30:00,solar,0.0,18.16254613410951,493.1829245118668,0.12863715794260494,0.06183640196595717,12.641329133447137,45.01130633067577,-39.61775680224094,17.823688494010685,1.845083389525838,available,227.63364241956043,50.00829752526367,0.0,0.0,normal,,normal,False
SOLAR_001,2026-01-20 03:45:00,solar,0.0,18.282537069598625,498.21459027664457,0.08193015197500578,0.03942525969465387,10.010965663361917,44.800877253068954,-44.62136368385121,16.721004171095124,2.0385014969594204,available,230.2244819285451,49.97467728988172,0.0,0.0,normal,,normal,False
SOLAR_001,2026-01-20 04:00:00,solar,15.595153206436791,20.98223339179557,508.0714855259306,0.2581294575178824,0.1271140682248901,7.575133040700148,44.60601064325601,-41.50186861650745,20.62356168700897,1.9783468614478343,available,228.16632180588223,49.98381362121275,0.0,0.0,normal,,normal,False
SOLAR_001,2026-01-20 04:15:00,solar,4.505819277428337,16.730479285518676,501.19723086481326,0.14220092306967871,0.0693167927333951,5.260267174780531,44.42082137398244,-39.6052572573397,17.00836331863705,1.828614850832304,available,230.95625693138496,49.943682807770976,0.0,0.0,normal,,normal,False
SOLAR_001,2026-01-20 04:30:00,solar,9.09481528678987,19.393781349553134,495.4831356611863,0.23804581480005646,0.11419443609965255,5.0,44.4,-4.4550237124595435,19.850865706521393,1.4563487539101296,available,230.08952684186758,49.90016971672454,1.1443512649772734,0.0,normal,,normal,False
SOLAR_001,2026-01-20 04:45:00,solar,0.0,19.388376397815904,500.46912917429484,0.0,0.0,5.0,44.4,-0.0,18.20204488025509,2.0174294484878423,available,227.50398199284228,49.994677049831004,2.0174294484878423,0.0,normal,,normal,False
SOLAR_001,2026-01-20 05:00:00,solar,32.12906621184249,22.74333310117846,504.0857423690731,0.4874545752262481,0.2383924545494003,5.0,44.4,-0.0,23.15217171911925,1.5957904702130672,available,229.01492376877263,49.96273984587509,1.357398015663667,0.0,normal,,normal,False
SOLAR_001,2026-01-20 05:15:00,solar,0.0,20.83865931441965,489.8138682506857,0.0,0.0,5.0,44.4,-0.0,21.97843542338322,1.91921050632321,available,231.24112540326217,50.053991778949985,1.91921050632321,0.0,normal,,normal,False
SOLAR_001,2026-01-20 05:30:00,solar,3.027704528002606,24.09105055512299,500.70514326876435,0.06766437584094688,0.032485274626511844,5.0,44.4,-0.0,23.597360515570188,1.9181099760268618,available,232.29598607162794,49.890900815682656,1.88562470140035,0.0,normal,,normal,False
SOLAR_001,2026-01-20 05:45:00,solar,15.378923892210695,23.127716913042715,498.5103417816301,0.34070100135216713,0.16495076032991907,5.0,44.4,-0.0,23.12863002809913,1.6870148952333128,available,228.19515753745213,50.01455093995722,1.5220641349033937,0.0,normal,,normal,False
SOLAR_001,2026-01-20 06:00:00,solar,0.0,21.572932192998074,493.4320074942522,0.0,0.0,5.0,44.4,-0.0,19.504385626822373,2.0745006179747665,available,227.8051190101179,50.1060743632437,2.0745006179747665,0.0,normal,,normal,False
SOLAR_001,2026-01-20 06:15:00,solar,42.88364490246551,24.065946913287178,501.6357716051241,0.9623322677790429,0.465861182041077,5.0,44.4,-0.0,23.168912857646664,2.46029495619502,available,233.9019698806021,49.99085767842413,1.9944337741539429,0.0,normal,,normal,False
SOLAR_001,2026-01-20 06:30:00,solar,120.70867976592463,25.57293043455357,502.06460291735925,2.4138953254775575,1.164838274702478,5.0,44.4,-0.0,25.84345065175171,1.9962156802630395,available,229.98046410701,49.9998625954659,0.8313774055605616,0.0,normal,,normal,False
SOLAR_001,2026-01-20 06:45:00,solar,232.47185595955548,30.64306863011352,503.805445431532,4.644088359996317,2.2502410271566626,5.01101340909805,44.40088107272784,0.2088798587484684,31.598536034319448,2.2409665773898837,available,230.18293787064394,50.02131733849858,0.0,0.0,normal,,normal,False
SOLAR_001,2026-01-20 07:00:00,solar,226.14375157976227,27.65529721955754,503.7833384210714,4.478006679172148,2.193075969121381,5.0,44.4,-0.18851781339004192,27.05601942878158,2.5876065380445556,available,228.5212178897967,50.025225972860284,0.386160378008657,0.0,normal,,normal,False
SOLAR_001,2026-01-20 07:15:00,solar,310.21917481968296,30.977757310246076,502.3434390982467,5.921642924889112,2.882151019045992,5.670914481331131,44.45367315850649,12.70942479473559,33.647143382002845,2.3171704031881974,available,230.43044045708078,49.979574633171964,0.0,0.0,normal,,normal,False
SOLAR_001,2026-01-20 07:30:00,solar,324.31547659620816,33.70510513827794,501.8344573129088,6.283228996750383,3.054472724232102,6.871754667755368,44.54974037342043,22.69898393847176,34.018994778479446,2.043238883032745,available,233.43019135308035,49.94958518949759,0.0,0.0,normal,,normal,False
SOLAR_001,2026-01-20 07:45:00,solar,396.6131118249738,37.119594722822676,506.08301404328154,7.523202597715873,3.6680935022588796,8.559976668772856,44.68479813350183,31.81530837821797,35.846237847068515,2.2464328698231,available,230.50873053771386,50.032636039877524,0.0,0.0,normal,,normal,False
SOLAR_001,2026-01-20 08:00:00,solar,396.4645513683147,32.42039420571671,513.4370084563043,7.439252218072316,3.692474417285747,10.18841724581122,44.815073379664895,30.599489797692218,33.70757691696075,2.321156036621863,available,232.12992649827868,49.904596930629154,0.0,0.0,normal,,normal,False
SOLAR_001,2026-01-20 08:15:00,solar,507.45954548791985,40.99827171830575,512.043685835299,9.135454467312337,4.5462240428566645,12.574644834281093,45.00597158674249,44.64862640438987,39.74532858732501,2.536769231513613,available,230.05796771307266,50.04161141600252,0.0,0.0,normal,,normal,False
SOLAR_001,2026-01-20 08:30:00,solar,465.2994606228509,38.1010678494849,511.8985352623881,8.623139769335895,4.280597827866188,14.66921091034411,45.173536872827526,39.04598220082303,38.42949487488277,2.5167527111815415,available,227.9483936187521,49.98041007379659,0.0,0.0,normal,,normal,False
SOLAR_001,2026-01-20 08:45:00,solar,617.4776313194022,39.70714917161232,509.0278437057154,11.318596275847671,5.612335339832894,19.264368565841657,45.54114948526733,84.96945049633855,38.77790810891744,1.7427288930981173,available,228.633526661414,50.00015425770436,0.0,0.0,normal,,normal,False
SOLAR_001,2026-01-20 09:00:00,solar,648.5260607460841,39.210559755818096,512.6464758923141,12.040789408124244,6.0172741734671495,23.860370041783927,45.90882960334272,84.30441520318419,37.8531253064604,2.1469571410947115,available,227.76439564939034,49.973719606437584,0.0,0.0,normal,,normal,False
SOLAR_001,2026-01-20 09:15:00,solar,583.6574732313743,40.18634936320916,517.9854263830084,10.544062763604408,5.290933011788708,27.38321994278217,46.19065759542257,64.22533467546639,41.14850155275289,2.3243225688428195,available,230.43557316717337,50.07154413117608,0.0,0.0,normal,,normal,False
SOLAR_001,2026-01-20 09:30:00,solar,648.8678797194408,44.45346971227897,517.8862018557667,11.720720816566338,5.831683837102216,31.750526985475624,46.54004215883805,79.0229676614139,44.19369274883291,2.153951590623517,available,232.4477775873,50.01245053537123,0.0,0.0,normal,,normal,False
SOLAR_001,2026-01-20 09:45:00,solar,664.3430166062619,45.1251490641437,514.72059676696,11.661515355771398,5.799640968352624,36.500526985475624,46.92004215883805,85.25141530049848,46.850821118703955,1.6341430137180173,available,230.32202188430165,49.98391310066939,0.0,0.16549795463460626,normal,,normal,False
SOLAR_001,2026-01-20 10:00:00,solar,740.8843429154048,48.42165669325492,506.87489946981754,13.260616509566674,6.516546370747233,41.250526985475624,47.30004215883805,84.56652081974089,47.40372310524247,2.244587734152862,available,229.38443636273948,49.98250485521791,0.0,0.2719586365943707,normal,,normal,False
SOLAR_001,2026-01-20 10:15:00,solar,773.2556602214363,47.77003939154731,515.2380643100074,13.77954047321416,6.859187152172383,46.000526985475624,47.68004215883805,83.89254327155736,46.210398689906555,2.4028706121921775,available,228.42072049542526,49.992592143266606,0.0,0.4563165399802056,normal,,normal,False
SOLAR_001,2026-01-20 10:30:00,solar,732.1566909473936,46.195329836054235,516.5468125797831,12.886188491191799,6.421530424687113,50.750526985475624,48.06004215883805,83.2292237027182,45.71566435180848,2.310688853067791,available,230.71089172569035,50.11984700882669,0.0,0.1108415716193214,normal,,normal,False
SOLAR_001,2026-01-20 10:45:00,solar,818.5057037851142,49.66330029925433,515.310178839091,14.301318341718238,7.151096702306333,55.500526985475624,48.44004215883805,82.57631128568674,52.55380909898731,2.2267299072575293,available,227.52373589441277,49.93414558215102,0.0,0.9243667950488037,normal,,normal,False
SOLAR_001,2026-01-20 11:00:00,solar,822.7295841474876,50.68083286054562,517.6658133932225,14.221547237015878,7.230608117980782,60.250526985475624,48.82004215883805,81.9335630023799,51.514748467912675,2.4429595467870464,available,227.73179784347388,50.05414410904829,0.0,0.7876485711937349,normal,,normal,False
SOLAR_001,2026-01-20 11:15:00,solar,812.7104752045154,50.942030263274624,522.8819061208454,13.864664076826223,7.014398723922146,65.00052698547563,49.20004215883805,81.3007433425839,51.495923277011194,2.50997101123188,available,231.80032653528116,50.0284052643545,0.0,0.5044277126902657,normal,,normal,False
SOLAR_001,2026-01-20 11:30:00,solar,835.366271018399,50.16756645413037,519.6797114156501,14.47993491253564,7.299074975568539,69.75052698547563,49.58004215883805,80.67762401623871,50.754505664286285,2.35243076482512,available,229.4445298753188,50.07699058762061,0.0,0.9466442107434183,normal,,normal,False
SOLAR_001,2026-01-20 11:45:00,solar,934.0691574963652,55.33240989437791,523.9159626563918,15.541839403849124,7.844922187006373,74.50052698547563,49.96004215883805,80.06398367885265,54.84756645271617,2.723385279952106,available,229.40509161396665,50.03145333975958,0.0,1.1215369070542671,normal,,normal,False
SOLAR_001,2026-01-20 12:00:00,solar,879.8962846904285,51.82679274369814,513.9665116574184,15.271856082436795,7.662544577600664,79.25052698547563,50.34004215883805,79.45960766935377,54.55614301739671,2.461542883175895,available,229.6618679673745,50.00016815001834,0.0,1.2010016944247681,normal,,normal,False
SOLAR_001,2026-01-20 12:15:00,solar,869.664559412917,51.30253490465818,518.7369222329522,15.050924031459543,7.6073935589581065,84.00052698547563,50.72004215883805,78.86428775972524,51.76062032857803,2.2747337815303954,available,231.45174213349188,50.05100138143102,0.0,1.3326597774277111,normal,,normal,False
SOLAR_001,2026-01-20 12:30:00,solar,889.4061068600521,52.361679436915544,512.0728087840962,15.446788925206569,7.704450478035688,88.75052698547563,51.10004215883805,78.2778219158118,52.72599572050084,2.2212427231482477,available,230.33100534604873,50.011488441217466,0.0,1.4832077548874398,normal,,normal,False
SOLAR_001,2026-01-20 12:45:00,solar,780.7798314617063,52.1167685127668,517.9093954887171,13.343837989517542,6.750559152666801,93.50052698547563,51.48004215883805,77.7000140687197,53.1016314622803,2.3987594155297214,available,228.51383711666818,50.037747801530315,0.0,0.35179973713708,normal,,normal,False
SOLAR_001,2026-01-20 13:00:00,solar,818.9092632643128,51.27353690219683,515.1358867045906,14.326270762976932,7.142808061757562,98.25052698547563,51.86004215883805,77.13067389626708,50.00029367854979,2.657350752537572,available,228.585815566103,50.071410973190964,0.0,0.4854573092199903,normal,,normal,False
SOLAR_001,2026-01-20 13:15:00,solar,830.6488585440338,50.70946367166641,524.0636139236155,14.289830029120742,7.252792865837518,100.0,52.0,28.331546793916914,49.83011675250822,2.261380816444171,available,229.60977837830592,50.004625998691125,0.0,3.518171616109667,normal,,normal,False
SOLAR_001,2026-01-20 13:30:00,solar,823.0740361732807,52.906126559621505,520.1164386735998,13.95827575230323,7.104198794998829,100.0,52.0,0.0,52.66061266946223,2.5349216864294193,available,230.60443948538727,49.978780750917416,0.0,4.569277108569409,normal,,normal,False
SOLAR_001,2026-01-20 13:45:00,solar,807.2990705533832,54.26209653658031,521.9967728130258,13.531414678603282,6.873800065406558,100.0,52.0,0.0,55.25342475501377,2.422504115692572,available,229.92898011300414,49.967809406787545,0.0,4.451295949713986,normal,,normal,False
SOLAR_001,2026-01-20 14:00:00,solar,696.2831734069472,48.483084070660574,515.603116774597,12.143449598429957,6.003889484047201,100.0,52.0,0.0,47.185031057922416,2.788358025603933,available,229.75101962765382,50.02252702037984,0.0,3.2155314584432677,normal,,normal,False
SOLAR_001,2026-01-20 14:15:00,solar,685.2458934392133,49.61042193374423,512.5505198575843,12.106426058751156,6.033111494116641,100.0,52.0,0.0,49.5430675147074,2.4522116182682594,available,230.0925671181203,49.9560915795527,0.0,3.5808998758483814,normal,,normal,False
SOLAR_001,2026-01-20 14:30:00,solar,721.7839671992075,50.06587283342138,511.66081482767095,12.719231809321546,6.293766277585398,100.0,52.0,0.0,49.85702331305528,2.2173637552458842,available,229.92755118981162,49.98250975178597,0.0,4.076402522339514,normal,,normal,False
SOLAR_001,2026-01-20 14:45:00,solar,565.4532093246205,43.50597979635683,516.098553272663,10.221818233579734,5.140893006930687,100.0,52.0,0.0,41.931593988731144,2.485601819118477,available,228.4392341948721,49.951621561914884,0.0,2.6552911878122103,normal,,normal,False
SOLAR_001,2026-01-20 15:00:00,solar,670.158087626592,46.85608128787022,521.3827816005047,11.698491770449879,5.928858983198805,100.0,52.0,0.0,46.34714964886333,2.4722024497131407,available,232.21410182467756,50.025416955920946,0.0,3.4566565334856643,normal,,normal,False
SOLAR_001,2026-01-20 15:15:00,solar,478.11395346320944,39.849319178142075,514.8364454700833,8.645301229117791,4.278653620639936,100.0,52.0,0.0,40.39157129631511,2.2173034143358685,available,229.03537708961633,49.962392211471055,0.0,2.0613502063040676,normal,,normal,False
SOLAR_001,2026-01-20 15:30:00,solar,521.584201203862,42.285665012592744,510.6761576630241,9.59736825735772,4.760700612097711,100.0,52.0,0.0,40.80239536690126,2.0411435021879223,available,230.2584411013681,49.93566335438096,0.0,2.719557109909789,normal,,normal,False
SOLAR_001,2026-01-20 15:45:00,solar,521.9647657436452,41.37271224225539,510.35632123988574,9.503430982447808,4.709739858790509,100.0,52.0,0.0,42.78404683596435,2.3572136431041355,available,225.87932950792327,49.94446122885406,0.0,2.3525262156863733,normal,,normal,False
SOLAR_001,2026-01-20 16:00:00,solar,421.1411898535958,38.873948278882274,509.8747986729928,7.819613105530829,3.8746586158081717,100.0,52.0,0.0,39.34199366431475,2.2377030353530003,available,229.56965142388339,49.97144558195379,0.0,1.6369555804551714,normal,,normal,False
SOLAR_001,2026-01-20 16:15:00,solar,351.6613161770198,36.282111063055474,516.9523440450927,6.345686747675737,3.1914449846104826,100.0,52.0,0.0,36.62811771438688,1.8957198922510399,available,227.80082167317394,49.97598495905516,0.0,1.2957250923594428,normal,,normal,False
SOLAR_001,2026-01-20 16:30:00,solar,317.0613850073761,35.7572194159521,512.5881029106413,5.863763431722876,2.9380066020029894,100.0,52.0,0.0,35.765407493902174,2.223111744362413,available,228.04195646060143,50.012572632277674,0.0,0.7148948576405765,normal,,normal,False
SOLAR_001,2026-01-20 16:45:00,solar,302.97200139239663,36.261640695344504,507.46862532266465,5.8007750829563385,2.861491865035847,100.0,52.0,0.0,35.16931872227093,2.017249179782181,available,234.84437189393356,49.99191883556534,0.0,0.8442426852536657,normal,,normal,False
SOLAR_001,2026-01-20 17:00:00,solar,205.30186033726432,32.45330864277162,505.6153087732749,3.8685493020052024,1.8975417640286716,100.0,52.0,0.0,31.803611792395934,1.8133481619236385,available,230.49905180126171,50.01851553968788,0.0,0.08419360210503313,normal,,normal,False
SOLAR_001,2026-01-20 17:15:00,solar,196.28191674855208,29.20650895361373,505.09922000180205,3.901249130698827,1.9227128091904873,99.8754545170538,51.990036361364304,-1.820628983238246,29.56836366662085,2.0173673762295974,available,232.45204435609773,50.02253062622709,0.0,0.0,normal,,normal,False
SOLAR_001,2026-01-20 17:30:00,solar,105.09656292180358,28.187017252252993,504.5876265215333,1.8252862607639675,0.9037143662980811,98.0180779814718,51.84144623851775,-27.22929758841303,27.535362047774914,2.315320533340396,available,231.71060716664158,50.03702497557143,0.0,0.0,normal,,normal,False
SOLAR_001,2026-01-20 17:45:00,solar,29.940954779694614,24.71950109777712,499.6552707727005,0.5439268169679922,0.2648660948758168,95.37837059555686,51.630269647644546,-38.85661699980845,24.908250171186573,2.271043708171176,available,231.96648576399613,49.904608771159666,0.0,0.0,normal,,normal,False
SOLAR_001,2026-01-20 18:00:00,solar,35.58555662603724,27.067462570341227,496.6236842104935,0.6933720091483834,0.3343696430645533,92.93760641485038,51.43500851318803,-36.064556630943294,26.168581251096377,2.1893504204014733,available,229.6018566768138,49.9436388314325,0.0,0.0,normal,,normal,False
SOLAR_001,2026-01-20 18:15:00,solar,0.0,26.120608300194178,504.12888104221946,0.17282686718324244,0.08470163019095649,90.38535175738471,51.23082814059077,-37.862232762484794,26.572038213197832,2.0244151698648603,available,233.21280402382305,50.02774433614772,0.0,0.0,normal,,normal,False
SOLAR_001,2026-01-20 18:30:00,solar,0.0,25.29850567832161,500.0879309222879,0.0,0.0,87.67426931768472,51.01394154541478,-40.38940320535163,25.824586276317515,2.0604226541719965,available,231.693374597153,50.01057061709816,0.0,0.0,normal,,normal,False
SOLAR_001,2026-01-20 18:45:00,solar,0.0,23.27671531466192,503.7949117432599,0.06659389364665082,0.03254628126230653,85.17506933067678,50.81400554645414,-37.37930064162355,21.649026658762253,1.9319382713883426,available,230.0826699036046,50.04884664767773,0.0,0.0,normal,,normal,False
SOLAR_001,2026-01-20 19:00:00,solar,1.2092599737716612,24.40051239304112,506.5846349951058,0.1282474472513338,0.06372247677649948,83.07138671530247,50.645710937224194,-31.568295875364406,24.467820929542103,1.662521264460972,available,230.52657924891523,49.92279911857408,0.0,0.0,normal,,normal,False
SOLAR_001,2026-01-20 19:15:00,solar,0.0,22.83700671173569,502.08245893639827,0.0,0.0,80.86842374050893,50.46947389924071,-33.173554853883246,21.315338783845345,1.6742518608430905,available,229.726535167075,49.97624227135028,0.0,0.0,normal,,normal,False
SOLAR_001,2026-01-20 19:30:00,solar,0.0,21.37897847983426,501.4341939182803,0.0,0.0,78.62321812166134,50.28985744973291,-33.93042567340249,19.517937502777556,1.7063562703241688,available,230.10447836973276,49.98518100317828,0.0,0.0,normal,,normal,False
SOLAR_001,2026-01-20 19:45:00,solar,0.0,23.7472626254505,512.8009719220682,0.013809331647817861,0.00686453928875972,75.89377421976666,50.07150193758133,-41.428303229766406,23.153370374938127,2.0812419047287154,available,229.91279852982652,50.00832818939943,0.0,0.0,normal,,normal,False
SOLAR_001,2026-01-20 20:00:00,solar,3.1467478863745253,23.493977012027372,500.8280805131193,0.0,0.0,73.27490823789286,49.86199265903143,-39.91693953818715,26.29089457420669,1.990338146224089,available,230.763067262473,50.00179386872677,0.0,0.0,normal,,normal,False
SOLAR_001,2026-01-20 20:15:00,solar,0.0,23.173266964503128,495.6378127686146,0.0,0.0,71.25646365568784,49.70051709245503,-30.865229824916476,23.94865491752804,1.5340178824758142,available,233.4799476028209,50.023453889100864,0.0,0.0,normal,,normal,False
SOLAR_001,2026-01-20 20:30:00,solar,33.85577352614129,21.25508741154922,498.87509907131204,0.8167070566680741,0.39409789184319943,69.48983511860084,49.55918680948807,-27.091600460422992,22.647191455206222,1.7367355800293156,available,227.58957176608254,49.99426730194134,0.0,0.0,normal,,normal,False
SOLAR_001,2026-01-20 20:45:00,solar,0.0,22.67302263750661,506.20673884698215,0.05162463977217127,0.025424226717953687,67.38806047657917,49.391044838126334,-32.340857197323984,23.281439176030304,1.6227729546544234,available,232.2847095270176,50.068616813547735,0.0,0.0,normal,,normal,False
SOLAR_001,2026-01-20 21:00:00,solar,10.451207150045736,20.020906801759043,494.8233305988798,0.19957831875902013,0.09583841037933397,65.34208227891261,49.22736658231301,-31.586971600980615,20.226350186061868,1.6507818406059172,available,229.26353103257748,50.08456046390861,0.0,0.0,normal,,normal,False
SOLAR_001,2026-01-20 21:15:00,solar,0.0,21.091260351170558,496.9901615833881,0.011375714307526725,0.005455118801236189,63.303913326224745,49.06431306609798,-31.570979134182533,21.9866519679049,1.554463522844015,available,232.53932629652962,49.94410516233003,0.0,0.0,normal,,normal,False
SOLAR_001,2026-01-20 21:30:00,solar,0.0,18.972301004288944,504.42570722387404,0.05758086445740506,0.028387539325614653,60.80951624450819,48.864761299560655,-38.79568285380389,18.33272963562643,1.9241293214301998,available,229.33310927397167,50.00225556051318,0.0,0.0,normal,,normal,False
SOLAR_001,2026-01-20 21:45:00,solar,0.0,19.048606048680863,498.9135174299479,0.07740922233266281,0.03767239981555025,58.724799182306114,48.69798393458449,-32.534919092376924,19.519120665411638,1.6220573670891276,available,230.8255073530805,50.03989971376536,0.0,0.0,normal,,normal,False
SOLAR_001,2026-01-20 22:00:00,solar,26.455027761153815,16.07986143963923,499.55901685209403,0.4927723501493204,0.24073599214590882,56.8658729493175,48.5492698359454,-29.100003807376257,17.256959252064064,1.6535199292172573,available,229.68231150240928,50.029266399085465,0.0,0.0,normal,,normal,False
SOLAR_001,2026-01-20 22:15:00,solar,0.0,18.284251526021787,504.2934912805225,0.15216545224316141,0.07452488440725462,54.804380813620526,48.38435046508964,-32.38100766197395,18.983673248031565,1.641258907536955,available,226.53881575324348,49.979607818783215,0.0,0.0,normal,,normal,False
SOLAR_001,2026-01-20 22:30:00,solar,13.645439764921642,18.924297562261934,497.13271529738415,0.4135475832690204,0.19938366052984322,53.25264855724174,48.26021188457934,-24.436621158406115,20.167077527298602,1.3787001753777168,available,233.47795375258798,50.01274324426234,0.0,0.0,normal,,normal,False
SOLAR_001,2026-01-20 22:45:00,solar,0.0,17.564638287836424,494.12559019391176,0.06853092045763444,0.03296611799844793,51.19656163185114,48.095724930548094,-32.48991600715753,17.747238447465087,1.595592181295308,available,228.11449277295605,49.92082708426944,0.0,0.0,normal,,normal,False
SOLAR_001,2026-01-20 23:00:00,solar,0.0,20.57210427563664,494.4444561165499,0.0,0.0,48.857355391683654,47.90858843133469,-37.108101088708274,22.264184927467173,1.7777967425272876,available,230.16776572231262,49.9990429060776,0.0,0.0,normal,,normal,False
SOLAR_001,2026-01-20 23:15:00,solar,0.0,15.978191681283265,502.3271217736385,0.0,0.0,46.41895431153275,47.71351634492262,-38.83982910666135,15.769959927465973,1.8531848209146875,available,227.89515642764985,49.9269848147749,0.0,0.0,normal,,normal,False
SOLAR_001,2026-01-20 23:30:00,solar,23.109212282927405,17.265201723838288,501.0365283753232,0.44290530579117654,0.21505945976945337,44.959444628547956,47.59675557028384,-23.30468423274147,19.382894153847108,1.324286818837897,available,227.3259966970251,50.02539894820161,0.0,0.0,normal,,normal,False
SOLAR_001,2026-01-20 23:45:00,solar,0.0,16.01418017855548,497.2297339468827,0.006110364434772734,0.0029249122625174544,43.32218367486063,47.46577469398885,-26.215064071417082,16.587787600949635,1.2472432370648827,available,229.59012032062174,49.94420210259504,0.0,0.0,normal,,normal,False
SOLAR_001,2026-01-21 00:00:00,solar,0.0,16.39285374748332,495.36483351677145,0.0,0.0,41.26635878537602,47.301308702830084,-33.03136760600501,16.008907491656565,1.5624269160083044,available,228.81297747585947,50.0081516587384,0.0,0.0,normal,,normal,False
SOLAR_001,2026-01-21 00:15:00,solar,0.0,18.681622631588446,498.9177074994045,0.04957662617595574,0.023938081153578372,38.96522336624963,47.11721786929997,-37.11727894009546,17.502492447458966,1.7728009996896354,available,227.66236995738714,50.015959779521076,0.0,0.0,normal,,normal,False
SOLAR_001,2026-01-21 00:30:00,solar,0.0,19.276933661873773,504.4660691450019,0.12760642812216658,0.0623638506071038,36.908111191734605,46.95264889533877,-33.29748777574563,18.468942628803212,1.625769103238523,available,229.92913477054563,50.00379319445467,0.0,0.0,normal,,normal,False
SOLAR_001,2026-01-21 00:45:00,solar,0.0,15.963798620951364,496.656728184683,0.058035470689980675,0.028011423935204297,34.71509222449868,46.7772073779599,-35.630481350295454,15.0044369546948,1.6947058390345073,available,227.03618655380433,49.96840235685341,0.0,0.0,normal,,normal,False
SOLAR_001,2026-01-21 01:00:00,solar,0.0,15.915488685915195,497.34926391218977,0.0,0.0,33.013403311355766,46.64107226490846,-27.728427139134357,15.826769479534013,1.2932835739886146,available,230.25094759682904,49.98948158748882,0.0,0.0,normal,,normal,False
SOLAR_001,2026-01-21 01:15:00,solar,0.0,15.279294564438905,495.2379137306145,0.0,0.0,31.0930296996805,46.48744237597444,-31.395229986399332,14.005336228725707,1.4594839448732035,available,229.74534636200505,50.05905358341049,0.0,0.0,normal,,normal,False
SOLAR_001,2026-01-21 01:30:00,solar,0.0,19.019314050162283,498.5303484435913,0.030073629931479183,0.014517609250003422,29.605511094468213,46.368440887557455,-24.381111771750348,20.312072498856203,1.1450317492113407,available,225.03918793099746,49.97876958000692,0.0,0.0,normal,,normal,False
SOLAR_001,2026-01-21 01:45:00,solar,0.0,18.816009647551844,501.3523159628663,0.0,0.0,27.542472072808874,46.20339776582471,-33.93494271585444,18.926732521956172,1.5679096564610986,available,228.95378019390031,50.001071505347284,0.0,0.0,normal,,normal,False
SOLAR_001,2026-01-21 02:00:00,solar,21.60756719838361,17.619735695952933,508.46067662817234,0.4810726260964499,0.23625297968952988,26.304061940652534,46.1043249552522,-20.414390653204823,17.68988537481063,1.1774446801283482,available,230.9368200204535,49.97216055977706,0.0,0.0,normal,,normal,False
SOLAR_001,2026-01-21 02:15:00,solar,7.264585265059851,15.458954930700436,500.87112605127976,0.21064179029363092,0.1020256108062555,23.948344303776622,45.91586754430213,-38.9918670772859,14.29356810153649,1.8923710148319501,available,227.87290823008695,50.0510213549769,0.0,0.0,normal,,normal,False
SOLAR_001,2026-01-21 02:30:00,solar,3.374418099105499,15.657209876714251,499.7852875790519,0.17927651906948608,0.0868237641426527,21.49159229547652,45.719327383638124,-40.83899814712237,14.888172173123657,1.9539552904507311,available,231.02358438887163,50.00389153875801,0.0,0.0,normal,,normal,False
SOLAR_001,2026-01-21 02:45:00,solar,0.0,17.97783498484807,503.4517464239405,0.0,0.0,19.268170209888606,45.54145361679109,-37.10467389261781,15.75746763976939,1.6898007850468133,available,230.86535841982715,49.96180129957682,0.0,0.0,normal,,normal,False
SOLAR_001,2026-01-21 03:00:00,solar,0.0,18.76182905117868,502.784862207321,0.02203914283301637,0.01076627318400023,17.46748461285378,45.3973987690283,-30.145362748848083,20.37963419165614,1.3792873269304675,available,227.9645571460956,50.00035626292659,0.0,0.0,normal,,normal,False
SOLAR_001,2026-01-21 03:15:00,solar,0.0,15.08049550635046,497.6893567425333,0.0,0.0,15.12743604181746,45.210194883345395,-39.3370769264865,13.662778862590596,1.7784369139876044,available,229.97543539338804,49.98794840592593,0.0,0.0,normal,,normal,False
SOLAR_001,2026-01-21 03:30:00,solar,0.0,17.96456175215453,509.2082402937203,0.0,0.0,12.367062530451323,44.9893650024361,-46.63066190253333,16.62265800908868,2.097883868638264,available,231.6499821666953,50.06962910554483,0.0,0.0,normal,,normal,False
SOLAR_001,2026-01-21 03:45:00,solar,15.627182035080029,21.55524473286023,499.9024665908242,0.4033697554333581,0.19654835224585054,10.197862342513542,44.81582898740108,-36.785934346906245,22.968418124932278,1.8451404950785646,available,228.24715553907896,49.9977656246747,0.0,0.0,normal,,normal,False
SOLAR_001,2026-01-21 04:00:00,solar,16.242613508435767,19.130054059459635,500.94550128142316,0.428981114145786,0.20748096781253506,7.823499407927161,44.62587995263417,-40.43653216924705,19.517618718279373,2.011996798098184,available,229.58837888483743,49.93086255558096,0.0,0.0,normal,,normal,False
SOLAR_001,2026-01-21 04:15:00,solar,11.351022524699994,21.902811993602956,502.2053943491445,0.36805390758234746,0.18042481313646086,5.818878073814339,44.46551024590515,-34.262784920275266,22.023548781063038,1.7039370270622054,available,232.3004782359623,50.02493166182248,0.0,0.0,normal,,normal,False
SOLAR_001,2026-01-21 04:30:00,solar,0.0,20.712239190372483,501.3834894704518,0.04244159005093737,0.020675912593078948,5.0,44.4,-14.01683189411932,21.052507665764537,1.6535504458690329,available,228.28473587048157,50.08930437166826,1.0105271971770562,0.0,normal,,normal,False
SOLAR_001,2026-01-21 04:45:00,solar,0.4418969832717846,18.495636392191543,506.10159067549836,0.0,0.0,5.0,44.4,-0.0,19.44953676545271,1.8411798387810476,available,230.91831657160424,50.05984654447731,1.8411798387810476,0.0,normal,,normal,False
SOLAR_001,2026-01-21 05:00:00,solar,0.0,20.060993059972215,497.64036504348013,0.0,0.0,5.0,44.4,-0.0,20.160868376715857,1.4981903587157197,available,227.84161778341544,49.94485331706074,1.4981903587157197,0.0,normal,,normal,False
SOLAR_001,2026-01-21 05:15:00,solar,0.0,20.710937810649934,503.1335289954108,0.0,0.0,5.0,44.4,-0.0,19.167403066632108,2.3650270673555314,available,229.67807619361,49.986563592783746,2.3650270673555314,0.0,normal,,normal,False
SOLAR_001,2026-01-21 05:30:00,solar,36.668302145276634,20.809156174936028,500.6582737815399,0.878476681271132,0.427820793492442,5.0,44.4,-0.0,21.542346047311582,1.9691932227970754,available,230.8934534291478,49.99846584113176,1.5413724293046334,0.0,normal,,normal,False
SOLAR_001,2026-01-21 05:45:00,solar,0.0,20.295121708661455,503.9308927804381,0.0,0.0,5.0,44.4,-0.0,20.71746558530474,2.143923182719837,available,225.19094642012658,49.99907255707196,2.143923182719837,0.0,normal,,normal,False
SOLAR_001,2026-01-21 06:00:00,solar,0.0,24.448419572460196,499.1400582001269,0.05067686430810112,0.024493331698187935,5.0,44.4,-0.0,25.619972919913984,1.9076982943207588,available,228.93135383776274,50.019048092858945,1.8832049626225709,0.0,normal,,normal,False
SOLAR_001,2026-01-21 06:15:00,solar,83.69101497513923,23.260602190726154,499.90640115999037,1.7536939969730176,0.8415023311873995,5.0,44.4,-0.0,22.01150332725067,1.720814134181907,available,230.85866385437276,49.98279494961735,0.8793118029945075,0.0,normal,,normal,False
SOLAR_001,2026-01-21 06:30:00,solar,83.2042482452577,26.784076975204105,505.53881779410506,1.510940344782433,0.7429372387007924,5.0,44.4,-0.0,26.05473507761843,2.3438997526351986,available,230.45168821839678,49.95421880847096,1.6009625139344061,0.0,normal,,normal,False
SOLAR_001,2026-01-21 06:45:00,solar,168.68022473726924,27.104456996273203,505.3337794686825,3.218537494755495,1.574604013636569,5.0,44.4,-0.0,27.496545880987387,1.8629705886519314,available,228.95524323072576,50.047590016825446,0.28836657501536234,0.0,normal,,normal,False
SOLAR_001,2026-01-21 07:00:00,solar,243.6887844438723,30.05376061627205,501.89520369274936,4.911338124766228,2.4006158397663064,5.254575676148135,44.42036605409185,4.826153762336593,29.109249049730117,2.1862363230099824,available,227.79083598883767,49.9438216958865,0.0,0.0,normal,,normal,False
SOLAR_001,2026-01-21 07:15:00,solar,296.48729265776717,32.712770848413044,511.8112384517202,5.642559098914435,2.80824261329639,5.9373619224778516,44.47498895379823,12.928117694270345,30.359928345507278,2.233264721650313,available,231.2569297643885,49.959894172947955,0.0,0.0,normal,,normal,False
SOLAR_001,2026-01-21 07:30:00,solar,324.166484235941,32.12000744208187,510.58370614773565,6.111266008618567,3.021279356972906,6.928071265089348,44.55424570120715,18.7250740876135,32.31733802081874,2.186997805300067,available,229.35518652495637,49.943510949045944,0.0,0.0,normal,,normal,False
SOLAR_001,2026-01-21 07:45:00,solar,405.6403510405066,36.35849750036736,508.54895704239584,7.601603562019974,3.7695872115479925,8.979446816060083,44.7183557452848,38.630090918940596,37.2535051334676,2.0421130633621107,available,231.090694403258,50.03061062177261,0.0,0.0,normal,,normal,False
SOLAR_001,2026-01-21 08:00:00,solar,470.279469609948,34.49907550664377,508.12707555307554,9.010379399121236,4.445754455173941,11.652130387872868,44.93217043102983,50.090633970908364,34.3701436857022,2.195073552594754,available,230.76044627103502,50.00532356547074,0.0,0.0,normal,,normal,False
SOLAR_001,2026-01-21 08:15:00,solar,512.0797072724828,39.711630021556154,512.5679282478864,9.493710863939578,4.7241681286179285,14.815834268521874,45.18526674148175,58.961070302187146,40.25976514881061,2.0599964396503445,available,229.10516342886302,50.044175180985235,0.0,0.0,normal,,normal,False
SOLAR_001,2026-01-21 08:30:00,solar,522.4124145868875,36.036299204370366,514.8171694762816,9.557179443226078,4.769196406011594,17.58676841005136,45.40694147280411,51.38902002116687,36.43966671868825,2.435778181565712,available,232.1451234859893,49.960740329187196,0.0,0.0,normal,,normal,False
SOLAR_001,2026-01-21 08:45:00,solar,597.4315357070856,41.69153913416246,506.81061600611804,11.162251334641844,5.535053665409162,21.296564322499815,45.703725145799986,68.35413641116685,41.70203449175849,2.4110150022946737,available,228.81144477992768,49.93734934414825,0.0,0.0,normal,,normal,False
SOLAR_001,2026-01-21 09:00:00,solar,636.6576936286203,44.697806818693245,515.6448593138223,11.467687150717948,5.714767673226424,25.335073826120382,46.02680590608963,73.88846654384295,44.83376997539033,2.3139175649143673,available,232.38090794830381,49.977804952226485,0.0,0.0,normal,,normal,False
SOLAR_001,2026-01-21 09:15:00,solar,659.1223508387876,45.30049336119448,517.6470149592337,11.684370265518515,5.857169717825746,29.648681943444448,46.371894555475556,78.33434742360097,46.64963147319071,2.2246576190265337,available,232.64258506109508,49.99087513566197,0.0,0.0,normal,,normal,False
SOLAR_001,2026-01-21 09:30:00,solar,739.3564431428247,44.79762536318875,506.45727240595363,13.324871814688,6.504273240916766,34.07307022461675,46.72584561796934,79.73746881525622,43.83337478679512,2.7784725830874595,available,232.10022934898046,50.010454815388506,0.0,0.0,normal,,normal,False
SOLAR_001,2026-01-21 09:45:00,solar,717.5521432147476,44.799727691928894,517.414150881032,12.871562115558273,6.484330415699737,38.82307022461675,47.10584561796934,84.91515113517315,45.572772504219884,2.113748528305478,available,229.6388776932674,49.91588041833561,0.0,0.370581887394259,normal,,normal,False
SOLAR_001,2026-01-21 10:00:00,solar,784.8592804556226,47.53822141921245,520.0989446132711,13.775918916861484,6.929040638022166,43.57307022461675,47.48584561796934,84.23562743687019,46.35734366056093,2.080788812330829,available,235.09415828873597,50.02393654316418,0.0,0.848251825691337,normal,,normal,False
SOLAR_001,2026-01-21 10:15:00,solar,843.7446213079169,50.635817978587966,520.260968087712,14.414598466707293,7.25674755065934,48.32307022461675,47.86584561796934,83.56689301856517,49.84103776592274,2.387191537564105,available,230.3036889181785,49.955288063085526,0.0,0.8695560130952353,normal,,normal,False
SOLAR_001,2026-01-21 10:30:00,solar,829.884034599515,47.252674461960964,521.687384069349,14.469490929262944,7.302583733224864,53.07307022461675,48.24584561796934,82.9086929406039,48.448591776687415,2.3641363243158975,available,230.48211295769292,49.96762921749413,0.0,0.9384474089089672,normal,,normal,False
SOLAR_001,2026-01-21 10:45:00,solar,881.730000553818,51.843701936190435,517.628336221829,15.50698097083185,7.788564474887808,57.82307022461675,48.62584561796934,82.26078023251544,50.63387054094292,2.645635049223674,available,229.95587730952377,50.05868547655707,0.0,1.1429294256641338,normal,,normal,False
SOLAR_001,2026-01-21 11:00:00,solar,868.796299798419,52.24922938215164,515.1588907870795,15.028037054051,7.461156271501449,62.57307022461675,49.00584561796934,81.62291558403983,52.00763813440759,2.5638899128194153,available,227.74046704588733,49.89084015772734,0.0,0.8972663586820335,normal,,normal,False
SOLAR_001,2026-01-21 11:15:00,solar,905.1244582630533,52.48166487599868,512.416728281003,15.649709560601876,7.68865292341091,67.32307022461674,49.38584561796934,80.99486705042013,54.84301198152599,2.447258493577862,available,232.59014647476954,50.01612510135835,0.0,1.241394429833048,normal,,normal,False
SOLAR_001,2026-01-21 11:30:00,solar,936.4148920195836,54.66551048014817,524.1977901897484,15.647824563019245,7.975250118328318,72.07307022461674,49.76584561796934,80.37640977119635,55.69106114045914,2.546217744182109,available,228.85519314067213,50.01593643150338,0.0,1.4290323741462085,normal,,normal,False
SOLAR_001,2026-01-21 11:45:00,solar,920.1283222756916,53.967305200847335,522.7694404399494,15.731108244574035,7.890123601574311,76.82307022461674,50.14584561796934,79.76732570178523,53.230133237909875,2.545469665107303,available,231.83922205207463,49.95906075115746,0.0,1.344653936467008,normal,,normal,False
SOLAR_001,2026-01-21 12:00:00,solar,903.5117518131469,52.53679319025381,524.6739557233138,15.404448332645751,7.874360501055116,81.57307022461674,50.52584561796934,79.16740335717239,51.97096794022689,2.8707113440363905,available,232.3191062166371,49.9776497839542,0.0,1.0036491570187254,normal,,normal,False
SOLAR_001,2026-01-21 12:15:00,solar,981.9667513423565,52.51038170599229,517.0566130293954,17.037724769488126,8.613833218880385,86.32307022461674,50.90584561796934,78.5764375670843,52.34026557780874,2.499709193556458,available,231.20664276109858,50.061052340107565,0.0,2.1141240253239273,normal,,normal,False
SOLAR_001,2026-01-21 12:30:00,solar,879.8328904647353,53.13605591359129,523.0442429179776,14.951960907156108,7.579499368903415,91.07307022461674,51.285845617969336,77.99422924204443,54.448000144630434,2.3099347610823155,available,228.6160614482034,50.09814617719855,0.0,1.2695646078210991,normal,,normal,False
SOLAR_001,2026-01-21 12:45:00,solar,876.515583736836,51.46828900824616,513.6049818002374,15.38120222242015,7.714195300200447,95.82307022461674,51.66584561796934,77.42058514975324,50.46664186525378,2.481053596147096,available,229.31784348897563,50.05323629334422,0.0,1.2331417040533506,normal,,normal,False
SOLAR_001,2026-01-21 13:00:00,solar,889.6006636037997,52.37250265280268,515.840542290942,15.27519865070862,7.642224102530688,100.0,52.0,67.64258745559933,51.31033371093438,1.9109307391760324,available,224.64584763863735,50.09429358338802,0.0,2.2138788156634908,normal,,normal,False
SOLAR_001,2026-01-21 13:15:00,solar,871.2831722706607,53.485778096381374,519.4425114559334,14.877862202526808,7.558144514859447,100.0,52.0,0.0,54.1991311532608,2.419589049988725,available,229.7670646872668,49.965433403766625,0.0,5.138555464870722,normal,,normal,False
SOLAR_001,2026-01-21 13:30:00,solar,801.6854376860085,53.108250046918414,521.1304211695314,13.681504232567562,6.899688801216276,100.0,52.0,0.0,51.42711307964071,2.6343422838512764,available,231.60542037539997,49.920995796677026,0.0,4.265346517365,normal,,normal,False
SOLAR_001,2026-01-21 13:45:00,solar,854.9332351162537,52.18173765556595,524.6535046222419,14.65521871791222,7.367327666541157,100.0,52.0,0.0,51.27066050291487,2.524029557463794,available,229.52498984183615,49.99736892457635,0.0,4.843298109077363,normal,,normal,False
SOLAR_001,2026-01-21 14:00:00,solar,793.5057236816352,51.43022113073316,516.3602518140951,13.773519735534595,6.895893474612109,100.0,52.0,0.0,51.34513214915754,2.4494226404321324,available,228.81983941548535,50.04024293180528,0.0,4.446470834179976,normal,,normal,False
SOLAR_001,2026-01-21 14:15:00,solar,752.7905640926869,47.28155599705358,513.1663933588947,13.301136508272787,6.679215551856876,100.0,52.0,0.0,47.247735785075314,2.5040091566502443,available,229.404506151781,49.90726249469415,0.0,4.175206395206631,normal,,normal,False
SOLAR_001,2026-01-21 14:30:00,solar,760.8122510185468,49.85574837453523,512.198471294499,13.38329626393377,6.66759255224999,100.0,52.0,0.0,48.491128477637304,2.577660312106599,available,232.43073194063803,49.953677157533676,0.0,4.089932240143391,normal,,normal,False
SOLAR_001,2026-01-21 14:45:00,solar,728.2264566832932,48.39391170129541,512.2854123694824,12.72142663504486,6.30469944024734,100.0,52.0,0.0,48.74765210042939,2.623374594825177,available,229.89126862221306,49.95923024534935,0.0,3.681324845422163,normal,,normal,False
SOLAR_001,2026-01-21 15:00:00,solar,621.5385638907911,47.44448329470013,523.0262428096314,10.594750840620735,5.384205497968175,100.0,52.0,0.0,47.998248322632776,2.4076892315918386,available,233.71583235281722,50.01782817811935,0.0,2.9765162663763363,normal,,normal,False
SOLAR_001,2026-01-21 15:15:00,solar,623.9802392843325,44.609105554182996,516.2144106265392,11.220030993100165,5.646306927897508,100.0,52.0,0.0,43.94661622814529,2.233483329892493,available,228.85853299023054,50.01138097818748,0.0,3.4128235980050152,normal,,normal,False
SOLAR_001,2026-01-21 15:30:00,solar,553.4215810136039,43.02655648163518,516.6253559816244,9.90355417334724,4.9607441328958854,100.0,52.0,0.0,44.687313793001636,1.811238244941969,available,230.43446357026252,49.96124196132478,0.0,3.149505887953916,normal,,normal,False
SOLAR_001,2026-01-21 15:45:00,solar,493.2991830771223,43.1835799299801,510.15546231167247,8.940653384674697,4.484185909240434,100.0,52.0,0.0,43.52318599832783,2.445641290260367,available,229.13319614874595,50.00899055988454,0.0,2.038544618980067,normal,,normal,False
SOLAR_001,2026-01-21 16:00:00,solar,474.0827021225858,40.663764332778506,509.993405270405,8.794893267304516,4.3391734684014285,100.0,52.0,0.0,39.65890535960762,2.3280405027207807,available,234.148972827516,49.942759740761836,0.0,2.011132965680648,normal,,normal,False
SOLAR_001,2026-01-21 16:15:00,solar,406.0334293107251,37.102994366537715,511.6428318282141,7.688206997840358,3.8353249811371546,100.0,52.0,0.0,38.72377491282055,2.229561808101711,available,230.35941062261873,49.97867875936922,0.0,1.6057631730354438,normal,,normal,False
SOLAR_001,2026-01-21 16:30:00,solar,360.9156132433119,41.11167024407903,505.630473624178,6.730769947310251,3.3141493623445224,100.0,52.0,0.0,40.58834585881201,2.034597245525443,available,234.25615227440235,49.936760537365465,0.0,1.2795521168190795,normal,,normal,False
SOLAR_001,2026-01-21 16:45:00,solar,308.32640453746484,33.979262599568735,505.2635577598765,6.0739111096453104,2.9661195659987127,100.0,52.0,0.0,34.15813606389134,2.3376781600545335,available,229.15974489019536,49.99248810861026,0.0,0.6284414059441792,normal,,normal,False
SOLAR_001,2026-01-21 17:00:00,solar,248.47593066493636,33.614848144299124,502.47756363699506,4.824634257094751,2.346397562910653,100.0,52.0,0.0,33.128066921099695,2.0650212851305083,available,233.05515835171013,49.95997553705713,0.0,0.2813762777801445,normal,,normal,False
SOLAR_001,2026-01-21 17:15:00,solar,174.26915582169607,31.972781961113835,502.1118356412941,3.4040157531226147,1.6666213541270039,99.45488833082756,51.9563910664662,-7.973703717047541,32.596935060651575,2.080906222698061,available,230.23600674454698,50.03451875100343,0.0,0.0,normal,,normal,False
SOLAR_001,2026-01-21 17:30:00,solar,82.07093539685505,29.131983675023676,502.8064382944143,1.629183920679982,0.7951822647940058,97.80705043099681,51.82456403447974,-24.165312862799098,28.650455387219715,2.0475390686653747,available,231.67331118909118,49.998690646463785,0.0,0.0,normal,,normal,False
SOLAR_001,2026-01-21 17:45:00,solar,59.06940182482982,27.44219574673328,498.021222079947,1.045435124815004,0.5059094954385076,95.68403430422292,51.65472274433783,-31.236103314967856,27.021339432189578,2.119401751786664,available,227.5605780441819,49.98866286241088,0.0,0.0,normal,,normal,False
SOLAR_001,2026-01-21 18:00:00,solar,0.46386348650984316,25.54618934709093,501.1439159165175,0.10461751443081439,0.050426721923225594,93.42107788860352,51.47368623108828,-33.412156808618505,25.38621170507302,1.7702735977939743,available,230.6968278984186,50.08840621844973,0.0,0.0,normal,,normal,False
SOLAR_001,2026-01-21 18:15:00,solar,3.2927175637012382,25.09555239377349,501.1383269822045,0.0,0.0,90.68018451461944,51.254414761169556,-40.641942239208824,24.593602138763472,2.083078964227905,available,227.8617591240186,50.01916440885093,0.0,0.0,normal,,normal,False
SOLAR_001,2026-01-21 18:30:00,solar,37.91232535865999,24.187590691619807,499.2830054285753,0.703093475938423,0.3410156122405757,88.7643030279105,51.10114424223284,-28.493881134963278,25.259405280071114,1.7970855421393712,available,230.51419280141005,49.9815922958184,0.0,0.0,normal,,normal,False
SOLAR_001,2026-01-21 18:45:00,solar,22.330737831475297,28.24141917203198,496.6901605777463,0.44606996908518537,0.21484100857222485,86.71139828430434,50.936911862744346,-30.630196218900235,26.983625895908055,1.7750486137129111,available,226.9632198939237,49.970813232645696,0.0,0.0,normal,,normal,False
SOLAR_001,2026-01-21 19:00:00,solar,14.131096528499745,24.023291036642426,500.41985219580744,0.20457807061565106,0.0994884114164176,84.13101535298986,50.73048122823919,-38.65705548851277,23.986143360354173,2.0605794392154153,available,229.81183396085714,49.94094136970344,0.0,0.0,normal,,normal,False
SOLAR_001,2026-01-21 19:15:00,solar,0.0,24.437574584623643,497.9803817481928,0.0,0.0,81.95161199983926,50.55612895998714,-32.76252716471598,24.52703965385467,1.6563465483944633,available,232.1912240742534,49.99670580572726,0.0,0.0,normal,,normal,False
SOLAR_001,2026-01-21 19:30:00,solar,0.0,22.584337367937227,500.18637666842415,0.18386901883241005,0.08893753221121259,79.43116015322532,50.35449281225802,-38.04116170067512,22.45970308600999,2.004480935637803,available,231.09510775798842,50.015380677118834,0.0,0.0,normal,,normal,False
SOLAR_001,2026-01-21 19:45:00,solar,0.0,22.102222237353878,504.3925098696137,0.10944094769241028,0.05347839660927277,77.10515352462801,50.16841228197024,-35.236615179254244,23.070520860753906,1.8212434343432302,available,227.53209990081822,49.90428120037495,0.0,0.0,normal,,normal,False
SOLAR_001,2026-01-21 20:00:00,solar,0.0,21.505101190277877,494.9882395315839,0.0,0.0,75.20338424801487,50.01627073984119,-28.897489333899408,20.00115319610796,1.4453446502259857,available,226.2032272343258,49.93180082365108,0.0,0.0,normal,,normal,False
SOLAR_001,2026-01-21 20:15:00,solar,9.008361449732124,19.650364097137295,508.6939453475735,0.13472333950303694,0.06722414927444324,72.63014159512535,49.810411327610026,-39.26216154557244,20.218281340692258,2.0228885654704793,available,230.99388916092153,49.974194860536656,0.0,0.0,normal,,normal,False
SOLAR_001,2026-01-21 20:30:00,solar,6.424359285882682,21.240893245410284,499.70990563284903,0.0027203573740087607,0.001324805778446196,70.27911094167754,49.622328875334205,-36.007646902450915,19.995940997401668,1.7881081023987746,available,233.16239759071684,49.94509096420532,0.0,0.0,normal,,normal,False
SOLAR_001,2026-01-21 20:45:00,solar,0.0,20.293467686987846,501.6473570956237,0.07026786606510035,0.03402150747796262,67.97898192996047,49.43831855439684,-35.35917280401746,19.784691167454433,1.782119556382943,available,228.07210792625966,50.0021628743013,0.0,0.0,normal,,normal,False
SOLAR_001,2026-01-21 21:00:00,solar,21.542700763730238,22.795854282870422,496.98899963903267,0.41216046095689496,0.20077960510118192,65.76520455432649,49.26121636434612,-34.15406540183504,21.448164137028947,1.8832504105830057,available,234.19480815635274,50.00910760214534,0.0,0.0,normal,,normal,False
SOLAR_001,2026-01-21 21:15:00,solar,1.8415860085594855,18.361997842700003,504.56884619816657,0.0,0.0,63.18426213913344,49.05474097113068,-39.98627241149019,18.029906667430105,1.96151623554672,available,229.987013423662,49.99388463160335,0.0,0.0,normal,,normal,False
SOLAR_001,2026-01-21 21:30:00,solar,0.0,18.87294923060667,499.49749412219734,0.010088498240333758,0.004888746357220606,60.97596262629798,48.87807701010384,-34.33661331250854,18.29473795462669,1.6831963761121698,available,226.08261293265127,50.02750871606921,0.0,0.0,normal,,normal,False
SOLAR_001,2026-01-21 21:45:00,solar,0.0,18.036918594168398,498.4235267608033,0.0440367338250161,0.021388962654277553,58.702400552207465,48.6961920441766,-35.48341469372501,19.675190391642424,1.7492961389630683,available,226.878239286573,49.970754386121605,0.0,0.0,normal,,normal,False
SOLAR_001,2026-01-21 22:00:00,solar,5.061716206612287,21.340591027877192,497.6979399148977,0.19995085036905008,0.09554945422961617,56.61164226248263,48.528931380998614,-32.74286605892648,21.581957430628325,1.684525754420488,available,231.53989829874283,49.99770475697697,0.0,0.0,normal,,normal,False
SOLAR_001,2026-01-21 22:15:00,solar,17.51026250584333,17.87076524301124,498.9260318968432,0.35361609724244386,0.1709263376176927,54.826237805440186,48.38609902443522,-28.043330929964345,18.31055126315714,1.5278337249699545,available,230.25913608167008,49.949834320758235,0.0,0.0,normal,,normal,False
SOLAR_001,2026-01-21 22:30:00,solar,0.0,19.289976385050558,501.67338929181165,0.0,0.0,53.15838655571533,48.25267092445723,-26.2693634467479,18.182472817617548,1.267566949790892,available,232.96444193158652,50.01423098536463,0.0,0.0,normal,,normal,False
SOLAR_001,2026-01-21 22:45:00,solar,14.90288881404973,20.007527144342397,500.6912427625223,0.5019424975227197,0.24403636828901712,51.35203196984819,48.10816255758785,-28.53631093508679,20.74760425718531,1.6168658535480442,available,227.60375046660363,50.00379540777432,0.0,0.0,normal,,normal,False
SOLAR_001,2026-01-21 23:00:00,solar,3.368555761863883,17.802851700432416,499.8405610675589,0.06999156923927138,0.03399981672884306,48.97424101251926,47.91793928100154,-37.71283061595417,19.441077680808554,1.8411209442988306,available,230.23698959632756,49.94007325057774,0.0,0.0,normal,,normal,False
SOLAR_001,2026-01-21 23:15:00,solar,0.0,15.656674307860477,497.1543143282007,0.07236805664356662,0.03488485060989318,46.81578263636112,47.74526261090889,-34.3579294818954,16.526583476426694,1.6753132164900777,available,230.01352212277672,49.99224703123976,0.0,0.0,normal,,normal,False
SOLAR_001,2026-01-21 23:30:00,solar,0.0,15.486612484275454,496.9233061043001,0.0,0.0,45.052144249273624,47.60417153994189,-28.15646467162809,14.17459990925678,1.340365174186497,available,229.7139709538855,49.99810890633665,0.0,0.0,normal,,normal,False
SOLAR_001,2026-01-21 23:45:00,solar,20.206077662688276,19.166287132295587,498.1565028696811,0.4843283506879321,0.23531810614426266,43.03221046042185,47.44257683683375,-32.35805856007969,18.702145279504172,1.7704677856716096,available,229.23478554270602,50.01405059516101,0.0,0.0,normal,,normal,False
SOLAR_001,2026-01-22 00:00:00,solar,21.527715210871843,15.885821068048536,501.84110284864283,0.2995848677444363,0.14606031341705605,41.26636083382754,47.3013088667062,-28.37227443311398,15.994311179143384,1.488106029628732,available,229.27460124892303,50.01590592532856,0.0,0.0,normal,,normal,False
SOLAR_001,2026-01-22 00:15:00,solar,5.812366147285013,17.86785210744938,502.6490395030816,0.07297033815463451,0.035585713304094914,39.82297583811763,47.18583806704941,-23.24792017428563,17.290688931634897,1.1325583100436276,available,230.34929164856075,49.96394070305281,0.0,0.0,normal,,normal,False
SOLAR_001,2026-01-22 00:30:00,solar,26.922720981240513,17.904477659645234,503.18817678759206,0.43016656303491485,0.21012112315515674,37.78704234829772,47.02296338786382,-32.90540069753406,20.437468512906037,1.7574305754182897,available,230.60516205567643,50.03818223289664,0.0,0.0,normal,,normal,False
SOLAR_001,2026-01-22 00:45:00,solar,19.01897728274892,18.05616069586504,499.9941324258448,0.33045126912111633,0.16178364656937302,36.197849121415416,46.895827929713235,-25.754675964795073,17.573884265103157,1.3695704989999238,available,230.5051457002065,50.02615278394196,0.0,0.0,normal,,normal,False
SOLAR_001,2026-01-22 01:00:00,solar,12.305317130634979,18.015010140034708,501.5342477636713,0.3768731144003848,0.1835075203787735,33.9110444735013,46.712883557880104,-37.20540031020083,17.971658789313516,1.9214790527935013,available,232.41197501781423,49.96377102048972,0.0,0.0,normal,,normal,False
SOLAR_001,2026-01-22 01:15:00,solar,0.0,15.614481360702925,499.32619718046834,0.0,0.0,31.538102207913553,46.52304817663308,-38.76435858200043,15.014253373193663,1.8034361218466861,available,227.59744297542255,49.94286514774928,0.0,0.0,normal,,normal,False
SOLAR_001,2026-01-22 01:30:00,solar,31.16571751858218,16.37573663982577,493.03080803628654,0.7267725055849165,0.3441514240546921,29.966335192673295,46.39730681541386,-25.74595409890801,16.60742035367088,1.5386943556372892,available,226.37663293099052,49.96759241773529,0.0,0.0,normal,,normal,False
SOLAR_001,2026-01-22 01:45:00,solar,9.653425779748913,18.448229382821715,499.1362928418424,0.3504601862540256,0.1684254015410418,27.966527516462584,46.237322201317006,-32.87071485893381,19.83057939884388,1.6882792354611826,available,232.03393010877573,49.926417602618464,0.0,0.0,normal,,normal,False
SOLAR_001,2026-01-22 02:00:00,solar,0.0,16.294502300129928,498.49869349856897,0.0,0.0,25.209853461952026,46.01678827695616,-45.52843342344195,16.40935775290702,2.095072281428023,available,228.112949918182,50.01040032560371,0.0,0.0,normal,,normal,False
SOLAR_001,2026-01-22 02:15:00,solar,0.0,13.24626635552654,495.84381918228377,0.10020968968566976,0.04817077925961172,22.87081490567355,45.82966519245389,-38.78861639740591,13.027253100744185,1.8258400820312517,available,229.24104836276965,50.05917799615379,0.0,0.0,normal,,normal,False
SOLAR_001,2026-01-22 02:30:00,solar,4.622108067249424,18.621528920928025,497.73042329698876,0.14858376025078163,0.07153056417334513,20.74041959297287,45.65923356743783,-35.46052596921356,17.54761847468214,1.6906310018258621,available,228.77580072023446,50.0710773028963,0.0,0.0,normal,,normal,False
SOLAR_001,2026-01-22 02:45:00,solar,0.0,16.16749887716803,500.54036565716393,0.011631122939571688,0.005657412665021368,17.801149234011433,45.42409193872091,-49.177548245196576,17.376335245535405,2.239502885475714,available,228.73297535581645,49.94553292911619,0.0,0.0,normal,,normal,False
SOLAR_001,2026-01-22 03:00:00,solar,12.594118956351528,18.9533789642756,495.4670128572597,0.33605273266021773,0.1610346607066196,15.769197273549944,45.26153578188399,-34.119113796594455,18.809685026195115,1.7053181506573514,available,227.08347192355015,50.03934021301901,0.0,0.0,normal,,normal,False
SOLAR_001,2026-01-22 03:15:00,solar,0.0,20.268945487857636,497.1568581143368,0.1850460332550318,0.08881634645435216,13.49177490443628,45.079341992354905,-38.395436224865946,20.0822492031846,1.8196573469807362,available,228.86094482453058,50.00422504389376,0.0,0.0,normal,,normal,False
SOLAR_001,2026-01-22 03:30:00,solar,6.670945958837161,18.638443952825202,506.1916080622109,0.0721930534704666,0.03555915309691791,11.513807054387193,44.921104564350976,-33.464350011336926,16.299506772176372,1.5388147191342239,available,231.29866222455905,49.880202982694996,0.0,0.0,normal,,normal,False
SOLAR_001,2026-01-22 03:45:00,solar,0.0,20.230770095142454,493.5891746964788,0.0,0.0,9.65189965698956,44.772151972559165,-31.605575333736123,20.10355349427233,1.415049622022201,available,229.99213712078006,49.983380142567384,0.0,0.0,normal,,normal,False
SOLAR_001,2026-01-22 04:00:00,solar,0.0,19.28094905249847,499.2672713615716,0.0,0.0,7.392110786449653,44.59136886291597,-38.51506660156878,18.87984407513281,1.7174395416103292,available,231.00901425701383,49.977815846840336,0.0,0.0,normal,,normal,False
SOLAR_001,2026-01-22 04:15:00,solar,0.0,21.765723286511243,495.3347625369437,0.10037938430198376,0.048290346000107794,5.07584583871933,44.406067667097545,-39.64236089248173,19.939718876138215,1.808651706275153,available,229.0078360051103,50.060540894798734,0.0,0.0,normal,,normal,False
SOLAR_001,2026-01-22 04:30:00,solar,0.0,18.145509333803297,496.99345280869557,0.11361996991568751,0.05423646707601821,5.0,44.4,-1.2982621042047426,19.13512076401446,1.8936451723176815,available,231.80569198156385,49.95645227455105,1.7817658678149726,0.0,normal,,normal,False
SOLAR_001,2026-01-22 04:45:00,solar,34.00883182831237,20.948906693945858,499.20905108152755,0.6385048287175928,0.3068349420648495,5.0,44.4,-0.0,20.41366427471892,1.571398031258728,available,228.98327624931292,50.028153217359616,1.2645630891938784,0.0,normal,,normal,False
SOLAR_001,2026-01-22 05:00:00,solar,24.93107328687553,22.13301923973409,496.04969550948493,0.29305356501697205,0.14058011585787633,5.0,44.4,-0.0,24.02858811744407,2.0156662941274552,available,225.78288539894822,49.99464558325065,1.875086178269579,0.0,normal,,normal,False
SOLAR_001,2026-01-22 05:15:00,solar,6.38062118991822,20.77787706269988,502.2957224614657,0.062007228398454864,0.03038832602499934,5.0,44.4,-0.0,22.192318602388937,1.746132250284007,available,230.6332475858526,49.927709549835704,1.7157439242590078,0.0,normal,,normal,False
SOLAR_001,2026-01-22 05:30:00,solar,0.0,23.049544468423374,505.40460247908965,0.05419956358921987,0.026464273285724906,5.0,44.4,-0.0,22.32964085767294,2.06301008537986,available,231.53476953805736,49.972390734572095,2.036545812094135,0.0,normal,,normal,False
SOLAR_001,2026-01-22 05:45:00,solar,15.195621432471931,21.4817549694235,503.3667125444109,0.2995004047788106,0.14562060757794185,5.0,44.4,-0.0,22.851068621694438,2.1575538884151655,available,228.88152197516155,50.076581573002784,2.0119332808372237,0.0,normal,,normal,False
SOLAR_001,2026-01-22 06:00:00,solar,20.339467093936015,25.800810089074087,504.09845247088344,0.4200777352538116,0.2054459294819828,5.0,44.4,-0.0,27.41135228355332,1.9208981819894742,available,232.39841253481683,49.991331472564944,1.7154522525074913,0.0,normal,,normal,False
SOLAR_001,2026-01-22 06:15:00,solar,32.01012725847815,26.617917183757424,495.7891198684876,0.5886826688544327,0.2831607049752772,5.0,44.4,-0.0,26.058881628235532,1.8366676217000446,available,228.29861562459033,50.04529335297418,1.5535069167247675,0.0,normal,,normal,False
SOLAR_001,2026-01-22 06:30:00,solar,89.31842678664322,25.74238531846667,501.6382397571245,1.876325012640655,0.909304313744055,5.0,44.4,-0.0,24.709725209015897,2.367466649975749,available,231.34145362573466,50.04255271438626,1.4581623362316942,0.0,normal,,normal,False
SOLAR_001,2026-01-22 06:45:00,solar,116.1799382079476,27.275578321119614,505.77149070973627,2.3101023519104324,1.1449357395178628,5.0,44.4,-0.0,25.12022364209119,2.262373063767097,available,233.4895518843143,49.97758680743909,1.1174373242492344,0.0,normal,,normal,False
SOLAR_001,2026-01-22 07:00:00,solar,221.14843948365694,31.316218140528377,508.66114455850857,4.295462156722273,2.116487647928503,5.0,44.4,-0.0,31.69665973961811,2.1468638370656157,available,230.0734619687431,49.935828876192,0.030376189137112597,0.0,normal,,normal,False
SOLAR_001,2026-01-22 07:15:00,solar,269.45509420438276,29.41340316126952,513.4422012765025,5.170855961997825,2.576795401689167,5.164423731360544,44.413153898508845,3.1175919161963064,28.44007728877625,2.4383333121223933,available,229.54703382795395,49.942409083547155,0.0,0.0,normal,,normal,False
SOLAR_001,2026-01-22 07:30:00,solar,297.1429249145259,30.37425644653682,511.9298270138176,5.7308064725363765,2.839863997840326,5.937491110181652,44.47499928881453,14.637529373601602,30.784749374059945,2.188859889359393,available,229.78865664905186,50.0725833521262,0.0,0.0,normal,,normal,False
SOLAR_001,2026-01-22 07:45:00,solar,305.06942155380995,34.8769961637446,512.4317282990755,5.7629062694749695,2.870999530446691,6.882825496172548,44.5506260396938,17.86890853515247,34.30914517908618,2.0749284685596203,available,233.25659077390358,50.00758687059591,0.0,0.0,normal,,normal,False
SOLAR_001,2026-01-22 08:00:00,solar,354.88191359992595,35.09476386502529,520.5343823221574,6.453209536124626,3.2790857540672067,8.372456569415887,44.669796525553274,28.0822001556279,34.315032273970004,2.024659587125448,available,230.80556514758234,49.91330894345102,0.0,0.0,normal,,normal,False
SOLAR_001,2026-01-22 08:15:00,solar,393.4478318135914,35.74651418349223,511.49664098682126,7.397905404427092,3.7019602002240046,10.122253758558532,44.80978030068468,32.8837457480995,35.18502294579354,2.228446777788092,available,234.28840535443734,50.04169802638903,0.0,0.0,normal,,normal,False
SOLAR_001,2026-01-22 08:30:00,solar,469.20930814587416,38.42570168452422,511.0189948272082,8.766190625888678,4.328225655124935,12.37843122187223,44.99027449774978,42.229991652300754,37.12588476505599,2.4282867386502427,available,230.55850277588803,49.910657436616106,0.0,0.0,normal,,normal,False
SOLAR_001,2026-01-22 08:45:00,solar,531.8757016690395,36.813851164712894,513.8963479166431,9.973166954137723,4.999627687144235,15.258083366823803,45.2206466693459,53.625288578004245,36.2518978843353,2.5746574598165943,available,228.6924066801925,49.958693787821005,0.0,0.0,normal,,normal,False
SOLAR_001,2026-01-22 09:00:00,solar,519.3112284236157,40.19693723890489,510.48192460098375,9.595325122719167,4.764755177729546,18.157786277872887,45.452622902229834,53.72308410542598,39.46032457000075,2.3229000947408416,available,228.83298612957358,50.004064718628676,0.0,0.0,normal,,normal,False
SOLAR_001,2026-01-22 09:15:00,solar,577.9663764453363,41.20858093348079,515.3073312926508,10.395118255938128,5.222081634508963,21.294126651345977,45.70353013210768,57.78828742379442,41.19442529512598,2.5809528989526753,available,230.1232145309859,50.126020953995116,0.0,0.0,normal,,normal,False
SOLAR_001,2026-01-22 09:30:00,solar,634.8745036601133,45.5103000449865,508.9596580307148,11.370882576579277,5.611042218457275,25.209180084527592,46.016734406762204,71.64539474887519,45.61455813117184,2.31415511683065,available,225.91735476806062,50.04080005391768,0.0,0.0,normal,,normal,False
SOLAR_001,2026-01-22 09:45:00,solar,671.7369483135918,46.90139058111629,514.5113160997796,11.869774205272458,5.918207739184242,29.60336473016547,46.368269178413236,79.80384178545042,45.83021549337741,2.217841721804975,available,229.05002032655875,49.97588051326917,0.0,0.0,normal,,normal,False
SOLAR_001,2026-01-22 10:00:00,solar,659.7053091733245,46.30740054883381,516.8591725474264,11.69421458978853,5.89121273691347,34.0716469231305,46.72573175385044,80.52873247213468,47.40820573944376,2.1284487849429197,available,229.09440433190048,50.00141571480051,0.0,0.0,normal,,normal,False
SOLAR_001,2026-01-22 10:15:00,solar,657.5000425706605,46.29356768981806,521.735995994066,11.517065719590688,5.857284826589371,38.29313827450504,47.0634510619604,75.53504906998538,46.1339990560265,2.3023447412213365,available,230.47957951083774,50.04598546083011,0.0,0.0,normal,,normal,False
SOLAR_001,2026-01-22 10:30:00,solar,685.916769341332,44.45537249249155,522.9219528277712,11.988768890605948,6.130193729023736,43.0053513415543,47.440428107324344,83.64552309490941,45.95781184244888,2.162014304140148,available,233.8836364408029,50.07109316454165,0.0,0.0,normal,,normal,False
SOLAR_001,2026-01-22 10:45:00,solar,756.8359196135603,49.627149896452146,515.0841343308978,13.13634856494991,6.570052173152254,47.44901349681599,47.79592107974528,78.29185428601764,49.86823219743822,2.8280208845108374,available,230.10963297681835,49.98761802516205,0.0,0.0,normal,,normal,False
SOLAR_001,2026-01-22 11:00:00,solar,752.0401893913254,49.80727947955928,527.6226502616357,12.640156664118098,6.465590777286918,52.131403030172514,48.1705122424138,81.85640315286345,49.876383518413135,2.52252590709195,available,226.15468182574728,49.989069153317,0.0,0.0,normal,,normal,False
SOLAR_001,2026-01-22 11:15:00,solar,758.4595327499749,51.10738649013128,520.2091995218226,12.757493987152811,6.355843863002336,56.80256900994883,48.544205520795906,81.03157553930139,50.61640838960495,2.4222304063485915,available,228.17218470024608,49.95849757472054,0.0,0.0,normal,,normal,False
SOLAR_001,2026-01-22 11:30:00,solar,790.4946799165626,53.40683844413837,520.7890770915993,13.441410024529048,6.73374009298258,61.485106604011946,48.91880852832096,80.60681916675033,54.02167783620929,2.790550540087329,available,230.52457572374183,50.03325793403058,0.0,0.0,normal,,normal,False
SOLAR_001,2026-01-22 11:45:00,solar,755.8085460816915,46.984883548150606,513.4864045248187,13.650687541082005,6.785341771103214,66.23510660401195,49.298808528320954,81.1378635591588,47.018450299312285,2.1885830416630703,available,230.1859895193574,50.051298599638095,0.0,0.5967587294401433,normal,,normal,False
SOLAR_001,2026-01-22 12:00:00,solar,769.8332173732501,49.42459597992741,517.5197704395198,13.595725109585112,6.786239277083382,70.98510660401195,49.67880852832096,80.5172289452086,50.28306168905039,2.4225714328208516,available,233.24891104462517,49.90306575414351,0.0,0.3636678442625305,normal,,normal,False
SOLAR_001,2026-01-22 12:15:00,solar,792.5834887037556,49.56668422468003,524.156473710902,13.541905405901996,6.9140288721118885,75.73510660401195,50.05880852832095,79.90601689484849,51.17134662223849,2.8489712738777437,available,231.92015459674275,49.98015969930667,0.0,0.06505759823414436,normal,,normal,False
SOLAR_001,2026-01-22 12:30:00,solar,804.6638223926315,51.31547037201007,520.5080110783287,13.846336571767413,6.943707785368516,80.48510660401195,50.438808528320955,79.30401444264955,50.58861750382993,2.417342086273281,available,231.86023094755544,49.93932769891145,0.0,0.5263656990952352,normal,,normal,False
SOLAR_001,2026-01-22 12:45:00,solar,737.7574776097406,49.44905219024079,520.0469645130761,12.658177831699547,6.36886150054913,84.56790422932748,50.7654323383462,67.7261122444875,50.06251576857871,2.9307161318623596,available,229.56573381569498,50.0075453478463,0.0,0.0,normal,,normal,False
SOLAR_001,2026-01-22 13:00:00,solar,698.128258383033,48.102083349955606,520.2272052080832,12.053480394617827,6.067946168680995,88.69584254184558,51.09566740334765,68.03235490637427,48.68719952637105,2.5917875897183884,available,232.19824207310177,49.93810268877737,0.0,0.0,normal,,normal,False
SOLAR_001,2026-01-22 13:15:00,solar,778.643454371013,51.99250536404731,513.1657853695579,13.418391493341948,6.720762084286437,93.44584254184558,51.47566740334764,77.70661754916588,52.450617272306154,2.687303739999244,available,228.20815374760542,49.93399294747236,0.0,0.033458344287192965,normal,,normal,False
SOLAR_001,2026-01-22 13:30:00,solar,735.2037981247814,47.66808766596503,518.0911564366197,12.882166387475248,6.4536150445428815,97.923774761484,51.83390198091872,72.74949687580884,47.234888486270535,2.682724754321053,available,231.93658861858748,50.056175964035546,0.0,0.0,normal,,normal,False
SOLAR_001,2026-01-22 13:45:00,solar,636.2726233050125,45.21063034435902,523.5707762518443,11.152693553348088,5.677256367835004,100.0,52.0,33.62308078568425,44.79766394894374,2.403913225739317,available,229.43516219368527,49.99172029323234,0.0,1.5249429412401059,normal,,normal,False
SOLAR_001,2026-01-22 14:00:00,solar,614.841344119874,44.59617648037326,521.6673385639507,10.886452994930538,5.514290931613861,100.0,52.0,0.0,44.012294310074246,2.292069098783882,available,227.10401318807894,49.99700469189499,0.0,3.2222218328299785,normal,,normal,False
SOLAR_001,2026-01-22 14:15:00,solar,703.5087225846344,47.67573758994263,516.1285944775885,12.458416268173206,6.266281910711556,100.0,52.0,0.0,47.07202052892356,2.351073261560063,available,231.18647340122976,50.02158425634925,0.0,3.9152086491514932,normal,,normal,False
SOLAR_001,2026-01-22 14:30:00,solar,579.3489433342606,43.107994987067755,522.121741503271,10.260081224127491,5.219074191364547,100.0,52.0,0.0,42.2678705211153,2.1596225024683307,available,232.79508723722878,50.04854094809945,0.0,3.0594516888962167,normal,,normal,False
SOLAR_001,2026-01-22 14:45:00,solar,574.1386568749484,44.55871837940363,510.000402122506,10.380423217762692,5.1343142516687275,100.0,52.0,0.0,44.454221093652066,2.325135336719581,available,229.1867962573681,49.97907035837124,0.0,2.8091789149491464,normal,,normal,False
SOLAR_001,2026-01-22 15:00:00,solar,594.002309949531,44.664000283283045,510.2553449643059,10.618436561198747,5.20961700487699,100.0,52.0,0.0,43.90618192930514,2.3173168416849546,available,233.12552350048693,49.98018426981664,0.0,2.8923001631920355,normal,,normal,False
SOLAR_001,2026-01-22 15:15:00,solar,487.72959071067316,40.83375438288603,520.6414058106305,8.645427320753509,4.360916888426811,100.0,52.0,0.0,41.269398076732074,2.634552615858872,available,226.6881181713569,49.980396673641295,0.0,1.7263642725679387,normal,,normal,False
SOLAR_001,2026-01-22 15:30:00,solar,442.8947530741656,41.93649158997708,514.4871210534086,7.879605566629875,3.931932419038644,100.0,52.0,0.0,41.993445679470625,2.3925977851994196,available,227.60641352644728,50.054075444766454,0.0,1.5393346338392244,normal,,normal,False
SOLAR_001,2026-01-22 15:45:00,solar,449.6462266651546,40.4147835265516,509.9558552919828,8.337342620314914,4.130206480144875,100.0,52.0,0.0,40.58390610443889,2.7225301164161957,available,229.70654791649574,49.996593243520124,0.0,1.4076763637286795,normal,,normal,False
SOLAR_001,2026-01-22 16:00:00,solar,366.7645285328289,39.71283172767426,509.778725735859,6.738029517191612,3.319189822241144,100.0,52.0,0.0,39.439342603931685,1.7930911804712104,available,229.25847222814463,49.98544508440463,0.0,1.5260986417699334,normal,,normal,False
SOLAR_001,2026-01-22 16:15:00,solar,349.96479600100974,37.07196582891908,505.6192493518713,6.4022511577089025,3.158454444965438,100.0,52.0,0.0,37.14086412255282,1.9556211705925621,available,228.66573322788156,50.01954482159341,0.0,1.202833274372876,normal,,normal,False
SOLAR_001,2026-01-22 16:30:00,solar,300.0280399845292,35.725738670327246,508.7600390545316,5.6380313664491215,2.782548236481691,100.0,52.0,0.0,35.47841619212639,2.101138479031217,available,230.26735543763644,50.091562709988935,0.0,0.6814097574504738,normal,,normal,False
SOLAR_001,2026-01-22 16:45:00,solar,239.18305288706156,33.02439434629119,507.21834309130907,4.441119938722668,2.1746713297278815,99.64674299676133,51.97173943974091,-5.165794436660488,33.80393742605916,2.4431466521892635,available,228.94281908433928,50.003714157213096,0.0,0.0,normal,,normal,False
SOLAR_001,2026-01-22 17:00:00,solar,213.13164022878127,32.81772119491631,505.2559197415012,4.250691797317897,2.0783359274787,99.62540457207612,51.97003236576609,-0.3120491179729932,32.37533191563422,2.0945531302394653,available,229.28205067239452,49.98652763876606,0.0,0.0,normal,,normal,False
SOLAR_001,2026-01-22 17:15:00,solar,168.38815921460173,32.37407177109612,499.2627815794782,3.2152852374257774,1.5725932637107938,99.33378350093636,51.94670268007491,-4.2665270870257705,32.749596239832165,1.7942252777770076,available,230.55685014070073,50.097149925899515,0.0,0.0,normal,,normal,False
SOLAR_001,2026-01-22 17:30:00,solar,95.18699569326746,28.441457570481866,503.66954828867665,1.9315084250208605,0.9468883901783938,97.93533151529053,51.83482652122324,-20.50404294602346,27.13508662673206,2.009711899269231,available,228.66492623505727,50.066490082112566,0.0,0.0,normal,,normal,False
SOLAR_001,2026-01-22 17:45:00,solar,64.96110419140902,28.651721805709354,499.19001685491475,1.3913948087973511,0.6773744205494395,96.47146659943112,51.71771732795449,-21.511725449873886,29.363796637647873,1.7899117566025817,available,229.78796367736206,50.0592412503249,0.0,0.0,normal,,normal,False
SOLAR_001,2026-01-22 18:00:00,solar,0.8953319780027726,24.614996173599103,496.0560909580432,0.0,0.0,94.20663127526002,51.5365305020208,-33.39912154743412,24.05573528359883,1.721274846370039,available,228.70892190728082,49.97496566228912,0.0,0.0,normal,,normal,False
SOLAR_001,2026-01-22 18:15:00,solar,0.0,26.50420810239621,505.06696996614943,0.007528419207437447,0.0036751893232591605,91.09260631992586,51.28740850559407,-46.14502925792825,25.591936704587226,2.3703341553772157,available,227.58875916647995,49.970008610795304,0.0,0.0,normal,,normal,False
SOLAR_001,2026-01-22 18:30:00,solar,0.0,24.04382460457247,508.67888543134103,0.05440248428228212,0.02674890687392631,88.66603719717466,51.093282975773974,-36.0946180374698,22.905024971016765,1.8709414401648463,available,231.52740434934742,49.90829227733166,0.0,0.0,normal,,normal,False
SOLAR_001,2026-01-22 18:45:00,solar,0.0,25.735341714454577,507.77048051527856,0.011377795366604621,0.005609315859538868,86.11178639218294,50.888942911374635,-38.146412574818974,24.51742026785829,1.946839927653245,available,233.41558888168402,50.04824584439271,0.0,0.0,normal,,normal,False
SOLAR_001,2026-01-22 19:00:00,solar,0.0,24.091464813650497,502.60049105504913,0.03592323980342741,0.017497678778194605,83.68094102179866,50.69447528174389,-36.44267883678747,23.609993481525308,1.8649401602702484,available,232.12914399014784,50.00384985751858,0.0,0.0,normal,,normal,False
SOLAR_001,2026-01-22 19:15:00,solar,7.712692715805008,26.016426013370722,498.93765968368325,0.020707761819910363,0.009996638760100233,81.31902460478315,50.50552196838265,-35.54178646159769,27.51505370811083,1.8050531156918876,available,230.66343216372263,49.90995560614842,0.0,0.0,normal,,normal,False
SOLAR_001,2026-01-22 19:30:00,solar,4.223631378685667,21.460805849545466,499.7185776695815,0.14115155606239396,0.06829157302271104,79.22511845221017,50.338009476176815,-31.6136591914428,20.817482992699603,1.6596602489781829,available,228.71694311452808,50.06009238010394,0.0,0.0,normal,,normal,False
SOLAR_001,2026-01-22 19:45:00,solar,0.0,20.420102585919302,501.6224090538491,0.0,0.0,76.93716691462186,50.15497335316975,-34.669406687207946,18.21093140351795,1.73884316856712,available,229.42616255163452,49.98313245228819,0.0,0.0,normal,,normal,False
SOLAR_001,2026-01-22 20:00:00,solar,0.0,21.263940815319003,498.3190089901552,0.03506300351579047,0.01693267306458026,74.5351742532531,49.96281394026025,-36.53746213780089,21.629407101874353,1.8424470957048296,available,232.11404252093465,49.98929597796483,0.0,0.0,normal,,normal,False
SOLAR_001,2026-01-22 20:15:00,solar,7.644320157703579,19.86411532476899,505.2752402404896,0.24543664095949846,0.12098293233518015,72.01841435164943,49.761473148131955,-38.438120984177374,18.749858782206356,2.03372045755397,available,225.43702646595318,49.924351535149945,0.0,0.0,normal,,normal,False
SOLAR_001,2026-01-22 20:30:00,solar,0.0,19.247113631801955,491.85709002268584,0.06798809258675384,0.032184212496791986,69.54030873091246,49.56322469847299,-37.999147214852705,20.06192121069962,1.9155444842568907,available,229.2734795512123,50.02460992203032,0.0,0.0,normal,,normal,False
SOLAR_001,2026-01-22 20:45:00,solar,5.436740791805832,21.97222382895195,498.81709778405025,0.1452673612896209,0.07041352094698501,67.71258835885065,49.41700706870805,-28.109097761336415,21.551147070124884,1.4594810037139523,available,231.46823183948854,50.02508850128884,0.0,0.0,normal,,normal,False
SOLAR_001,2026-01-22 21:00:00,solar,14.05676840596539,20.845151020030148,503.2042859682693,0.3477916499201745,0.17096759322782346,65.46450830768545,49.237160664614834,-34.70023079769961,20.571143002436198,1.8795084321133748,available,227.723439235631,49.9976006223472,0.0,0.0,normal,,normal,False
SOLAR_001,2026-01-22 21:15:00,solar,0.0,19.3914869038064,496.61936141088074,0.06930972766879548,0.0333564091077105,63.196872413169366,49.05574979305355,-35.13152458381674,20.58879775766166,1.7567596889399342,available,230.84677656849107,49.979088103305735,0.0,0.0,normal,,normal,False
SOLAR_001,2026-01-22 21:30:00,solar,0.0,19.15822610098081,499.03940443528865,0.14983798354322644,0.07233407264816646,61.29461882882979,48.90356950630638,-29.562519437597416,19.7759556117492,1.5180467967462452,available,230.75397854153138,50.131323381925185,0.0,0.0,normal,,normal,False
SOLAR_001,2026-01-22 21:45:00,solar,30.13977028311531,19.242217054887895,502.3745736649728,0.6103746370626142,0.2988546135836582,59.50066688130675,48.76005335050454,-27.96148458486874,17.995840004548242,1.6622580937011684,available,227.091335139475,49.93983161320173,0.0,0.0,normal,,normal,False
SOLAR_001,2026-01-22 22:00:00,solar,6.3282740933242625,21.68401313575584,506.0730764281512,0.1429042028207987,0.06979447598849535,57.32309907994032,48.585847926395225,-34.062419401337685,20.58475454729974,1.7247460050269825,available,230.17395622028587,49.96392815039017,0.0,0.0,normal,,normal,False
SOLAR_001,2026-01-22 22:15:00,solar,0.0,17.633862786182604,494.82424687133505,0.09418160234359625,0.045199952729866225,55.269654470539,48.42157235764312,-32.229806409800794,15.850332845916963,1.6058178558748655,available,228.76510946399696,50.03541283689217,0.0,0.0,normal,,normal,False
SOLAR_001,2026-01-22 22:30:00,solar,0.0,16.463325770836406,494.5277020489806,0.0,0.0,53.05872963211628,48.2446983705693,-34.828757023099136,19.066546733357796,1.6803028772012651,available,230.83219735176706,49.949278003166846,0.0,0.0,normal,,normal,False
SOLAR_001,2026-01-22 22:45:00,solar,0.0,19.373788640111673,496.21587924864065,0.0,0.0,51.21492537113939,48.09719402969115,-29.134573577772606,18.511081355007423,1.4012912383424423,available,231.33957737178253,49.94558965417236,0.0,0.0,normal,,normal,False
SOLAR_001,2026-01-22 23:00:00,solar,0.0,17.6141887384872,493.84985659796735,0.04993726007946367,0.023902922660899734,48.66229791803633,47.892983833442905,-40.5069116408582,18.78400172321448,1.9638997870192219,available,230.7978778675463,50.056575932321465,0.0,0.0,normal,,normal,False
SOLAR_001,2026-01-22 23:15:00,solar,15.901419133630625,21.177586820838773,494.1344861783541,0.3058768070146491,0.14565517582320267,47.3108051519841,47.784864412158726,-21.494975759277178,20.645312255204967,1.1727896780229012,available,230.14518464848618,50.03025958624704,0.0,0.0,normal,,normal,False
SOLAR_001,2026-01-22 23:30:00,solar,0.0,16.743534814229786,496.1093552092212,0.0,0.0,45.11419981376382,47.609135985101105,-35.06511980326308,15.663679266987993,1.6694200570474138,available,230.57774254484514,50.024206898854715,0.0,0.0,normal,,normal,False
SOLAR_001,2026-01-22 23:45:00,solar,19.683622587892806,19.132555927866772,504.93397419298395,0.44853988067797657,0.22095121020761227,43.26766696253082,47.46141335700246,-29.56854563898123,19.154116703943433,1.624316177144693,available,227.647869822168,50.00909124245188,0.0,0.0,normal,,normal,False
SOLAR_001,2026-01-23 00:00:00,solar,0.0,18.86181521187548,498.75169272772496,0.143471494522879,0.07007337276161747,41.15119945472986,47.29209595637839,-34.01234970453412,18.535151023232046,1.678588678690343,available,229.93849643227355,49.965392330180656,0.0,0.0,normal,,normal,False
SOLAR_001,2026-01-23 00:15:00,solar,0.0,16.352499288874384,500.1255004246264,0.0,0.0,39.29687127813384,47.14374970225071,-29.893451902187042,17.154373971638048,1.4092894142129762,available,228.407033506556,49.987366444810725,0.0,0.0,normal,,normal,False
SOLAR_001,2026-01-23 00:30:00,solar,0.0,15.945504818519773,496.17814297298327,0.10301995459644285,0.049843254723136596,37.01023185270587,46.96081854821647,-37.0062962497331,16.759888733101022,1.7876892180483965,available,232.0630775069741,49.996046259236856,0.0,0.0,normal,,normal,False
SOLAR_001,2026-01-23 00:45:00,solar,0.0,18.127037333726133,502.5341483002583,0.0,0.0,34.98779700075471,46.79902376006038,-32.84364424701198,17.536896314791854,1.5370504874828839,available,231.36647631196288,50.04231081765777,0.0,0.0,normal,,normal,False
SOLAR_001,2026-01-23 01:00:00,solar,0.0,17.862337876870896,507.5030561113311,0.0,0.0,33.240309645023224,46.659224771601856,-28.463618863300233,16.42238345919893,1.3280903903559322,available,231.36080270023973,50.021292868279325,0.0,0.0,normal,,normal,False
SOLAR_001,2026-01-23 01:15:00,solar,0.0,14.899072386263388,496.4494804638423,0.18536789589576672,0.0883793763670356,31.573809661200887,46.52590477289607,-27.222253793607162,13.701908336111943,1.3549193640720112,available,233.42698311152796,49.953607826722916,0.0,0.0,normal,,normal,False
SOLAR_001,2026-01-23 01:30:00,solar,14.845369437863418,15.73836675187283,506.89899348429896,0.271330557778882,0.1345295869342485,29.63346013856511,46.37067681108521,-31.80168456912973,13.45590878857518,1.6091952241374388,available,229.3400450703993,50.039477111387946,0.0,0.0,normal,,normal,False
SOLAR_001,2026-01-23 01:45:00,solar,0.0,13.329858029755382,501.4576975326714,0.008967695207743041,0.00433842355532905,27.958769956903712,46.236701596552294,-27.52714822022617,13.055398388168367,1.2771029616179919,available,228.9019852955783,49.91607469750324,0.0,0.0,normal,,normal,False
SOLAR_001,2026-01-23 02:00:00,solar,20.91359449554386,18.654439359333324,500.06745399715487,0.5051070455766651,0.24675632033898126,25.69083121394778,46.055266497115824,-37.4253277799282,18.642639010842622,1.970389764985487,available,229.29279456748512,49.983978907553286,0.0,0.0,normal,,normal,False
SOLAR_001,2026-01-23 02:15:00,solar,14.770787309957809,17.34801798657959,501.60049532930094,0.13238669014021742,0.06459130663754771,23.36052644561247,45.868842115648995,-38.61077677673957,16.205190068235474,1.835622930572382,available,226.7955271843236,49.942897581145814,0.0,0.0,normal,,normal,False
SOLAR_001,2026-01-23 02:30:00,solar,22.53678414657593,17.85303724462247,501.5621059958681,0.46936433388879034,0.227204060846584,21.016900392727525,45.6813520314182,-38.990873102169495,16.58938613697397,2.0083598610391435,available,226.95283375830797,49.95714482777647,0.0,0.0,normal,,normal,False
SOLAR_001,2026-01-23 02:45:00,solar,0.0,15.1847246627184,507.428417676253,0.0063273034899552225,0.0031193425834382723,18.38158796921068,45.470527037536854,-44.04693704604344,15.168640784322836,2.0059567844562403,available,231.2422060179362,50.096329313901975,0.0,0.0,normal,,normal,False
SOLAR_001,2026-01-23 03:00:00,solar,18.2501430138496,16.74692221922118,502.0808829272869,0.5609500030174759,0.27619659420411563,16.62471420434013,45.32997713634721,-29.455652653109077,16.114967570694787,1.611420655505735,available,227.20971973815233,49.92646629267893,0.0,0.0,normal,,normal,False
SOLAR_001,2026-01-23 03:15:00,solar,0.0,17.462774345030834,502.16442868456386,0.0,0.0,14.612308295557323,45.168984663644586,-33.8601476668997,17.249845389716114,1.5294284906749336,available,227.8501748699799,49.95904029720035,0.0,0.0,normal,,normal,False
SOLAR_001,2026-01-23 03:30:00,solar,12.834856173681596,17.75890962208166,498.3140007201498,0.22674283663045694,0.10930980114337475,13.189685901649607,45.05517487213197,-23.997088512880577,17.391684773102515,1.1905028205132386,available,229.7965602457901,50.02552008856591,0.0,0.0,normal,,normal,False
SOLAR_001,2026-01-23 03:45:00,solar,0.0,18.913875460923606,503.35630854585764,0.0,0.0,10.993966730383047,44.879517338430645,-37.18281009082124,19.16260570163996,1.6687465701625859,available,229.17554479452465,49.97649986200473,0.0,0.0,normal,,normal,False
SOLAR_001,2026-01-23 04:00:00,solar,0.0,19.925454721641888,496.17261210550805,0.0,0.0,8.193794926215691,44.655503594097254,-47.656624601328986,19.360175704411198,2.1281305711671905,available,231.77130471559212,50.0077778865384,0.0,0.0,normal,,normal,False
SOLAR_001,2026-01-23 04:15:00,solar,0.0,22.788998148227314,500.43601595831836,0.11264204524784649,0.05463238210528024,6.113837589641049,44.489107007171285,-35.53156451402635,22.3002539452614,1.6353999579020084,available,230.120922610003,50.07147748163426,0.0,0.0,normal,,normal,False
SOLAR_001,2026-01-23 04:30:00,solar,0.09956049532687031,19.71113346427574,511.5331342231233,0.004592552042123353,0.0022928576345015014,5.0,44.4,-19.06568847133327,17.82933468044811,1.7858082564629585,available,228.4030626416556,50.03273139288317,0.9369988307012597,0.0,normal,,normal,False
SOLAR_001,2026-01-23 04:45:00,solar,0.0,21.784112363508203,489.9832403214148,0.0,0.0,5.0,44.4,-0.0,21.733779799448794,1.7444381907970008,available,231.94326601948615,49.976565882497134,1.7444381907970008,0.0,normal,,normal,False
SOLAR_001,2026-01-23 05:00:00,solar,6.769323570524399,19.424273923793447,500.9325879853418,0.08646012945638638,0.0416449147027031,5.0,44.4,-0.0,19.512965746191078,1.9585304604254088,available,231.45758276967757,49.993314026029964,1.9168855457227056,0.0,normal,,normal,False
SOLAR_001,2026-01-23 05:15:00,solar,0.0,18.391559696003956,501.0864916835156,0.0,0.0,5.0,44.4,-0.0,18.21386024642643,2.1694262919356047,available,227.1780331248522,50.02653030048929,2.1694262919356047,0.0,normal,,normal,False
SOLAR_001,2026-01-23 05:30:00,solar,0.0,20.792763503379184,499.0876438300512,0.0,0.0,5.0,44.4,-0.0,22.704597543887694,1.6334210899980734,available,230.50453328932008,50.031749488308016,1.6334210899980734,0.0,normal,,normal,False
SOLAR_001,2026-01-23 05:45:00,solar,24.702973814584368,19.970915511431116,499.1819229557303,0.37817235750626327,0.18314852626654357,5.0,44.4,-0.0,20.133694213789518,1.701013395520317,available,228.5698464208297,50.001037636993026,1.5178648692537735,0.0,normal,,normal,False
SOLAR_001,2026-01-23 06:00:00,solar,16.268402329225818,22.61698649326665,500.36563909264595,0.30237539759464777,0.14694763451475676,5.0,44.4,-0.0,22.460509392009666,2.297324007854871,available,228.51712441439966,50.01803045000287,2.1503763733401144,0.0,normal,,normal,False
SOLAR_001,2026-01-23 06:15:00,solar,41.37348243937221,22.49802362010841,500.3000494827447,0.7993505282625295,0.39031460478158464,5.0,44.4,-0.0,22.997168588968314,2.1760447830439262,available,233.73902932262502,50.01807912201898,1.7857301782623416,0.0,normal,,normal,False
SOLAR_001,2026-01-23 06:30:00,solar,125.27846294143751,23.2868711478637,503.498442759685,2.4299569098266582,1.1927566827975729,5.0,44.4,-0.0,25.399734685531428,2.0068606742293316,available,230.24854277690358,49.99538867229975,0.8141039914317587,0.0,normal,,normal,False
SOLAR_001,2026-01-23 06:45:00,solar,206.6322711263777,31.312022592338707,501.95136361705494,4.028088113882133,1.9536676514496367,5.0,44.4,-0.0,31.56474563628128,2.42920719729254,available,229.5649230229721,49.96973811968018,0.47553954584290326,0.0,normal,,normal,False
SOLAR_001,2026-01-23 07:00:00,solar,254.90195489196367,29.56620630264102,513.2659521770388,4.898935173356121,2.4382860413613097,5.706352607407498,44.4565082085926,13.379891321023464,27.342722951885044,1.843462793018153,available,230.16990245059125,50.037129779901086,0.0,0.0,normal,,normal,False
SOLAR_001,2026-01-23 07:15:00,solar,306.9557857374989,29.675287593632177,505.4207343328738,5.904627631720431,2.888098936996621,6.368037676661739,44.50944301413294,12.518882323354696,30.107346145606712,2.330890457624629,available,231.74848052565858,50.01458977307902,0.0,0.0,normal,,normal,False
SOLAR_001,2026-01-23 07:30:00,solar,393.88463209598683,36.10805683370097,509.9321142778007,7.366917660348169,3.612338713867472,8.094399991064467,44.647551999285156,32.561220626368446,35.22882140732104,2.1585599227914907,available,228.5967910480931,49.895951014211136,0.0,0.0,normal,,normal,False
SOLAR_001,2026-01-23 07:45:00,solar,403.0762867714199,34.34961787958947,506.1696294050072,7.878682267921798,3.866130372835166,9.930027628917385,44.79440221031339,34.50859077829452,32.42714269378232,2.3203386778011295,available,228.93830006111799,49.95870822401566,0.0,0.0,normal,,normal,False
SOLAR_001,2026-01-23 08:00:00,solar,502.1342136958196,40.00033770864913,513.7325721216046,9.394141525302702,4.7258088238591345,13.466686733879857,45.077334938710386,66.06955025920601,41.69789895572961,1.7475695775749454,available,231.31334291629267,49.975966419486674,0.0,0.0,normal,,normal,False
SOLAR_001,2026-01-23 08:15:00,solar,550.7000825744515,38.91748681946635,514.0452758097974,10.014140996627667,4.949224598384188,16.73392514916614,45.33871401193329,60.684532533941535,40.398933319794736,2.197865932879951,available,226.96722141901927,49.98994343216264,0.0,0.0,normal,,normal,False
SOLAR_001,2026-01-23 08:30:00,solar,609.3217106551211,41.100480257539466,513.8522695263032,11.005263918595169,5.484747089245519,20.37176620896002,45.6297412967168,67.13702545591124,40.195302736629344,2.4213019862611986,available,231.98154368181858,50.060197245986494,0.0,0.0,normal,,normal,False
SOLAR_001,2026-01-23 08:45:00,solar,658.9580138400075,44.08721874174878,509.0775748771273,11.851834066615565,5.850804307816275,24.60729933141652,45.96858394651332,77.59135541025832,43.188587622849674,2.284039573116065,available,226.78964053035287,50.16011629518738,0.0,0.0,normal,,normal,False
SOLAR_001,2026-01-23 09:00:00,solar,718.2221498954747,46.345382818443035,511.13252346147686,12.955241199642176,6.432716471289451,29.19515673383598,46.335612538706876,83.37990270373481,46.50555003035612,2.569257606094117,available,229.50846638284918,49.87705895110877,0.0,0.0,normal,,normal,False
SOLAR_001,2026-01-23 09:15:00,solar,733.5187571856216,47.37968616678865,521.7814880925642,12.761327251927161,6.426813474749402,33.76005464878338,46.70080437190267,82.31388327582009,46.494507324995496,2.582688914793697,available,226.80233425366532,50.015220317981644,0.0,0.0,normal,,normal,False
SOLAR_001,2026-01-23 09:30:00,solar,814.1493097401755,48.480451038471436,512.813171974982,14.408391775333843,7.114499317750681,38.51005464878338,47.08080437190267,84.96031563953393,48.34537739481574,2.1652962780869376,available,227.88749667613132,50.00347930601333,0.0,0.9492030396637432,normal,,normal,False
SOLAR_001,2026-01-23 09:45:00,solar,845.1715368584502,50.53763420949361,519.1930009269009,14.808012549129746,7.40457519287746,43.26005464878338,47.46080437190267,84.28007179684559,49.824452186859574,2.5389598558028816,available,232.5953337172099,49.990975510566365,0.0,0.865615337074578,normal,,normal,False
SOLAR_001,2026-01-23 10:00:00,solar,775.050416307996,49.44445078639086,513.5418227549635,13.615548613971876,6.828919510138375,48.01005464878338,47.84080437190267,83.61063432180157,49.04404847227825,2.1911789002573494,available,232.08891574766943,50.02714697726811,0.0,0.6377406098810257,normal,,normal,False
SOLAR_001,2026-01-23 10:15:00,solar,847.7863500871468,50.75839111238179,521.9709877730609,14.636199368363219,7.372944308429848,52.76005464878338,48.22080437190267,82.95174773838328,49.35403591703553,2.4143958219206607,available,232.3026445995562,50.00748943702897,0.0,0.9585484865091871,normal,,normal,False
SOLAR_001,2026-01-23 10:30:00,solar,844.7688570555324,50.45870763853051,515.7320012202362,14.762397244790389,7.366020518102649,57.51005464878338,48.60080437190267,82.30316456063635,51.285605965984864,2.546971439491603,available,227.10202343292318,49.98192830121806,0.0,0.8190490786110454,normal,,normal,False
SOLAR_001,2026-01-23 10:45:00,solar,944.3211585840826,51.26037382837319,515.0858510397421,16.350423207543724,8.2578402312443,62.26005464878338,48.98080437190267,81.66464498273038,52.464162867973016,2.2590619720206813,available,227.89788768359668,50.00146213319298,0.0,1.9987782592236183,normal,,normal,False
SOLAR_001,2026-01-23 11:00:00,solar,913.1695256481654,53.790177202865195,516.4691466189937,15.747389554485663,7.859190963106595,67.01005464878338,49.360804371902674,81.03595658333505,53.68997321369176,2.5920518589429573,available,230.67974513766225,50.027828333236656,0.0,1.267139104163638,normal,,normal,False
SOLAR_001,2026-01-23 11:15:00,solar,968.3860246673901,54.5510203561253,517.4004952214204,16.421908134203495,8.256348638226289,71.76005464878338,49.74080437190267,80.41687404354683,54.51477785225122,2.3402822269510732,available,231.4306349803587,50.02307356322573,0.0,1.9160664112752155,normal,,normal,False
SOLAR_001,2026-01-23 11:30:00,solar,1028.8312781854818,55.56751490369,521.4475906471731,17.446344210189054,8.872822887261346,76.51005464878338,50.12080437190267,79.80717887764723,56.19667192232473,2.330010682135745,available,228.40097262980274,50.00943161538098,0.0,2.5428122051256015,normal,,normal,False
SOLAR_001,2026-01-23 11:45:00,solar,1031.4968276895802,58.332581144092735,520.2347132893232,17.12745695869489,8.688240576501112,81.26005464878338,50.50080437190267,79.20665917601693,58.33448228893164,2.5903667121653147,available,228.84215723491215,49.97082761861236,0.0,2.0978738643357975,normal,,normal,False
SOLAR_001,2026-01-23 12:00:00,solar,1010.1812743547787,53.87426219352297,515.6193756803486,17.282486304194027,8.584519639467718,86.01005464878338,50.88080437190267,78.61510935956969,55.60382604235638,2.2828054112633165,available,227.73730470788274,50.140957144161256,0.0,2.3017142282044016,normal,,normal,False
SOLAR_001,2026-01-23 12:15:00,solar,949.5828059309116,57.07112158414273,519.8453904095768,15.818619141202676,7.947208827392374,90.76005464878338,51.26080437190267,78.0323299451091,55.754758727765605,2.2716694215847526,available,233.3164905811631,50.01797566555941,0.0,1.675539405807621,normal,,normal,False
SOLAR_001,2026-01-23 12:30:00,solar,976.1011747643001,55.30923348077248,515.2548915983118,16.557637355690897,8.288359477245011,95.51005464878338,51.64080437190267,77.45812732104473,56.170175440454315,2.654381395624231,available,229.05008840189296,50.038123161366805,0.0,1.6339780816207803,normal,,normal,False
SOLAR_001,2026-01-23 12:45:00,solar,967.1784930889571,55.640752057648506,522.1899350680685,16.210660317649662,8.292738433899036,100.0,52.0,72.71166560674686,55.526549692546645,2.4630648065664404,available,230.06258460722552,49.97460987735695,0.0,2.048667015781758,normal,,normal,False
SOLAR_001,2026-01-23 13:00:00,solar,985.0033695367007,55.03251806662211,522.626128121271,16.350466515208083,8.256289345497736,100.0,52.0,0.0,53.911305572944435,2.143842722769422,available,230.16728920444527,50.00947868470814,0.0,6.112446622728314,normal,,normal,False
SOLAR_001,2026-01-23 13:15:00,solar,867.6096236860607,50.174643686036745,518.8428132357046,15.015644229165897,7.5378082223492955,100.0,52.0,0.0,52.42173242891581,2.5972468339504395,available,232.2112409069476,50.009080403840024,0.0,4.940561388398856,normal,,normal,False
SOLAR_001,2026-01-23 13:30:00,solar,915.2187693041275,53.611168414521195,519.5642042621968,15.550281911481177,7.853938236614824,100.0,52.0,0.0,55.99636878703699,2.33442554318139,available,228.0950668707352,49.90440251057926,0.0,5.519512693433434,normal,,normal,False
SOLAR_001,2026-01-23 13:45:00,solar,889.438780726283,53.60358384131888,524.9459512733114,15.080110387636593,7.703282431152988,100.0,52.0,0.0,53.395713903891085,2.1229900657774166,available,232.33652166845232,49.964166961982684,0.0,5.580292365375572,normal,,normal,False
SOLAR_001,2026-01-23 14:00:00,solar,864.952057992128,53.39962040343056,516.6900961061202,14.879513406996686,7.483603590475807,100.0,52.0,0.0,53.844345751472815,1.8882484294706696,available,227.44255856875662,49.963242832354226,0.0,5.595355161005138,normal,,normal,False
SOLAR_001,2026-01-23 14:15:00,solar,783.5503710353865,49.92022038469205,512.8523604458474,13.686340286215158,6.77879660056809,100.0,52.0,0.0,49.44903412218511,2.5548441849426275,available,232.33144051555544,49.969977161684106,0.0,4.223952415625463,normal,,normal,False
SOLAR_001,2026-01-23 14:30:00,solar,750.3823982474163,45.9379069219578,518.1838477495759,13.223953239467374,6.628636665982262,100.0,52.0,0.0,45.627612079393316,2.1850253899087417,available,226.5694008297905,49.94650804324195,0.0,4.44361127607352,normal,,normal,False
SOLAR_001,2026-01-23 14:45:00,solar,727.3160076761333,46.14851736575822,510.5061810865182,13.01877080497018,6.453939357569757,100.0,52.0,0.0,45.01601817930669,2.0895589591058394,available,229.79088869626378,50.00219280181505,0.0,4.364380398463918,normal,,normal,False
SOLAR_001,2026-01-23 15:00:00,solar,704.2179114790594,50.7456550491125,513.2998597706392,12.451308457860042,6.23985600553765,100.0,52.0,0.0,49.46539285806605,2.446078617611145,available,233.2508744434058,50.06986793069492,0.0,3.793777387926505,normal,,normal,False
SOLAR_001,2026-01-23 15:15:00,solar,664.559701672377,44.79547585226907,510.7909561176673,11.899722751212673,5.888674784660998,100.0,52.0,0.0,46.63962582419183,2.457863936056802,available,231.3945122164913,50.0065244349867,0.0,3.4308108486041964,normal,,normal,False
SOLAR_001,2026-01-23 15:30:00,solar,641.6224501106074,47.73460882216265,509.36794924733897,11.380290141601474,5.6222060064694155,100.0,52.0,0.0,47.69584093832637,2.1165220433349985,available,230.8424845772825,49.940936477216404,0.0,3.505683963134417,normal,,normal,False
SOLAR_001,2026-01-23 15:45:00,solar,566.8164133872361,42.03215888090735,510.111054277814,10.243986273390737,5.041998211200351,100.0,52.0,0.0,42.08274380779878,2.432534736780017,available,227.90316971675165,49.948454804840054,0.0,2.609463474420334,normal,,normal,False
SOLAR_001,2026-01-23 16:00:00,solar,468.18394027657075,40.3806621106283,513.5995653048564,8.410634589593553,4.230350209682464,100.0,52.0,0.0,39.570143891272615,2.6359785842226255,available,228.5303975116633,49.98114744253952,0.0,1.5943716254598383,normal,,normal,False
SOLAR_001,2026-01-23 16:15:00,solar,432.28444181060405,40.36034414036545,513.2684489576768,7.934625819779677,3.9535565460115074,100.0,52.0,0.0,40.55031434263851,2.4683625647927703,available,232.6887916420623,49.9292196742719,0.0,1.4851939812187371,normal,,normal,False
SOLAR_001,2026-01-23 16:30:00,solar,362.2568487957806,36.08745955308425,511.3584920996645,6.78986148035011,3.386601838659193,100.0,52.0,0.0,34.583665381235114,2.4104189636036812,available,230.94467898251395,50.01522285419804,0.0,0.9761828750555117,normal,,normal,False
SOLAR_001,2026-01-23 16:45:00,solar,349.10682895299016,39.00498505860055,507.7742056625769,6.616399391249333,3.2593500557047643,100.0,52.0,0.0,38.23124649612251,2.2074735838129285,available,231.78049849400114,50.067654943488336,0.0,1.0518764718918359,normal,,normal,False
SOLAR_001,2026-01-23 17:00:00,solar,269.8314832142548,34.35937961745899,504.1455146564998,5.255163428297631,2.5710155778027843,100.0,52.0,0.0,33.15960490547511,2.02772492919035,available,230.1475876249615,49.97120478936337,0.0,0.5432906486124343,normal,,normal,False
SOLAR_001,2026-01-23 17:15:00,solar,209.37028241321542,33.0215541613129,494.47050645872275,4.340763765314767,2.0658871053131764,99.98588640919114,51.99887091273529,-0.20628003697870878,34.31443828003542,2.0766134343279066,available,229.43653703197302,50.00380669533895,0.0,0.0,normal,,normal,False
SOLAR_001,2026-01-23 17:30:00,solar,111.80776157058649,29.0725675537916,504.0811678175101,2.1745906429979422,1.0514970798761685,98.54458637319718,51.88356690985577,-21.112427163278323,27.420669190063602,2.1468851072315758,available,231.53332326095085,49.97855196561644,0.0,0.0,normal,,normal,False
SOLAR_001,2026-01-23 17:45:00,solar,68.65222588952653,28.95446233488593,492.1907356855673,1.3463001779645996,0.6469051710779398,97.05639710300686,51.764511768240546,-21.849406218848372,27.775246837664756,1.7779290164225845,available,230.51870606891194,49.96851860743616,0.0,0.0,normal,,normal,False
SOLAR_001,2026-01-23 18:00:00,solar,9.166463719435535,28.409084018478328,492.30653089410794,0.05160067670171926,0.024651164335388064,94.65972282123933,51.57277782569915,-35.31848643676635,26.361494746996023,1.846123618478708,available,229.6600799978239,50.00947880339612,0.0,0.0,normal,,normal,False
SOLAR_001,2026-01-23 18:15:00,solar,0.0,25.168703347678075,499.35332937685223,0.06974802474488276,0.03381998945350819,92.48709311887563,51.39896744951005,-32.125131218217696,24.278691015680195,1.6850185632499188,available,227.17198588691718,49.96683472514442,0.0,0.0,normal,,normal,False
SOLAR_001,2026-01-23 18:30:00,solar,19.3627012468751,27.992320062836097,501.058308978522,0.3936391135129414,0.19008727135049008,90.12102303123251,51.209681842498604,-35.114712724429445,27.532799081922924,1.9883005379592593,available,231.90781659463914,49.9595799773755,0.0,0.0,normal,,normal,False
SOLAR_001,2026-01-23 18:45:00,solar,41.61296026157093,24.580752198581596,498.195660384683,0.9020366881623424,0.4338798971417752,88.1539963964561,51.052319711716486,-29.28251352478674,25.558532575640704,1.9288201395718498,available,230.88005262327877,49.91903543090353,0.0,0.0,normal,,normal,False
SOLAR_001,2026-01-23 19:00:00,solar,0.0,25.146144059027566,506.14212459437584,0.0,0.0,85.84743100617959,50.86779448049437,-34.46168080439068,24.924146219557812,1.752989696610143,available,228.78747590170428,50.00322941138693,0.0,0.0,normal,,normal,False
SOLAR_001,2026-01-23 19:15:00,solar,0.0,24.275849599753577,501.848406630074,0.03503091614734134,0.017205763627629076,83.21289637715078,50.65703171017206,-39.52553575419699,23.865262690921615,2.0194520816895256,available,232.3585054682561,50.053350469747635,0.0,0.0,normal,,normal,False
SOLAR_001,2026-01-23 19:30:00,solar,0.0,21.48344354543608,499.002368372819,0.02056098637598362,0.009920310173198468,81.09585417704966,50.48766833416397,-31.868219015931555,21.783351669081064,1.618872382250048,available,230.48762499813324,50.03536543942712,0.0,0.0,normal,,normal,False
SOLAR_001,2026-01-23 19:45:00,solar,28.911584880296832,23.677871924850525,505.5452397807272,0.5886646141687005,0.28966785141084805,79.28883405868761,50.34310672469501,-27.279510131651953,23.23496880197011,1.6630031413660014,available,230.52679767819015,50.07459966653743,0.0,0.0,normal,,normal,False
SOLAR_001,2026-01-23 20:00:00,solar,18.76239570653432,22.668375483721274,506.2604533902564,0.3065823828208648,0.1507016894029018,76.94619773292499,50.155695818634,-35.49753579369421,25.078283346412157,1.9311052969825013,available,231.76779115248968,49.96627422726352,0.0,0.0,normal,,normal,False
SOLAR_001,2026-01-23 20:15:00,solar,0.0,20.470135478462602,502.0502347738987,0.11844677745136578,0.05764640844501521,74.47500017671263,49.95800001413701,-37.59378162035966,19.879132055200632,1.9357565511664068,available,231.3374132406106,50.04254046936867,0.0,0.0,normal,,normal,False
SOLAR_001,2026-01-23 20:30:00,solar,0.658073959215737,21.874671473715953,496.89896936097,0.21971948658728546,0.10691400432855373,72.55395002924453,49.80431600233956,-29.314690558287555,22.288383256285734,1.5669121164043072,available,230.58734895826169,49.94486836907439,0.0,0.0,normal,,normal,False
SOLAR_001,2026-01-23 20:45:00,solar,0.0,21.123413487629765,497.7989182759131,0.0,0.0,70.25170936588451,49.62013674927076,-35.26195248100221,21.94986927098541,1.749702904153617,available,229.62282989291,50.03546293228639,0.0,0.0,normal,,normal,False
SOLAR_001,2026-01-23 21:00:00,solar,16.020488839377315,20.791631800023605,494.21304514802665,0.4025063562315071,0.19419021217754534,68.49927477623622,49.4799419820989,-26.91697352059438,20.171917795779464,1.5260405003102475,available,233.96732830846906,50.082209363949524,0.0,0.0,normal,,normal,False
SOLAR_001,2026-01-23 21:15:00,solar,0.0,20.00814216527476,499.83033248079795,0.0,0.0,66.36479559213227,49.30918364737058,-32.898621715581854,20.173514497916113,1.6222041799189995,available,228.53239835827196,50.02491907515561,0.0,0.0,normal,,normal,False
SOLAR_001,2026-01-23 21:30:00,solar,0.0,19.603654608553526,495.79983423422186,0.06742740752577571,0.03242475945765595,64.20777754444595,49.136622203555675,-33.36276778347564,19.10280915679117,1.671758475699257,available,231.49194367798816,50.083090580847184,0.0,0.0,normal,,normal,False
SOLAR_001,2026-01-23 21:45:00,solar,10.958215887526624,19.10698525961819,498.6837009232139,0.0374135050409248,0.018225772090983992,61.945032620582715,48.95560260964662,-35.12746346619777,19.381006067564883,1.7379119142270416,available,229.83228166725536,49.9700634000962,0.0,0.0,normal,,normal,False
SOLAR_001,2026-01-23 22:00:00,solar,0.0,19.26000367421664,501.0424012122206,0.0,0.0,59.74266371137794,48.77941309691023,-34.313663587347385,19.36092786527203,1.6738003709956246,available,230.90942725492633,49.99328844672433,0.0,0.0,normal,,normal,False
SOLAR_001,2026-01-23 22:15:00,solar,0.0,17.77125002910149,492.06516543198427,0.0,0.0,57.570243008195916,48.60561944065567,-33.96808339073123,17.63096703874268,1.651039734418339,available,232.46684663674054,49.95421581524131,0.0,0.0,normal,,normal,False
SOLAR_001,2026-01-23 22:30:00,solar,0.19035369952335135,22.436499697654437,494.945034925915,0.0,0.0,55.76951334642155,48.461561067713724,-28.24000120500213,21.28093614118505,1.3685545429485197,available,229.3768431460624,50.00173949242277,0.0,0.0,normal,,normal,False
SOLAR_001,2026-01-23 22:45:00,solar,14.31639744827538,16.42362278189109,497.9726077806587,0.3815771579180358,0.18550141588937868,53.84051945997507,48.307241556798004,-30.348148775491747,18.28731757909795,1.651536769588702,available,231.20367268426733,50.013483691021904,0.0,0.0,normal,,normal,False
SOLAR_001,2026-01-23 23:00:00,solar,29.636875358709,17.801639941624966,499.7898905251073,0.4242514112709407,0.20694977028014525,51.90815540980529,48.15265243278442,-30.49877013896641,18.388039179800728,1.675546448409179,available,230.53111456101954,50.00130175313162,0.0,0.0,normal,,normal,False
SOLAR_001,2026-01-23 23:15:00,solar,10.538752180429476,17.226746456916505,498.02443680104756,0.1821002070101034,0.08620671070502185,49.789435910948775,47.9831548728759,-33.55816897402855,15.638109104375163,1.6964335298359727,available,228.71739701144335,49.9762930526347,0.0,0.0,normal,,normal,False
SOLAR_001,2026-01-23 23:30:00,solar,14.459656025236805,20.955074794538717,498.9179282744545,0.24306132135946648,0.11789651729634075,48.089371096223424,47.84714968769787,-27.0036829283369,20.53470520453433,1.409945776487608,available,232.5161979974384,49.975464211964685,0.0,0.0,normal,,normal,False
SOLAR_001,2026-01-23 23:45:00,solar,0.0,15.391287118568012,497.1752512154978,0.1590031563323511,0.07676470307001838,45.9086922741322,47.67269538193057,-34.76446824564289,13.82189108946157,1.73408060785935,available,231.4223755913478,50.01725852959917,0.0,0.0,normal,,normal,False
SOLAR_001,2026-01-24 00:00:00,solar,0.0,17.87740266295569,494.2024006327655,0.043682609321349736,0.020936645732308606,44.24340756108967,47.53947260488717,-26.622432108811783,18.63948402900062,1.286553027644635,available,229.13090013697666,49.99203565348249,0.0,0.0,normal,,normal,False
SOLAR_001,2026-01-24 00:15:00,solar,11.771752180232072,17.801387939253,497.8609968904332,0.12502742254617344,0.060568671471374624,42.39573495284961,47.39165879622797,-29.63034462035354,17.779605236778817,1.4647998537338187,available,232.20718755447615,49.94240984974156,0.0,0.0,normal,,normal,False
SOLAR_001,2026-01-24 00:30:00,solar,3.0823348428102846,17.637347798465406,499.14732590027876,0.016360692383766726,0.007932043030452956,40.43413764641211,47.23473101171297,-31.56181735263438,17.64142557362812,1.4987459959229525,available,228.33716069985394,49.90513569770135,0.0,0.0,normal,,normal,False
SOLAR_001,2026-01-24 00:45:00,solar,0.0,18.869502281246188,498.758439585575,0.15599778518820848,0.07573474031042628,38.815150710875976,47.10521205687008,-26.12089017924308,18.027135055151042,1.3061648113178865,available,229.94213147422974,49.97022557565346,0.0,0.0,normal,,normal,False
SOLAR_001,2026-01-24 01:00:00,solar,0.0,18.82374403962063,500.44718367518584,0.07137269826636507,0.03459886220812011,36.87752924553277,46.95020233964262,-31.364983328675628,18.508180053356778,1.5071911758689585,available,229.14155233088778,49.93088656316418,0.0,0.0,normal,,normal,False
SOLAR_001,2026-01-24 01:15:00,solar,0.0,16.3385522975496,501.6755782819008,0.0,0.0,34.748348160537816,46.779867852843026,-34.59132526168132,17.12573639816255,1.6181776245961628,available,231.50262397804,49.95822150057353,0.0,0.0,normal,,normal,False
SOLAR_001,2026-01-24 01:30:00,solar,0.0,17.350912144624314,502.7269049075867,0.0,0.0,33.14426951053353,46.65154156084268,-26.132036224640313,18.40674429647209,1.2190997740032539,available,229.04063328893375,49.978834737450306,0.0,0.0,normal,,normal,False
SOLAR_001,2026-01-24 01:45:00,solar,26.671240701758293,15.00513100649313,497.46579665795446,0.533946200221166,0.2583719021980889,31.4875620271677,46.51900496217342,-27.066307380862032,15.8515521264379,1.517469589556121,available,231.5169662339221,49.992695041355475,0.0,0.0,normal,,normal,False
SOLAR_001,2026-01-24 02:00:00,solar,8.637102664239901,17.603086295365415,493.69681278432085,0.12563874183713733,0.0603197393896336,29.90823486604309,46.392658789283445,-25.872383126529645,16.050919430849316,1.2606083818443377,available,231.18892028517806,49.966699708404285,0.0,0.0,normal,,normal,False
SOLAR_001,2026-01-24 02:15:00,solar,24.71714852199566,16.798433664836274,505.08638546291445,0.3361200294025881,0.1656589174275255,27.44969866354346,46.19597589308348,-40.44697568948793,16.612317638291586,2.0341464313272435,available,229.24950170517366,50.109560055408075,0.0,0.0,normal,,normal,False
SOLAR_001,2026-01-24 02:30:00,solar,4.741654709738873,17.37181100122369,501.54178366244435,0.029872428076076218,0.014609338749604326,25.251172477351176,46.02009379818809,-36.30761616509184,17.625124458501784,1.6854892402557409,available,233.6594351829126,49.9369448483201,0.0,0.0,normal,,normal,False
SOLAR_001,2026-01-24 02:45:00,solar,1.464981055651399,15.230457538437424,496.18135059530425,0.17066796955050043,0.0820940467620325,23.139667350195083,45.85117338801561,-34.998971194444294,14.495681949086162,1.6868379434006617,available,228.50953070055306,50.06046062289702,0.0,0.0,normal,,normal,False
SOLAR_001,2026-01-24 03:00:00,solar,0.0,18.545130603587545,501.1108202259697,0.0,0.0,20.865698099145238,45.669255847931616,-37.84201425467618,16.886114876678203,1.7282166307978817,available,227.18197182788649,49.991871599515356,0.0,0.0,normal,,normal,False
SOLAR_001,2026-01-24 03:15:00,solar,0.21473159753820098,15.640227960457226,504.2719789330725,0.0,0.0,18.4654369026648,45.47723495221318,-40.11234436838512,14.353597414205138,1.8241985093251354,available,231.71219827333738,49.96712368043297,0.0,0.0,normal,,normal,False
SOLAR_001,2026-01-24 03:30:00,solar,0.2349706621579235,18.674827794702683,506.9167061009576,0.018613389629404797,0.009242810236497484,15.94906122282732,45.27592489782619,-42.23978904886613,20.174602563405116,1.9216883269129814,available,225.7011841184251,50.02937880051957,0.0,0.0,normal,,normal,False
SOLAR_001,2026-01-24 03:45:00,solar,0.0,16.897362958113334,501.0024411046309,0.22137031805887772,0.1081885865179906,14.200253298011194,45.1360202638409,-29.44641585791319,15.705901576773991,1.4372826093782463,available,232.98363365266127,49.97735612243658,0.0,0.0,normal,,normal,False
SOLAR_001,2026-01-24 04:00:00,solar,0.0,17.77579097899034,504.23868254939947,0.0008800169169976273,0.00042903837879798676,11.520507928134151,44.921640634250736,-45.336867762432796,17.82335167738794,2.037035519485351,available,230.20350775305272,49.959651765678025,0.0,0.0,normal,,normal,False
SOLAR_001,2026-01-24 04:15:00,solar,0.0,21.116677448117265,495.1615917107411,0.11046347009710743,0.053693767181118186,8.89361137415549,44.71148890993244,-44.65164166296154,20.960342453106666,2.0501351482049004,available,227.1460298503895,50.08949049511243,0.0,0.0,normal,,normal,False
SOLAR_001,2026-01-24 04:30:00,solar,7.442631793002986,20.806612710634464,499.8563889936133,0.09155770304751079,0.043911725092629555,6.563859521298159,44.525108761703855,-39.76658243886152,20.652831032903123,1.8145231332642013,available,228.10307099504524,49.890276997686584,0.0,0.0,normal,,normal,False
SOLAR_001,2026-01-24 04:45:00,solar,8.30430201574271,22.042420625762166,498.65994940297475,0.14249286013794063,0.06915025569674633,5.0,44.4,-26.768766580779303,21.722559158944527,1.8316065024769375,available,226.73182264896997,49.98775630872538,0.5739230105935902,0.0,normal,,normal,False
SOLAR_001,2026-01-24 05:00:00,solar,0.0,22.839590698751934,501.37027940681685,0.0012518415655926477,0.0006066221208631247,5.0,44.4,-0.0,23.628727712202963,1.262979270379051,available,230.76576590540708,50.00950358102471,1.2623726482581878,0.0,normal,,normal,False
SOLAR_001,2026-01-24 05:15:00,solar,8.439652845753928,19.95571242890119,506.4447757417449,0.09357933001446621,0.046416988540196776,5.0,44.4,-0.0,19.99132534795318,1.6634111226524246,available,227.3461716580155,50.07040112665888,1.6169941341122278,0.0,normal,,normal,False
SOLAR_001,2026-01-24 05:30:00,solar,0.0,23.56967346710568,500.99955757711706,0.0,0.0,5.0,44.4,-0.0,22.94401880714972,2.0450330687536082,available,231.00417806139188,49.98007845510772,2.0450330687536082,0.0,normal,,normal,False
SOLAR_001,2026-01-24 05:45:00,solar,0.0,19.551665258609518,496.2492370429325,0.08947630238234915,0.04289423768553985,5.0,44.4,-0.0,19.603009082844714,2.210692085108414,available,229.39035169709285,50.13305076221675,2.1677978474228743,0.0,normal,,normal,False
SOLAR_001,2026-01-24 06:00:00,solar,0.0,23.30741718609971,494.9462456804645,0.0,0.0,5.0,44.4,-0.0,22.029873022289415,2.1457673844233596,available,229.0492717195758,50.03795595306741,2.1457673844233596,0.0,normal,,normal,False
SOLAR_001,2026-01-24 06:15:00,solar,81.86825837519106,23.94106763336692,507.8911828356186,1.618761618686973,0.7945552999353515,5.0,44.4,-0.0,24.417012230620813,2.0142883949979065,available,231.01869193372318,49.88163535946228,1.219733095062555,0.0,normal,,normal,False
SOLAR_001,2026-01-24 06:30:00,solar,97.86464442560013,24.13748255114067,504.66569749394193,2.016105959705636,0.9853801562754513,5.0,44.4,-0.0,23.456515700804488,2.4439113266127124,available,231.24702265925617,49.92731586355162,1.458531170337261,0.0,normal,,normal,False
SOLAR_001,2026-01-24 06:45:00,solar,195.98081244469125,29.363403207462945,505.6941318282228,3.7263218439352546,1.824751233611496,5.0,44.4,-0.0,28.740032054693252,2.2888257561806857,available,232.2916057440909,50.01184670003959,0.4640745225691898,0.0,normal,,normal,False
SOLAR_001,2026-01-24 07:00:00,solar,283.971101592048,32.51670482755502,503.80145534781775,5.57580887812827,2.7142772466052856,5.803431577569032,44.46427452620552,15.216125018735793,33.02975236463598,2.037703286547153,available,228.73244332753876,49.942806687132155,0.0,0.0,normal,,normal,False
SOLAR_001,2026-01-24 07:15:00,solar,292.969093865432,33.15495183121662,507.5002364447346,5.591660761735627,2.756467977715538,6.011716806995921,44.48093734455967,3.9432192397331502,32.747635916609866,2.5810698897771056,available,229.94038107467813,50.027391662232084,0.0,0.0,normal,,normal,False
SOLAR_001,2026-01-24 07:30:00,solar,340.144340775143,33.73958169826113,503.70582902279455,6.500378436597505,3.1824550384401378,7.471725424216308,44.597738033937304,27.56823540874598,33.38856554369926,1.9529740976229701,available,228.72934573493717,49.97731351083676,0.0,0.0,normal,,normal,False
SOLAR_001,2026-01-24 07:45:00,solar,394.213267648018,35.418899897307206,510.3945672271946,7.20508167478321,3.548792249245807,9.42413025373757,44.75393042029901,36.737117104892775,36.58653013262189,1.9046618664910593,available,230.3259749510936,49.940198679806066,0.0,0.0,normal,,normal,False
SOLAR_001,2026-01-24 08:00:00,solar,518.9137197441079,39.574876187870196,505.3005194537039,9.633737269664744,4.681532771658465,12.441275449523928,44.99530203596191,56.46709176554887,38.601688454297964,2.1407789225752154,available,228.44342062945972,49.95177053130278,0.0,0.0,normal,,normal,False
SOLAR_001,2026-01-24 08:15:00,solar,509.05489112969576,39.43209464864031,509.674250880281,9.447719575752732,4.678288295271598,15.50503699916899,45.24040295993352,57.02888474052365,39.93047965035306,2.098278569254704,available,229.15180653899895,50.04259568025398,0.0,0.0,normal,,normal,False
SOLAR_001,2026-01-24 08:30:00,solar,602.2002318310872,42.54582358171178,509.6036559855368,11.158918389450136,5.531151005002163,19.45964318742316,45.55677145499385,73.09988347474453,43.495347609032756,2.2009563201565445,available,229.16199898045787,49.89885232280461,0.0,0.0,normal,,normal,False
SOLAR_001,2026-01-24 08:45:00,solar,683.0164867573171,44.477432192132014,500.15744573133503,12.648863047017604,6.15972864272152,23.857436490315603,45.90859491922525,80.66909678160032,45.64432939110366,2.4563237560752538,available,230.58672188805443,50.05226374125828,0.0,0.0,normal,,normal,False
SOLAR_001,2026-01-24 09:00:00,solar,696.1505593025222,46.167939719322604,512.7550611175973,12.536928387615253,6.253238051061978,28.53836663801125,46.2830693310409,85.16798844205599,48.344459738164865,2.311402137213011,available,230.00590993446914,50.05372684364039,0.0,0.0,normal,,normal,False
SOLAR_001,2026-01-24 09:15:00,solar,615.815095251144,40.84355730259017,511.4413304517279,11.159496337170927,5.581085660325871,32.39111194483634,46.591288955586904,69.63570172048739,40.20141706411201,2.336668559841583,available,231.01260321153745,49.98342965981027,0.0,0.0,normal,,normal,False
SOLAR_001,2026-01-24 09:30:00,solar,711.4658603959073,45.851066300329144,515.0255072702616,12.649712517512771,6.351955978523221,37.12114295926492,46.96969143674119,84.80328250644223,44.983130467034016,2.368771966372837,available,229.78600683570815,49.92977786785797,0.0,0.0,normal,,normal,False
SOLAR_001,2026-01-24 09:45:00,solar,872.007445583573,48.33983710452143,516.6362834479783,15.420928734286974,7.834752077069927,41.87114295926492,47.349691436741196,84.4778472388562,49.157052555930605,1.9116962269411881,available,228.84049466638106,50.02779321045495,0.0,1.9230558501287387,normal,,normal,False
SOLAR_001,2026-01-24 10:00:00,solar,803.4626618556313,49.45136704110394,524.3922358476151,13.738589228799514,7.099968898352581,46.62114295926492,47.72969143674119,83.80527674899014,50.3916081549713,2.086659330119384,available,230.38256579451496,49.97568203414119,0.0,1.013309568233197,normal,,normal,False
SOLAR_001,2026-01-24 10:15:00,solar,754.0315395035755,50.576562403722775,519.1562908192839,13.131219361219102,6.5527141929416155,51.37114295926492,48.109691436741194,83.14333101178892,49.78582775596534,2.326530480603825,available,228.16563211321832,49.92424411596315,0.0,0.22618371233779033,normal,,normal,False
SOLAR_001,2026-01-24 10:30:00,solar,934.009866357836,52.1925928680641,519.8140411821598,16.084287635957722,8.018163792015937,56.12114295926492,48.4896914367412,82.49176023770599,52.677397359293714,2.2471600293605314,available,231.1383156315587,50.0954570113973,0.0,1.7710037626554058,normal,,normal,False
SOLAR_001,2026-01-24 10:45:00,solar,885.3697834267243,52.14540991723175,520.921057930779,15.177126876223047,7.6686102579056525,60.87114295926492,48.86969143674119,81.85032240642964,54.86961677793087,2.379761060843574,available,229.4290696240703,49.95577933520389,0.0,1.2888491970620786,normal,,normal,False
SOLAR_001,2026-01-24 11:00:00,solar,1001.577545825188,56.23634654450323,522.8057505747458,16.73263039833538,8.50753284583555,65.62114295926492,49.249691436741195,81.21878296715428,56.34101095080969,2.7154922977516986,available,230.40903881939906,49.926392455663496,0.0,1.7920405480838522,normal,,normal,False
SOLAR_001,2026-01-24 11:15:00,solar,958.1441067127556,51.130127460897924,521.4328234234827,16.360054106333532,8.271512378358779,70.37114295926492,49.62969143674119,80.59691455262148,52.053626265812795,2.4264634767028146,available,230.44004800989052,50.01425254099038,0.0,1.8450489016559644,normal,,normal,False
SOLAR_001,2026-01-24 11:30:00,solar,956.249574052693,53.590230355680056,520.9557493251726,16.426901694299218,8.331063327608708,75.12114295926492,50.00969143674119,79.98449670619792,55.16696774127998,2.1817165440736175,available,233.20309096877108,49.996607628185814,0.0,2.1493467835350906,normal,,normal,False
SOLAR_001,2026-01-24 11:45:00,solar,962.4453054786484,55.23641703234122,522.8021661390246,16.24325763279951,8.225775474908485,79.87114295926492,50.389691436741195,79.38131562130256,57.74016318194508,2.290416558004437,available,230.76316740312555,50.07430941846217,0.0,1.9353589169040477,normal,,normal,False
SOLAR_001,2026-01-24 12:00:00,solar,956.4827683578785,50.328057904484524,510.2934623166756,16.87817910315153,8.324555338065112,84.62114295926492,50.76969143674119,78.78716389253582,50.5737575357802,2.792115181798451,available,230.14643790613954,49.98097398624588,0.0,1.5324401562666612,normal,,normal,False
SOLAR_001,2026-01-24 12:15:00,solar,1027.9615554384845,55.099323109172275,528.3133847978874,17.0757271091815,8.726207129245417,89.37114295926492,51.14969143674119,78.20184027790188,56.35235665502283,2.7555353097491744,available,228.61525836027909,49.98150218416492,0.0,1.9706718194962427,normal,,normal,False
SOLAR_001,2026-01-24 12:30:00,solar,1011.1590684363932,57.87037770059844,526.1878166063298,16.69365342341182,8.511685742853553,94.12114295926492,51.529691436741196,77.62514947155222,57.08188358433753,2.565325674747991,available,231.604770309861,50.01676141160981,0.0,1.9463600681055624,normal,,normal,False
SOLAR_001,2026-01-24 12:45:00,solar,922.2696585350612,55.54624927672284,520.4842486155018,15.570225832591984,7.89511493627194,98.87114295926492,51.90969143674119,77.0569018865105,55.57113022119653,2.1288567620423877,available,229.45958895917497,50.00997589606107,0.0,1.7662581742295522,normal,,normal,False
SOLAR_001,2026-01-24 13:00:00,solar,960.1256650354449,55.564618966941275,513.6664907241462,16.44533093485371,8.17343446284307,100.0,52.0,18.281085679920402,55.118166492041496,2.496027608850911,available,226.9490397081471,50.0115018857452,0.0,4.726790398636299,normal,,normal,False
SOLAR_001,2026-01-24 13:15:00,solar,953.0870744128413,56.135485782906024,523.7800043198738,16.000218655204442,8.117068110700773,100.0,52.0,0.0,54.250145115756645,2.502857978102938,available,229.60982355547733,50.01359757485672,0.0,5.614210132597835,normal,,normal,False
SOLAR_001,2026-01-24 13:30:00,solar,925.9901671413962,54.412524559783776,515.7020846539668,15.76753322463436,7.910592424152932,100.0,52.0,0.0,52.8094907869615,2.420853831308127,available,230.38297958873642,50.00823081474478,0.0,5.489738592844805,normal,,normal,False
SOLAR_001,2026-01-24 13:45:00,solar,830.8015381339098,52.46862777733383,520.0728188969535,14.078502353344515,7.094913229165519,100.0,52.0,0.0,52.89866035016311,2.289590522567838,available,228.36298860469464,49.97917585171891,0.0,4.80532270659768,normal,,normal,False
SOLAR_001,2026-01-24 14:00:00,solar,911.0601108917334,53.064502993055896,512.1888856685468,15.799009719938837,7.894497407463499,100.0,52.0,0.0,53.514191919038815,2.317185222929049,available,229.76363938978054,50.04163387983844,0.0,5.57731218453445,normal,,normal,False
SOLAR_001,2026-01-24 14:15:00,solar,827.8244312636983,51.49784071244134,525.5350198419434,13.916220181236607,7.060433352529755,100.0,52.0,0.0,50.45621213238163,2.246218344098731,available,229.8570343267018,49.982005129860525,0.0,4.814215008431024,normal,,normal,False
SOLAR_001,2026-01-24 14:30:00,solar,871.102344246922,51.296159754128325,510.09819975739026,15.249170728613874,7.50102084946427,100.0,52.0,0.0,52.853545116260214,2.127994211459251,available,229.88818421144836,50.040217514880126,0.0,5.373026638005019,normal,,normal,False
SOLAR_001,2026-01-24 14:45:00,solar,726.2433837633185,50.329418801085254,515.3127404308456,12.615953232473421,6.316028803009294,100.0,52.0,0.0,49.21943720397322,2.6115254804591883,available,232.46928373943092,50.069388104413925,0.0,3.7045033225501056,normal,,normal,False
SOLAR_001,2026-01-24 15:00:00,solar,634.9698169307455,48.21876236401302,505.65338676568496,11.439767237419126,5.622713484357647,100.0,52.0,0.0,48.47603132352149,2.4946608105398855,available,227.37688427763058,49.96612295663315,0.0,3.128052673817762,normal,,normal,False
SOLAR_001,2026-01-24 15:15:00,solar,614.6205899528434,47.255671235984515,513.0220264932161,11.10709424867902,5.502594988162428,100.0,52.0,0.0,46.84043177863921,2.239719728278369,available,234.06760491837113,50.120224170933454,0.0,3.2628752598840585,normal,,normal,False
SOLAR_001,2026-01-24 15:30:00,solar,562.0091746898566,42.99153960676827,510.47408775962134,10.026769086625258,4.9992389610842425,100.0,52.0,0.0,43.09848763098589,2.344378304727478,available,229.93432935961758,49.96436935474122,0.0,2.6548606563567643,normal,,normal,False
SOLAR_001,2026-01-24 15:45:00,solar,513.5716838159958,40.67150968870511,515.6601382360159,9.55568984211439,4.827089213051744,100.0,52.0,0.0,41.57004295531796,2.327946782936928,available,231.16042246790494,49.96473059106741,0.0,2.499142430114816,normal,,normal,False
SOLAR_001,2026-01-24 16:00:00,solar,424.9570295618621,41.48913369847763,508.29848227363254,7.786034671789595,3.8264766462956796,100.0,52.0,0.0,42.24647571478828,2.6935767116152123,available,230.2556725330757,50.02699954157469,0.0,1.1328999346804673,normal,,normal,False
SOLAR_001,2026-01-24 16:15:00,solar,471.9855257594238,41.230919653573196,513.4002681357654,8.63033309651708,4.330840639151696,100.0,52.0,0.0,41.93876191734465,2.3735436467816915,available,226.5479528564696,50.02207812021974,0.0,1.9572969923700048,normal,,normal,False
SOLAR_001,2026-01-24 16:30:00,solar,354.6319473779373,37.620005199794946,503.55718637694713,6.546544611585717,3.158398594325295,100.0,52.0,0.0,38.20016082721166,2.339161468309911,available,227.88684469002825,50.003590761275504,0.0,0.8192371260153837,normal,,normal,False
SOLAR_001,2026-01-24 16:45:00,solar,307.1950041282724,34.61841860692631,505.3009428938842,5.9441892129584355,2.929657359397751,100.0,52.0,0.0,33.34567416518354,2.1522439620002896,available,228.95144824072443,50.04091255439886,0.0,0.7774133973974613,normal,,normal,False
SOLAR_001,2026-01-24 17:00:00,solar,280.2709235978012,35.14526880890018,504.1287325103684,5.338013358267602,2.5987731361958253,100.0,52.0,0.0,36.27979844014985,2.0295837786140996,available,231.98743963623394,50.01263150212517,0.0,0.5691893575817257,normal,,normal,False
SOLAR_001,2026-01-24 17:15:00,solar,187.86854339979035,30.164817327034868,505.8841594628542,3.630870349968172,1.7906600517701858,99.24516757411922,51.939613405929535,-11.044992560608915,29.104528833271644,2.3643326954395807,available,227.23135772850057,50.103287099875004,0.0,0.0,normal,,normal,False
SOLAR_001,2026-01-24 17:30:00,solar,134.36729431296462,30.989059918498292,504.08402155002926,2.409547385732553,1.1723380082574686,97.90720283496817,51.83257622679746,-19.618033209568274,30.883025826648307,2.18919121001226,available,228.28852514591784,49.997338729106346,0.0,0.0,normal,,normal,False
SOLAR_001,2026-01-24 17:45:00,solar,44.833903064163586,29.439253883135535,504.1969632042963,0.8807425284374955,0.430593611444256,96.02176940615445,51.681741552492355,-27.726027855369857,29.087926961800076,1.8635230173426847,available,230.32970168055652,49.957275318920686,0.0,0.0,normal,,normal,False
SOLAR_001,2026-01-24 18:00:00,solar,1.916751502848272,28.30622041915078,501.06732241315893,0.12215013903971533,0.0591213623877475,93.34854315815416,51.46788345265233,-39.47416936912182,28.656343711773516,2.090773310867968,available,230.94571289556586,49.972414535156915,0.0,0.0,normal,,normal,False
SOLAR_001,2026-01-24 18:15:00,solar,9.205181931138695,26.658547883556086,502.6452593064525,0.15841629193262702,0.07715322858923702,90.63684239375763,51.25094739150061,-40.211794822023855,26.173832637180546,2.138045809530598,available,230.885441753663,50.023566219086476,0.0,0.0,normal,,normal,False
SOLAR_001,2026-01-24 18:30:00,solar,5.896810516880315,22.98807128403069,496.40854428522744,0.23801490185387295,0.11568910371130883,88.78630565884829,51.10290445270786,-27.521095593160016,22.829560671215525,1.5220970222424044,available,228.03198977255258,50.02429758433277,0.0,0.0,normal,,normal,False
SOLAR_001,2026-01-24 18:45:00,solar,10.263616270417646,25.010407507790475,501.5551946675249,0.31756554462101727,0.1544123892430626,86.7161482807789,50.93729186246231,-30.887382304911803,26.629275546099844,1.727731996575809,available,226.8040172796173,50.01032380159589,0.0,0.0,normal,,normal,False
SOLAR_001,2026-01-24 19:00:00,solar,25.426942211452175,27.845196171372873,506.4328237097827,0.4330700088230735,0.21505540732283687,84.4253206655302,50.754025653242415,-34.30326885760607,26.549942798189004,1.956084394911847,available,231.07811928642607,49.957524821396454,0.0,0.0,normal,,normal,False
SOLAR_001,2026-01-24 19:15:00,solar,16.86539775445815,22.660895653587026,493.2800289304496,0.5067865164420753,0.24200579555616158,82.8089335809359,50.624714686474874,-24.265898423322152,22.658429221885548,1.4704599798478262,available,232.86624788307947,50.0554324059972,0.0,0.0,normal,,normal,False
SOLAR_001,2026-01-24 19:30:00,solar,1.2833030429538652,23.02962687116816,501.9560318198757,0.030279389260384867,0.014856320494167335,80.88826265756158,50.47106101260493,-28.92172013978322,21.915499706900572,1.4745662222586509,available,229.30939676924862,50.09684953283441,0.0,0.0,normal,,normal,False
SOLAR_001,2026-01-24 19:45:00,solar,0.0,24.75465427358857,502.7071191117525,0.004947736852794821,0.0023924270416060623,78.59288724403396,50.28743097952272,-34.69028503347793,25.429003913155164,1.746877741322597,available,227.71062703103195,50.001461266094765,0.0,0.0,normal,,normal,False
SOLAR_001,2026-01-24 20:00:00,solar,0.0,23.11396756739273,505.8447455098867,0.009783755142396405,0.004793499542085437,76.13431441209066,50.09074515296725,-37.30260643100489,22.387238754915796,1.8733088518189887,available,229.14023935507032,50.090530247157204,0.0,0.0,normal,,normal,False
SOLAR_001,2026-01-24 20:15:00,solar,0.0,25.470158229605524,502.9041877331608,0.006891546405048493,0.003352523704089642,73.69458071101525,49.89556645688122,-37.1615705459457,25.50869466985729,1.8575501365214029,available,230.78812514676946,50.043312799822104,0.0,0.0,normal,,normal,False
SOLAR_001,2026-01-24 20:30:00,solar,4.542224964146052,20.335467522705137,500.40126376863486,0.0,0.0,71.0070316748516,49.68056253398813,-41.11340861100354,19.01080258876898,2.042537267484368,available,229.53371368644673,50.11093435873234,0.0,0.0,normal,,normal,False
SOLAR_001,2026-01-24 20:45:00,solar,0.0,19.419345489855758,501.72029278204013,0.0,0.0,68.7442064632952,49.49953651706362,-34.742692190461874,20.710885321050597,1.7197471607828687,available,232.81438728302962,50.023632204528425,0.0,0.0,normal,,normal,False
SOLAR_001,2026-01-24 21:00:00,solar,0.0,22.33618815375276,497.05984866175464,0.0,0.0,66.62937570306632,49.33035005624531,-32.58179550603992,22.40897807067509,1.6072713777739494,available,231.84994143880857,50.00683015378864,0.0,0.0,normal,,normal,False
SOLAR_001,2026-01-24 21:15:00,solar,0.0,18.317190426455483,498.448127710569,0.16313991484787274,0.0783446038994582,64.89009206424532,49.191207365139626,-26.871785351638124,18.454955940853324,1.4002001694034107,available,230.3686761324085,50.04212006164898,0.0,0.0,normal,,normal,False
SOLAR_001,2026-01-24 21:30:00,solar,0.0,19.44351801371265,494.657188641192,0.16032143352430814,0.07652348350595352,62.93016839309061,49.03441347144725,-30.377481540488784,20.27257963472603,1.566065473583537,available,226.09135420074128,49.978320750033035,0.0,0.0,normal,,normal,False
SOLAR_001,2026-01-24 21:45:00,solar,0.0,19.286109477010154,505.9481180573769,0.08419226221521137,0.041517947436594906,60.65934393437139,48.85274751474971,-35.32711416293506,18.034700950746583,1.7673445360632,available,228.61547274231776,50.02035586939298,0.0,0.0,normal,,normal,False
SOLAR_001,2026-01-24 22:00:00,solar,0.0,20.604236741773054,501.8006292758034,0.0,0.0,58.342458396220835,48.66739667169767,-36.18095746671471,19.98921443302652,1.7608330089944264,available,228.90395534730868,50.066535822331,0.0,0.0,normal,,normal,False
SOLAR_001,2026-01-24 22:15:00,solar,0.0,19.65852329968503,496.33555015870155,0.0,0.0,56.17228593877874,48.4937828751023,-34.01118596798084,19.828577461264842,1.649331067655989,available,228.50676803670402,50.04097552278594,0.0,0.0,normal,,normal,False
SOLAR_001,2026-01-24 22:30:00,solar,0.0,19.13212398922665,501.0854278506503,0.0,0.0,53.94376331058287,48.31550106484663,-35.05453032880061,17.370135646018433,1.6936771974288642,available,230.38164254372984,49.99845211709641,0.0,0.0,normal,,normal,False
SOLAR_001,2026-01-24 22:45:00,solar,0.0,17.57606639702968,504.63739083997734,0.1924789900320776,0.09456605391614914,51.66140528475922,48.132912422780734,-36.037547123473246,15.92143971183707,1.8291581535421209,available,230.42288416207046,50.01002077970491,0.0,0.0,normal,,normal,False
SOLAR_001,2026-01-24 23:00:00,solar,6.835539392976545,19.931216686956258,503.97116930181755,0.06970922438453786,0.033879087284537104,49.62652546961531,47.970122037569226,-32.23899781405975,19.10995436150042,1.580387746793911,available,226.65185026368957,50.03788383906509,0.0,0.0,normal,,normal,False
SOLAR_001,2026-01-24 23:15:00,solar,13.32401514490237,24.09372725198464,496.28944554733437,0.03212518731873501,0.015501573638684943,47.23625070944438,47.77890005675555,-38.02115192212455,22.952729608969356,1.8321103913685932,available,231.6091961241223,50.036222330489494,0.0,0.0,normal,,normal,False
SOLAR_001,2026-01-24 23:30:00,solar,0.0,18.569766420805365,487.46464473648183,0.10566566412650194,0.05005896595945804,45.448801395546404,47.63590411164371,-28.51759621017474,18.22590307388486,1.4085204445219162,available,230.03224741265265,50.03750321915643,0.0,0.0,normal,,normal,False
SOLAR_001,2026-01-24 23:45:00,solar,0.0,17.520997404854516,501.5815443395855,0.14957718545979923,0.0726713953756269,43.52296734257416,47.48183738740593,-30.82513147747558,18.04342954646006,1.5363052756345303,available,230.71528282701723,50.01697190527098,0.0,0.0,normal,,normal,False
SOLAR_001,2026-01-25 00:00:00,solar,9.673735862503394,15.533568156050869,496.45252147264705,0.36934281829851245,0.17822493172074128,41.84453520795946,47.34756281663676,-26.94137451693622,16.2834484831371,1.453833354027916,available,231.48965266973704,49.958772768028105,0.0,0.0,normal,,normal,False
SOLAR_001,2026-01-25 00:15:00,solar,0.0,16.178280863201657,502.48931002392203,0.10332040737343207,0.05038638057303249,39.661485036489196,47.172918802919135,-35.17098734655208,17.98769151163699,1.70950451089043,available,228.46606056131967,49.966742356809696,0.0,0.0,normal,,normal,False
SOLAR_001,2026-01-25 00:30:00,solar,0.0,16.739320619462372,503.80108155334494,0.11924544440537871,0.058423119173584434,37.960787926107734,47.03686303408862,-27.47908173538672,16.71669617550599,1.3509529230634958,available,232.51781137863165,50.02305833823868,0.0,0.0,normal,,normal,False
SOLAR_001,2026-01-25 00:45:00,solar,21.536972607353228,16.75151149211291,504.4545324446535,0.4462688193663242,0.2168669776680257,36.27996351683165,46.902397081346535,-27.235847857291404,16.905870290481325,1.4942935287178483,available,229.71641288582566,50.04157297097545,0.0,0.0,normal,,normal,False
SOLAR_001,2026-01-25 01:00:00,solar,15.915379296830167,17.37376773063048,506.9789619439141,0.11873073929897573,0.05857311397282548,34.78677277205196,46.782941821764155,-24.257238254833833,17.34888716849455,1.1933980800053885,available,233.02509445313387,50.035096811200745,0.0,0.0,normal,,normal,False
SOLAR_001,2026-01-25 01:15:00,solar,10.827900042190551,19.95270915359547,504.9454276723092,0.2215271369884507,0.1090775150603342,32.70298442497191,46.616238753997756,-33.972692480365026,20.27297741826863,1.6927566588411747,available,228.21213512943766,49.96623916418245,0.0,0.0,normal,,normal,False
SOLAR_001,2026-01-25 01:30:00,solar,16.66160318509367,19.34717642606452,506.99819531513606,0.39736250831672987,0.1957415100595711,30.547891325688425,46.443831306055074,-35.26562536717144,19.74554383438933,1.8336122655150178,available,232.87649321386178,49.99244163155087,0.0,0.0,normal,,normal,False
SOLAR_001,2026-01-25 01:45:00,solar,0.0,16.896253962475008,505.51624137294135,0.0,0.0,28.207695461780123,46.256615636942406,-38.44961054932624,17.818371721956062,1.7785488565703096,available,228.19203195126488,49.941286066780684,0.0,0.0,normal,,normal,False
SOLAR_001,2026-01-25 02:00:00,solar,24.36903984227593,16.03532529503463,505.86487029608867,0.4811304903336241,0.23595163802374372,26.185508023665367,46.09484064189323,-33.34131177298049,16.953533546638994,1.772814090990958,available,235.09756257321118,49.930428566019756,0.0,0.0,normal,,normal,False
SOLAR_001,2026-01-25 02:15:00,solar,7.05711809850736,19.553968510350565,499.8365274428089,0.04782085585475393,0.023292058089809307,23.855999213704795,45.90847993709638,-38.56426302931108,20.07333178319651,1.7937187536598445,available,228.0963324732318,50.004073965016325,0.0,0.0,normal,,normal,False
SOLAR_001,2026-01-25 02:30:00,solar,18.19406491210323,17.91411348503153,494.84269427507047,0.27687698881090417,0.13294493619830214,21.684966547444343,45.73479732379555,-36.07723053141127,19.42428630668534,1.7829297625562452,available,232.1131734409108,50.06790781823511,0.0,0.0,normal,,normal,False
SOLAR_001,2026-01-25 02:45:00,solar,6.968912024094527,15.306362971470008,509.92908101792966,0.32219913756847507,0.15842672246127712,19.54532906234645,45.563626324987716,-35.689092810038474,15.333120031108864,1.784551211135676,available,229.275211552615,50.00499020003524,0.0,0.0,normal,,normal,False
SOLAR_001,2026-01-25 03:00:00,solar,0.8806468442428115,19.028483522354556,500.25181174086407,0.20536485108285413,0.1000734356590273,17.285445898750723,45.38283567190006,-37.844951266370344,18.416915823056975,1.8175846399917788,available,231.4300447673331,50.095406771443685,0.0,0.0,normal,,normal,False
SOLAR_001,2026-01-25 03:15:00,solar,0.0,19.71824274023238,504.91483225589695,0.0,0.0,15.216817007667228,45.21734536061338,-34.76891322755288,19.270197688144556,1.5721579572234572,available,229.91894986574866,49.99179480144136,0.0,0.0,normal,,normal,False
SOLAR_001,2026-01-25 03:30:00,solar,6.608598783951698,14.972878980158143,497.7989006759031,0.16635789426785008,0.08044548245809224,13.104220710582998,45.04833765684664,-35.64111950177572,14.867044133215902,1.6860186682421063,available,227.81753924927457,50.001560860407345,0.0,0.0,normal,,normal,False
SOLAR_001,2026-01-25 03:45:00,solar,0.0,17.500289384447804,503.85568977018255,0.0,0.0,10.783112753631839,44.86264902029055,-39.32095152216798,16.41665430341489,1.7640420472828815,available,224.40633968537514,49.95044965544904,0.0,0.0,normal,,normal,False
SOLAR_001,2026-01-25 04:00:00,solar,15.621769801172023,19.275115759761896,490.22014669984014,0.39150523443456386,0.18573601097499604,8.780319383519863,44.70242555068159,-34.050120156441785,18.661748198608773,1.7078589722600972,available,235.01516659238578,49.982637800833146,0.0,0.0,normal,,normal,False
SOLAR_001,2026-01-25 04:15:00,solar,0.0,20.486345661262447,498.3582264359962,0.17654460970759056,0.08541864478862235,6.935201597459522,44.55481612779676,-31.47335438179492,19.346508032860623,1.4877081621944814,available,230.14604845123003,49.940503088319026,0.0,0.0,normal,,normal,False
SOLAR_001,2026-01-25 04:30:00,solar,0.0,18.9650501200027,499.60635566643083,0.0,0.0,5.0,44.4,-33.125072388946776,19.30901038163767,1.5807906580569222,available,224.11293984413388,49.9227331357858,0.11003744398768545,0.0,normal,,normal,False
SOLAR_001,2026-01-25 04:45:00,solar,36.806818472579636,19.78296597771637,501.85043507322075,0.794944506965802,0.3879966549306845,5.0,44.4,-0.0,20.136787076844517,1.9013474636182721,available,230.6052172129298,49.94135343580559,1.5133508086875875,0.0,normal,,normal,False
SOLAR_001,2026-01-25 05:00:00,solar,0.0,21.590753874520423,504.2880987064044,0.053443879007628335,0.0261502324303571,5.0,44.4,-0.0,19.82183884772806,2.0646866114482494,available,231.37917331305965,50.004263754498304,2.0385363790178923,0.0,normal,,normal,False
SOLAR_001,2026-01-25 05:15:00,solar,0.0,20.20149560849575,495.6234283134787,0.053226551122150516,0.025507493894537287,5.0,44.4,-0.0,19.547413465253463,1.9140777369246837,available,228.569838432972,49.96316468598822,1.8885702430301465,0.0,normal,,normal,False
SOLAR_001,2026-01-25 05:30:00,solar,0.0,22.134297949267417,502.6398727556808,0.1634189562839354,0.08022625315075725,5.0,44.4,-0.0,23.95948679518768,2.494227585871816,available,228.5832909241928,49.975006359131896,2.4140013327210585,0.0,normal,,normal,False
SOLAR_001,2026-01-25 05:45:00,solar,6.04522211194483,20.2337808132146,504.90666790654694,0.3236353493810144,0.15867078967005444,5.0,44.4,-0.0,20.863560821024105,1.7866161058153815,available,229.96031630592003,50.020493528486234,1.6279453161453272,0.0,normal,,normal,False
SOLAR_001,2026-01-25 06:00:00,solar,0.0,20.159767155427758,509.383646331017,0.0,0.0,5.0,44.4,-0.0,20.614103658472953,2.0889884284131397,available,232.40518846152435,49.92256008137392,2.0889884284131397,0.0,normal,,normal,False
SOLAR_001,2026-01-25 06:15:00,solar,61.09989910819766,25.294768959947636,504.134574519953,1.2773122358339404,0.6291801140539566,5.0,44.4,-0.0,24.630515702714625,2.287671930283453,available,230.19992023964605,50.004051802937624,1.6584918162294964,0.0,normal,,normal,False
SOLAR_001,2026-01-25 06:30:00,solar,143.8784614391793,27.062058055914942,500.7724999184761,2.8578423741154833,1.3982141835860602,5.0,44.4,-0.0,27.349340609954176,2.271872210732139,available,232.92645060868497,50.04240377179895,0.8736580271460788,0.0,normal,,normal,False
SOLAR_001,2026-01-25 06:45:00,solar,159.5920584876569,28.915663157434732,498.8147478118895,3.085952204172826,1.4976012886596863,5.0,44.4,-0.0,28.901153239046675,2.2188040172621815,available,232.26243834506047,50.04672797455398,0.7212027286024951,0.0,normal,,normal,False
SOLAR_001,2026-01-25 07:00:00,solar,249.29162916733137,29.43340122780112,512.4931900935113,4.804451365441274,2.3846550500473485,5.064286125917066,44.405142890073364,1.2191309713113023,28.63665486983663,2.330519365064556,available,229.54243045147297,50.025828352487665,0.0,0.0,normal,,normal,False
SOLAR_001,2026-01-25 07:15:00,solar,317.4828273816049,31.20223463543151,509.37815704843496,6.144038740981663,3.0133776721999204,6.082746739814391,44.48661973918515,19.278853918552795,30.708445150358116,2.1557266289179626,available,226.85895248161367,49.99739088649037,0.0,0.0,normal,,normal,False
SOLAR_001,2026-01-25 07:30:00,solar,410.74622356702497,37.223417266027354,507.56576612098087,7.718171776311564,3.8040039107656063,7.625570510283573,44.61004564082268,29.12393382642695,36.752163847288806,2.5047838935284004,available,229.5466583224073,49.96881305517615,0.0,0.0,normal,,normal,False
SOLAR_001,2026-01-25 07:45:00,solar,436.69720817216216,33.99862431242524,502.36650062749277,8.292205096197632,4.0635529669904695,9.53494135198984,44.762795308159184,35.92025976152536,32.509951051419186,2.455661731869403,available,231.05296480079005,49.99588206233798,0.0,0.0,normal,,normal,False
SOLAR_001,2026-01-25 08:00:00,solar,541.947718613458,41.23761734482503,506.27526419640776,9.963555251150938,4.901908874092171,12.916174695143047,45.03329397561144,63.22776201483982,39.914050079028186,2.0545544798578907,available,230.11978695275894,50.082673161396166,0.0,0.0,normal,,normal,False
SOLAR_001,2026-01-25 08:15:00,solar,522.8408655041892,41.30185495595044,513.6366858154878,9.471056838804092,4.634957744121562,15.671931787829385,45.25375454302635,51.280552855110585,41.102386172876784,2.314320192385698,available,231.26884966338258,50.013653310127346,0.0,0.0,normal,,normal,False
SOLAR_001,2026-01-25 08:30:00,solar,545.8838588109127,41.61601476822756,513.590560676678,9.840328477443766,4.924268860212048,19.186677120217283,45.53493416961738,65.00032550916423,40.768016676844475,1.9644833171485536,available,231.72683995229943,49.994655906483786,0.0,0.0,normal,,normal,False
SOLAR_001,2026-01-25 08:45:00,solar,613.2430302863908,41.3953853131771,505.40159006613555,11.369044268945938,5.600316718428126,22.748290422263103,45.81986323378105,65.4574914744558,41.094467176714375,2.6010634114421727,available,231.06171710683176,50.02818463838986,0.0,0.0,normal,,normal,False
SOLAR_001,2026-01-25 09:00:00,solar,619.381028956937,41.75973996883539,516.6725858497383,11.224689394673529,5.6167699416194035,26.612089574494547,46.128967165959565,70.53540978216755,40.1540871272122,2.3630443397402936,available,229.44934289189536,50.00248621244287,0.0,0.0,normal,,normal,False
SOLAR_001,2026-01-25 09:15:00,solar,712.0260173415176,45.37455840517786,508.76305035669975,12.950915798202542,6.42384031919671,31.143302005953146,46.491464160476255,82.07437442380348,46.17588441225542,2.608082482178942,available,231.03976694998403,50.01128964753395,0.0,0.0,normal,,normal,False
SOLAR_001,2026-01-25 09:30:00,solar,758.9455171021423,45.292408415367504,521.2831030802338,13.295157116620972,6.74438523445506,35.893302005953146,46.87146416047625,85.3397706183232,47.37288785688787,2.33513750217749,available,234.4709684630579,49.987664142263434,0.0,0.4092477322775707,normal,,normal,False
SOLAR_001,2026-01-25 09:45:00,solar,846.5642702786947,48.33698646453745,517.4636159056707,14.7769199162308,7.390914157904274,40.643302005953146,47.25146416047625,84.6534614549748,49.36438206403851,2.0029078257830832,available,227.02024087865797,49.97925311229626,0.0,1.3880063321211908,normal,,normal,False
SOLAR_001,2026-01-25 10:00:00,solar,800.6978578036989,49.93429535066188,515.4668222806915,14.13498068308496,7.113844390045937,45.393302005953146,47.63146416047625,83.97810293052318,51.064830045822205,2.9171849399169956,available,230.97457493378292,50.04980001300983,0.0,0.1966594501289416,normal,,normal,False
SOLAR_001,2026-01-25 10:15:00,solar,717.1963672022787,48.16681150374604,521.8980721870964,12.452877493066092,6.262971270161557,49.945180488056494,47.995614439044516,79.86481414677165,48.792934001746715,2.4298104431271574,available,233.66400657011147,49.902482515480365,0.0,0.0,normal,,normal,False
SOLAR_001,2026-01-25 10:30:00,solar,879.62885575046,49.96983253599772,519.8915878040089,15.232459777894688,7.679384201164788,54.695180488056494,48.37561443904452,82.68628825459535,50.23541837714383,2.215704064949719,available,227.65082000783113,50.02393008683741,0.0,1.4636801362150687,normal,,normal,False
SOLAR_001,2026-01-25 10:45:00,solar,824.658522199999,51.450933244067905,524.2383130239222,14.049546460370127,7.138569365140078,59.445180488056494,48.75561443904452,82.04183345901423,51.53745614472821,2.655271015950975,available,232.00220018369183,49.97616235067493,0.0,0.4832983491891021,normal,,normal,False
SOLAR_001,2026-01-25 11:00:00,solar,865.8756948105258,52.39052515536392,519.6404189793396,14.94636792167066,7.501679977634102,64.1951804880565,49.13561443904452,81.40734670087873,51.47599854241504,2.84183807807894,available,232.26943448913326,49.904739376808465,0.0,0.659841899555162,normal,,normal,False
SOLAR_001,2026-01-25 11:15:00,solar,905.613217564939,55.18326901171795,520.1709830736875,15.420598564790831,7.792891659115309,68.9451804880565,49.51561443904452,80.78259848565834,55.87332477274551,2.400865741290051,available,227.04630769018226,49.95126952887738,0.0,1.3920259178252579,normal,,normal,False
SOLAR_001,2026-01-25 11:30:00,solar,913.1057645593772,54.14850550436473,518.6878954970846,15.658918175960828,7.931643254306403,73.6951804880565,49.89561443904452,80.16736631005196,54.77921395351168,2.42630170547282,available,231.4247234288364,49.998197695535104,0.0,1.5053415488335826,normal,,normal,False
SOLAR_001,2026-01-25 11:45:00,solar,968.2659453448579,56.423031120688755,521.0090470358407,16.251068661552477,8.265768046665489,78.4451804880565,50.27561443904452,79.56143439777759,55.960021534407,2.4966457623996874,available,229.45736819767774,50.00507396145852,0.0,1.7691222842658014,normal,,normal,False
SOLAR_001,2026-01-25 12:00:00,solar,870.0680811686581,53.22879919963525,526.791803519157,14.56860162859417,7.472150567892289,83.1951804880565,50.65561443904452,78.964593447254,53.75480328254621,2.2278058736895803,available,229.8791084069803,50.037000222775674,0.0,1.2443446942027085,normal,,normal,False
SOLAR_001,2026-01-25 12:15:00,solar,909.3914789258347,55.070177600514256,517.9461217845278,15.631650805808581,7.784808388964606,87.9451804880565,51.03561443904452,78.37664039055483,54.37623230023064,2.3109030255410974,available,229.3500905495606,50.04040091172725,0.0,1.4739053634235084,normal,,normal,False
SOLAR_001,2026-01-25 12:30:00,solar,923.9463597441029,52.10809728836759,522.4207178247988,15.850102515839952,7.976698032229822,92.6951804880565,51.41561443904452,77.79737816305155,51.477841919739134,2.802535360491219,available,232.62537818286927,49.92266425183864,0.0,1.1741626717386033,normal,,normal,False
SOLAR_001,2026-01-25 12:45:00,solar,878.7289163482344,52.770618685709714,516.0939312760328,15.09093968339376,7.561163026211457,97.4451804880565,51.79561443904452,77.22661548319665,53.54572403479471,2.4149120886015507,available,229.77575795920114,50.01887517931757,0.0,1.1462509376099064,normal,,normal,False
SOLAR_001,2026-01-25 13:00:00,solar,801.7154198500957,50.9844113439111,511.0515880550675,14.196337865720064,7.0361672939584015,100.0,52.0,41.373595335117514,51.414938777462986,2.2671552262250385,available,229.07337293069872,50.03642719867114,0.0,2.6175851103072523,normal,,normal,False
SOLAR_001,2026-01-25 13:15:00,solar,862.7431227415236,52.18796561080539,519.7684375513825,14.741952404165726,7.413447082287973,100.0,52.0,0.0,51.95602127406875,2.3357101790001424,available,229.1072489733156,50.0109461310466,0.0,5.07773690328783,normal,,normal,False
SOLAR_001,2026-01-25 13:30:00,solar,907.053834081895,54.28228982713914,519.9592123441034,15.537082118848708,7.913251697757523,100.0,52.0,0.0,53.93462367234324,2.630310527096106,available,229.31802008822183,50.02512207426034,0.0,5.282941170661417,normal,,normal,False
SOLAR_001,2026-01-25 13:45:00,solar,812.1356732431467,52.12045827564491,517.4972497528838,14.133894044421035,7.0986951962107385,100.0,52.0,0.0,52.295231024951036,2.0084133566647218,available,227.84092896013894,49.903373959676344,0.0,5.090281839546017,normal,,normal,False
SOLAR_001,2026-01-25 14:00:00,solar,746.6307602748763,50.01563540650211,511.33656819259977,13.050378486442574,6.491039645675338,100.0,52.0,0.0,48.180234857770564,2.4406414111737673,available,229.05573188486105,49.95048925052921,0.0,4.0503982345015705,normal,,normal,False
SOLAR_001,2026-01-25 14:15:00,solar,810.4059786490119,50.623244550859035,517.8465965446173,14.101740799904842,7.119532989619462,100.0,52.0,0.0,49.86547513301147,2.866605074544638,available,230.23533924940685,50.068302350119104,0.0,4.2529279150748245,normal,,normal,False
SOLAR_001,2026-01-25 14:30:00,solar,667.99345713762,46.063398036251826,516.9323213423825,11.909171412720992,5.973240240761404,100.0,52.0,0.0,44.798288923236,2.763221528588862,available,230.80876283996503,49.98601458389293,0.0,3.210018712172542,normal,,normal,False
SOLAR_001,2026-01-25 14:45:00,solar,713.4350726222001,49.75976511751818,511.4816736252093,12.82258413430096,6.446728913118492,100.0,52.0,0.0,49.77161818517836,2.4529684695292744,available,232.4080781156856,50.11115519573679,0.0,3.993760443589218,normal,,normal,False
SOLAR_001,2026-01-25 15:00:00,solar,615.2574063154877,45.968212209299026,508.7281693378389,11.006713271259894,5.405114618792404,100.0,52.0,0.0,47.05683066996125,2.5814865735427426,available,230.48195779908352,49.93607887942092,0.0,2.8236280452496616,normal,,normal,False
SOLAR_001,2026-01-25 15:15:00,solar,544.3879183698875,41.90206445776589,512.1773645911775,10.050141837495334,4.977432873629077,100.0,52.0,0.0,42.37922317724385,2.558070873754286,available,229.05106054080628,50.07818861205663,0.0,2.419361999874791,normal,,normal,False
SOLAR_001,2026-01-25 15:30:00,solar,553.0012346944048,43.08797293692433,514.7869455672856,9.966788857674285,4.952662486641255,100.0,52.0,0.0,42.57647496881768,2.2487722423561047,available,227.97792001237008,49.96946471935077,0.0,2.7038902442851507,normal,,normal,False
SOLAR_001,2026-01-25 15:45:00,solar,499.927880279168,39.146126142771,512.77802358756,9.076693355110619,4.551064640918967,100.0,52.0,0.0,38.439529298989356,2.4349653655316827,available,230.5889737616132,50.04312179914742,0.0,2.1160992753872843,normal,,normal,False
SOLAR_001,2026-01-25 16:00:00,solar,440.4113447896109,40.01308700956727,506.4766520086637,8.161554376568986,4.026205291931184,100.0,52.0,0.0,39.25922061138886,2.5827166037574716,available,229.76525843848432,49.98523087922541,0.0,1.4434886881737126,normal,,normal,False
SOLAR_001,2026-01-25 16:15:00,solar,453.9534729306407,39.666687615068604,509.3934741444681,8.389071382134492,4.133511343885511,100.0,52.0,0.0,41.666304738623474,1.9462774619737244,available,229.83136551197165,50.00578390739526,0.0,2.1872338819117862,normal,,normal,False
SOLAR_001,2026-01-25 16:30:00,solar,318.70673484004203,35.36729794852909,511.2021742692041,5.872349302708976,2.898932397849914,100.0,52.0,0.0,35.435360245038424,2.2875377200606097,available,230.5250590342962,50.02977716537091,0.0,0.6113946777893045,normal,,normal,False
SOLAR_001,2026-01-25 16:45:00,solar,316.0013253562191,38.16592504974799,501.738126468996,5.99755885619403,2.9397649153588725,100.0,52.0,0.0,38.36567599003684,2.216942849004133,available,231.03877816248945,49.969332336928005,0.0,0.7228220663547393,normal,,normal,False
SOLAR_001,2026-01-25 17:00:00,solar,223.7479335603123,31.35946715969464,505.4290023742232,4.409032885902808,2.1656295207079457,100.0,52.0,0.0,29.24833753378659,2.137101467290977,available,230.53947044827294,50.040055319743736,0.0,0.028528053416968735,normal,,normal,False
SOLAR_001,2026-01-25 17:15:00,solar,190.8632287585698,32.92719097802076,509.26037036100604,3.6523987687638573,1.8173383330954564,99.64029082507253,51.9712232660058,-5.260198928657774,31.746252393627074,2.090717306040334,available,229.6589637935106,49.98670631266393,0.0,0.0,normal,,normal,False
SOLAR_001,2026-01-25 17:30:00,solar,121.25247565104864,32.99015815922965,497.51079522322544,2.3048333920493005,1.1119342487879134,98.3335322300499,51.86668257840399,-19.14787071095064,32.94598127735953,2.105070781005109,available,228.39723639191314,50.008902496685685,0.0,0.0,normal,,normal,False
SOLAR_001,2026-01-25 17:45:00,solar,62.848226508136875,29.437183775400584,505.9301677488009,1.2055100393318692,0.5931667164609238,96.36066495207288,51.70885319616583,-28.996565164081332,28.939021705832715,2.0925458477234615,available,228.77443046224792,49.86774143024956,0.0,0.0,normal,,normal,False
SOLAR_001,2026-01-25 18:00:00,solar,0.0,25.764425142570996,506.4767498092895,0.0,0.0,93.43471355921415,51.474777084737134,-43.20024649960058,25.897483222790658,2.2237230585726357,available,231.69651965025085,49.98313323627882,0.0,0.0,normal,,normal,False
SOLAR_001,2026-01-25 18:15:00,solar,0.0,23.664529294977903,499.11117789931643,0.021770863597537785,0.010506190710101974,90.73028548844866,51.25842283907589,-40.0980993940161,23.78440816599312,2.0658715244918717,available,229.15282752320655,50.06317709941758,0.0,0.0,normal,,normal,False
SOLAR_001,2026-01-25 18:30:00,solar,16.690509132225948,23.287852808969326,498.6279655239349,0.4483095799339704,0.21667239324875195,88.50789667092636,51.08063173367411,-33.065673700419275,23.888305055989694,1.9056878945657023,available,227.30791441512508,50.03473385935594,0.0,0.0,normal,,normal,False
SOLAR_001,2026-01-25 18:45:00,solar,31.87435899109613,24.637353336952124,504.13237767607825,0.660149908068589,0.3208481563033271,86.63503231922739,50.93080258553819,-27.947270316438672,22.7681916954793,1.7442250635945364,available,232.31914936302445,50.044327280717184,0.0,0.0,normal,,normal,False
SOLAR_001,2026-01-25 19:00:00,solar,8.645540710035368,23.185637416880024,499.2554784998819,0.03394659091733394,0.01648145151245615,84.30271458945634,50.744217167156506,-34.93130002945967,22.080408833644668,1.7890429261384582,available,228.11524301553837,50.00266588389307,0.0,0.0,normal,,normal,False
SOLAR_001,2026-01-25 19:15:00,solar,0.0,22.462857731951804,490.58749319721966,0.0,0.0,81.7927337194703,50.54341869755763,-37.741520268029724,22.363245404007177,1.9075854611893834,available,230.07049420761405,50.08381372514455,0.0,0.0,normal,,normal,False
SOLAR_001,2026-01-25 19:30:00,solar,6.100893404317228,22.749368806360703,499.6048216212417,0.13982895681731122,0.06810930384800967,79.66316924050815,50.37305353924065,-32.12965842442817,22.101965598044018,1.6865783078592442,available,230.9823261704189,50.01442193582844,0.0,0.0,normal,,normal,False
SOLAR_001,2026-01-25 19:45:00,solar,43.69449679807697,23.5733595265105,501.88161587277824,0.9875728260549634,0.4824271533977386,77.67932930136784,50.21434634410943,-30.02564931174302,23.263081940699912,1.9901455071443737,available,230.00643675107557,49.96699499588958,0.0,0.0,normal,,normal,False
SOLAR_001,2026-01-25 20:00:00,solar,1.8436105929404105,22.96217487057381,502.96033541432985,0.16597473074545774,0.08092083097704285,75.33710535773952,50.02696842861916,-35.582611800622,23.071202291917174,1.861011028134571,available,225.04372420857692,50.04275704375538,0.0,0.0,normal,,normal,False
SOLAR_001,2026-01-25 20:15:00,solar,26.31313546908479,20.551057800411343,496.4774833409923,0.7181559254662334,0.34861856118701817,73.19226283410062,49.85538102672805,-32.696176107683506,19.80612476325986,1.9786988791525812,available,230.78097599321345,50.04612991797442,0.0,0.0,normal,,normal,False
SOLAR_001,2026-01-25 20:30:00,solar,0.0,20.297850279244795,498.9207955221096,0.013089692667813109,0.006363935366491208,71.09761865332933,49.68780949226635,-32.038634700407854,20.490120401838123,1.5982935127526705,available,232.65292650025083,50.03147956123837,0.0,0.0,normal,,normal,False
SOLAR_001,2026-01-25 20:45:00,solar,0.0,20.664471044233267,503.9076290566092,0.07573899773372383,0.037285467545037164,69.12420367605264,49.52993629408421,-30.280583722644835,21.20845557557804,1.537080850275319,available,231.5730644559997,49.97985330562683,0.0,0.0,normal,,normal,False
SOLAR_001,2026-01-25 21:00:00,solar,11.152173710259767,20.48557655262159,499.76000551434663,0.08166416942451979,0.03988426427887819,66.66482324257802,49.33318585940624,-37.88786588337323,20.55065562071957,1.9090133937195868,available,225.75201203600906,50.014073608603496,0.0,0.0,normal,,normal,False
SOLAR_001,2026-01-25 21:15:00,solar,7.151909548731553,23.04444166870121,493.88504802415633,0.18946233252423075,0.09070667136175457,64.5635650759909,49.16508520607927,-32.481509996625675,23.765169448017392,1.6876628779679712,available,234.2544886460054,50.06966624304999,0.0,0.0,normal,,normal,False
SOLAR_001,2026-01-25 21:30:00,solar,0.0,20.08703988602474,504.9505520384815,0.0,0.0,62.45502879824278,48.99640230385942,-32.70622935027904,17.914098502345624,1.6024875710885662,available,227.3482968961314,50.02387749972481,0.0,0.0,normal,,normal,False
SOLAR_001,2026-01-25 21:45:00,solar,0.0,16.964194576360384,499.14355591049105,0.0,0.0,60.13190935930287,48.81055274874423,-36.17190697845063,16.37815962365027,1.765570773594334,available,227.8431610807109,49.92611187316539,0.0,0.0,normal,,normal,False
SOLAR_001,2026-01-25 22:00:00,solar,17.789119255847854,20.122252555470514,504.3648751087255,0.6599467204570072,0.32095584499634533,58.26135334478997,48.660908267583196,-29.21487949243347,21.01458346437412,1.7425784160261482,available,231.56375518707458,49.96856181437652,0.0,0.0,normal,,normal,False
SOLAR_001,2026-01-25 22:15:00,solar,21.447914627702612,20.091814797455694,494.41817321653383,0.4730159291134483,0.22553382846859849,56.78803664677019,48.54304293174162,-23.06655336933697,19.227461724485174,1.345254518963632,available,230.90568290178464,49.96623673298704,0.0,0.0,normal,,normal,False
SOLAR_001,2026-01-25 22:30:00,solar,27.21858404619456,18.93929917674911,499.51605300964366,0.4716439559307628,0.22699536710564533,54.637789452189274,48.37102315617514,-33.784438724920165,17.93924011710424,1.8611832349871387,available,230.16067021047962,49.96228382940596,0.0,0.0,normal,,normal,False
SOLAR_001,2026-01-25 22:45:00,solar,32.47074869855162,17.171386419732173,502.03894409470894,0.7076442559510066,0.34441500492450355,53.12807228361082,48.250245782688864,-23.779879863975342,17.045118229826844,1.4918000530441278,available,228.86118751560713,49.89443578488775,0.0,0.0,normal,,normal,False
SOLAR_001,2026-01-25 23:00:00,solar,2.4231498538067364,20.63548296282429,499.65142055399605,0.0,0.0,50.6210499313499,48.049683994507994,-39.65347592995778,20.618163932047707,1.9053369877183002,available,232.66171345645964,50.09452887638923,0.0,0.0,normal,,normal,False
SOLAR_001,2026-01-25 23:15:00,solar,0.0,16.117064938899293,495.267975190716,0.0,0.0,48.92113295621067,47.91369063649685,-26.963836096602392,15.58236800932687,1.2919369011058137,available,229.92134829963672,49.956185619349526,0.0,0.0,normal,,normal,False
SOLAR_001,2026-01-25 23:30:00,solar,24.31783689801244,19.1319475044952,490.4527867726259,0.721870257317083,0.34368637739144403,47.24528662530751,47.7796229300246,-26.656619148119084,20.975521338983857,1.6173295888778476,available,226.8683659807509,49.95980258452285,0.0,0.0,normal,,normal,False
SOLAR_001,2026-01-25 23:45:00,solar,12.83524707332856,17.992446063963378,506.09306051801343,0.366120055672995,0.1796435083706073,45.489765920064976,47.639181273605196,-28.00626921612412,18.27893681776627,1.5138392443549333,available,232.46459989995694,49.902914577246975,0.0,0.0,normal,,normal,False
SOLAR_001,2026-01-26 00:00:00,solar,0.0,18.139735039521177,500.9921528076053,0.034485233257579635,0.01686065313186933,43.99227590482643,47.519382072386115,-23.95006757132577,17.236852158406126,1.1549530647131632,available,230.43856998593435,50.04332144923468,0.0,0.0,normal,,normal,False
SOLAR_001,2026-01-26 00:15:00,solar,0.0,19.694789923428385,504.6672042111646,0.0,0.0,41.77832185199358,47.342265748159484,-35.54128754850259,18.25528248549561,1.6826050801529613,available,232.23001341457595,49.995456757355534,0.0,0.0,normal,,normal,False
SOLAR_001,2026-01-26 00:30:00,solar,8.854743624413564,18.123712869205217,503.7146763974418,0.14977421944569433,0.07335234929982372,40.33659809181864,47.22692784734549,-23.20095986922316,18.529289411207685,1.1690624070327842,available,231.14509724691166,49.982454319745855,0.0,0.0,normal,,normal,False
SOLAR_001,2026-01-26 00:45:00,solar,0.0,16.176991196764476,502.3873873044783,0.15351518627091942,0.0745417355551669,38.460582939094984,47.0768466351276,-30.286045433767395,15.250412454288911,1.5003132516251412,available,234.78324549241137,49.985099932377636,0.0,0.0,normal,,normal,False
SOLAR_001,2026-01-26 01:00:00,solar,0.0,18.65898841269194,498.71465057941174,0.030736768742243983,0.01491857836852022,36.129964655746775,46.89039717245974,-37.77468313672039,20.81160771510455,1.7861884737131568,available,229.38005945641555,50.02939021961335,0.0,0.0,normal,,normal,False
SOLAR_001,2026-01-26 01:15:00,solar,19.305600564783504,16.550978376383185,501.9590677025565,0.09052587927841022,0.04407919102405861,34.25655010937291,46.74052400874983,-30.46168363404744,16.97892118062158,1.4678742462681946,available,230.03218648264243,49.975998924466246,0.0,0.0,normal,,normal,False
SOLAR_001,2026-01-26 01:30:00,solar,13.662668609730643,17.646789702719495,505.73014778548287,0.5174542036826073,0.25352723065484234,32.74341833383084,46.61947346670647,-24.667377469057836,18.206761674091986,1.4035073800668172,available,231.4396612879196,49.90055494686579,0.0,0.0,normal,,normal,False
SOLAR_001,2026-01-26 01:45:00,solar,23.93771847153177,15.793320586941997,500.332043713095,0.514349983758783,0.24851675814441268,30.75925806767521,46.46074064541401,-32.45668883729096,16.04200775548081,1.7564785604226922,available,229.39241542838658,49.935423202951,0.0,0.0,normal,,normal,False
SOLAR_001,2026-01-26 02:00:00,solar,0.0,15.688597374971396,507.60680417759676,0.03382234072799015,0.016613547084811164,28.727979895166904,46.29823839161335,-33.34406372113623,16.810166810878194,1.5603849581911227,available,231.60527541766058,49.93282642616322,0.0,0.0,normal,,normal,False
SOLAR_001,2026-01-26 02:15:00,solar,4.561162509981615,17.562598161938084,494.00231245413255,0.20506643623936335,0.09817414082253478,26.824489638978278,46.145959171118264,-31.34949669891754,15.167249467498088,1.5448267355258902,available,224.10517386802465,50.01376589207053,0.0,0.0,normal,,normal,False
SOLAR_001,2026-01-26 02:30:00,solar,12.504393403149722,18.397583170371043,493.57236555495024,0.3071817927338299,0.14767752195064435,24.521447572725428,45.96171580581803,-38.08195450637643,17.194313136389212,1.897989492302809,available,229.85443348834866,50.046500952026655,0.0,0.0,normal,,normal,False
SOLAR_001,2026-01-26 02:45:00,solar,0.0,15.168304875234634,503.9523008580776,0.074105090545777,0.03632049031173537,22.69000566576252,45.815200453261,-30.380656103682675,16.2024428822501,1.4282163396035445,available,229.79401506266709,50.073290281493506,0.0,0.0,normal,,normal,False
SOLAR_001,2026-01-26 03:00:00,solar,0.0,18.68375322550993,496.7250282539165,0.0,0.0,20.598057642904667,45.647844611432376,-34.82925669120833,20.184333137347927,1.5898804973719691,available,229.72156957302371,49.9182552791366,0.0,0.0,normal,,normal,False
SOLAR_001,2026-01-26 03:15:00,solar,0.0,16.950569248984735,508.17334768171514,0.0,0.0,18.128868451563978,45.45030947612512,-41.288691035309355,15.715287222806616,1.8765837854189231,available,228.24614610298312,50.03101350461263,0.0,0.0,normal,,normal,False
SOLAR_001,2026-01-26 03:30:00,solar,0.3905670790784913,20.375822818445066,505.34936548493175,0.03559824776306918,0.017488029739731976,16.204947588268663,45.296395807061494,-32.28026932501534,18.55719165240285,1.4796678858441723,available,231.8122456770926,49.96924644038978,0.0,0.0,normal,,normal,False
SOLAR_001,2026-01-26 03:45:00,solar,29.30137143649315,18.941708990322724,506.35028602703215,0.7340671204135835,0.3599751218668732,13.90877955508242,45.112702364406594,-38.68284571217349,19.1092307773397,2.1050628270884175,available,228.99111035245613,50.14617290389078,0.0,0.0,normal,,normal,False
SOLAR_001,2026-01-26 04:00:00,solar,36.40660928396821,18.274984359468395,503.537745222205,0.6781405541782701,0.3294539754956271,12.063810439962658,44.96510483519701,-31.183659698563556,18.760396778221036,1.7316305029866454,available,230.40054880014398,50.069177706532564,0.0,0.0,normal,,normal,False
SOLAR_001,2026-01-26 04:15:00,solar,0.0,19.498286131238398,496.3136655053188,0.0,0.0,9.463974169325919,44.75711793354608,-44.14662196564217,19.645668508416485,1.9758755656839224,available,229.9256727205713,50.08509477060672,0.0,0.0,normal,,normal,False
SOLAR_001,2026-01-26 04:30:00,solar,9.478030508884334,18.60126825804298,493.36263359945923,0.32077249535492813,0.15295567579477726,7.030653359792444,44.562452268783396,-41.4995971067983,18.54163918209848,2.002279491040218,available,231.00072841570758,50.040121991012334,0.0,0.0,normal,,normal,False
SOLAR_001,2026-01-26 04:45:00,solar,10.058361338561673,22.265885114476514,505.9811786767561,0.15577927612462888,0.07544746922497017,5.0,44.4,-34.75893138383462,20.41403006586921,1.824894655821092,available,232.86192159780776,50.01909440982376,0.2061506331538645,0.0,normal,,normal,False
SOLAR_001,2026-01-26 05:00:00,solar,6.97726388726546,20.67522690848129,494.00172717595177,0.10212848200720488,0.04868366143951199,5.0,44.4,-0.0,20.300216769397164,1.787729007334554,available,230.39020771042672,49.9798708514648,1.739045345895042,0.0,normal,,normal,False
SOLAR_001,2026-01-26 05:15:00,solar,7.181633425306213,20.856005069459712,506.3395427509101,0.10733814390788275,0.05315445717615851,5.0,44.4,-0.0,20.63010403847055,1.903616442701903,available,231.68279405276297,49.97003395945874,1.8504619855257447,0.0,normal,,normal,False
SOLAR_001,2026-01-26 05:30:00,solar,5.4673650441239054,22.34560162794398,502.6784590409174,0.10345600264200752,0.05054079632904101,5.0,44.4,-0.0,21.797361426430786,2.083800062999052,available,230.28974034367917,49.95999474565212,2.0332592666700107,0.0,normal,,normal,False
SOLAR_001,2026-01-26 05:45:00,solar,30.376262174515556,21.00190913844032,499.6949893847196,0.46015790448791694,0.22260755438311877,5.0,44.4,-0.0,19.083170711546632,1.773283623054264,available,228.98798361214702,50.0308787829031,1.5506760686711452,0.0,normal,,normal,False
SOLAR_001,2026-01-26 06:00:00,solar,19.844397258625037,20.750646132755207,501.76819073734123,0.34846768853879057,0.16995287254798705,5.0,44.4,-0.0,21.335382666079994,1.7593482822537791,available,229.7168849268801,50.07802013995843,1.589395409705792,0.0,normal,,normal,False
SOLAR_001,2026-01-26 06:15:00,solar,28.11914293350614,23.94987368838721,503.16922632639927,0.5840797906340626,0.28220380725871563,5.0,44.4,-0.0,24.81563616997522,2.326271952504289,available,229.43291523715436,49.982159607963844,2.044068145245573,0.0,normal,,normal,False
SOLAR_001,2026-01-26 06:30:00,solar,113.25675505555516,24.268229468835305,501.8008822900527,2.285856015959482,1.114251121891775,5.0,44.4,-0.0,23.473584908140825,1.9117657724124442,available,231.13632426383907,49.96388255950085,0.7975146505206692,0.0,normal,,normal,False
SOLAR_001,2026-01-26 06:45:00,solar,151.44362136992584,25.67825339901296,509.6045553799998,3.077341369369686,1.5311973553298062,5.0,44.4,-0.0,25.492281790882664,2.1586074213129383,available,230.21330408453838,49.92582482974288,0.6274100659831321,0.0,normal,,normal,False
SOLAR_001,2026-01-26 07:00:00,solar,172.45969457557288,29.566626411220653,510.74198434444855,3.495041041734319,1.730431272405867,5.0,44.4,-0.0,29.069714869714645,2.0760277285163133,available,228.41147083487598,50.012234583419676,0.3455964561104463,0.0,normal,,normal,False
SOLAR_001,2026-01-26 07:15:00,solar,226.55608527241841,30.90932020139737,507.051426513347,4.511639662923214,2.1987360157127287,5.101722887053048,44.40813783096424,1.9289567803327172,30.422127934957103,2.1130746371417404,available,229.5560754717736,50.061463374050824,0.0,0.0,normal,,normal,False
SOLAR_001,2026-01-26 07:30:00,solar,258.9210561265531,29.50596543502482,505.2536911005006,5.1227247873427935,2.5052703781328938,5.157517443086199,44.4126013954469,1.0579179740615479,29.99913132063159,2.4582854888418195,available,226.94816660184782,50.06396636613599,0.0,0.0,normal,,normal,False
SOLAR_001,2026-01-26 07:45:00,solar,297.99437312352035,31.8867875177889,514.0695899819972,5.62262016827358,2.8221935129629365,5.9177519029863195,44.47342015223891,14.395057491067758,32.40410646974603,2.181996073047046,available,229.63079362269917,50.068921937012846,0.0,0.0,normal,,normal,False
SOLAR_001,2026-01-26 08:00:00,solar,358.15188850588294,33.409933194445244,501.90975847944475,6.833666880118049,3.3314229192604414,7.316375325059839,44.585310026004784,26.416506787035043,34.484704432382784,2.1536347743564246,available,230.0026117358085,50.02077033064975,0.0,0.0,normal,,normal,False
SOLAR_001,2026-01-26 08:15:00,solar,336.21941625626647,37.320040610589665,512.8869750884373,6.234119338169813,3.0788021377773775,8.364627484015912,44.669170198721275,19.76169819690998,38.37396963061243,2.1960634776038424,available,233.61689640077188,50.004509431866495,0.0,0.0,normal,,normal,False
SOLAR_001,2026-01-26 08:30:00,solar,418.606341498345,38.50295820537016,515.1335290130102,7.744099677932514,3.91679330325215,10.435084017532212,44.83480672140258,38.88814230532681,38.33115211214866,2.1732509592384233,available,232.69690412168896,50.06411261310074,0.0,0.0,normal,,normal,False
SOLAR_001,2026-01-26 08:45:00,solar,441.0476340407625,37.49094441354416,509.8735089628893,8.298546789977943,4.07774726550212,12.709217514870328,45.01673740118963,42.541061342697176,40.333048849656954,2.162687478270022,available,227.93185080470724,49.94449693689237,0.0,0.0,normal,,normal,False
SOLAR_001,2026-01-26 09:00:00,solar,473.9745229121558,40.21365510681913,518.0372775734816,8.65278294248109,4.342545691784979,15.231748967610951,45.218539917408876,46.97712523920723,41.7636070646479,2.2183086789507707,available,230.40353883866356,49.97795775367323,0.0,0.0,normal,,normal,False
SOLAR_001,2026-01-26 09:15:00,solar,605.498655090528,40.992178729504175,514.931252704313,10.994862011376556,5.462383813874702,18.546552947654533,45.48372423581236,61.371708777830754,40.334038792995436,2.670969935943263,available,230.43862062824417,50.08554240401836,0.0,0.0,normal,,normal,False
SOLAR_001,2026-01-26 09:30:00,solar,599.8077839283354,42.247555374485195,513.6842663180282,10.947604591610698,5.42577349758374,22.021732188390246,45.76173857507122,63.950077513768164,42.374154161077406,2.499306768543141,available,229.5391252944704,49.946269723845425,0.0,0.0,normal,,normal,False
SOLAR_001,2026-01-26 09:45:00,solar,597.0973931211611,43.70015043264234,520.4822856047056,10.735014942923735,5.407131848023265,25.705368864197872,46.05642950913583,67.35237328034152,41.714337103395295,2.305122015764211,available,229.66662295023755,49.99827709336011,0.0,0.0,normal,,normal,False
SOLAR_001,2026-01-26 10:00:00,solar,595.7763562540847,44.522502498376824,512.9777703608977,10.792923369196513,5.388044194115177,29.032745806340365,46.32261966450723,60.48884229307376,44.54976013120376,2.586042558626762,available,229.29210051341562,50.03156653028539,0.0,0.0,normal,,normal,False
SOLAR_001,2026-01-26 10:15:00,solar,633.8543051327366,44.96304759240109,521.4142281769093,11.182655817728001,5.693496103593009,33.316464585930035,46.6653171668744,77.30242392398145,46.63674235496695,2.0861539734122356,available,233.74541697376662,50.00413492776624,0.0,0.0,normal,,normal,False
SOLAR_001,2026-01-26 10:30:00,solar,693.4174274763158,47.260929335017885,510.5482057949487,12.290782956055068,6.074669972250357,37.334713444259144,46.98677707554073,72.01576109033869,50.04223380538614,2.690881459973213,available,229.16763149313212,50.057470875330985,0.0,0.0,normal,,normal,False
SOLAR_001,2026-01-26 10:45:00,solar,687.2541307298927,47.11914524429483,520.0814203768268,11.962749936014625,6.003532293208187,41.275292759161026,47.30202342073288,70.15307889589201,46.99786671193023,2.685149712238182,available,230.68187428719853,50.07628390844209,0.0,0.0,normal,,normal,False
SOLAR_001,2026-01-26 11:00:00,solar,658.4995229539417,46.27929979730614,519.4938923506353,11.53129629809724,5.8250611535632695,44.770256937263575,47.581620554981086,61.854297827616946,46.61418218233914,2.881933424634809,available,224.94193973254167,50.02398321601396,0.0,0.0,normal,,normal,False
SOLAR_001,2026-01-26 11:15:00,solar,721.381393646668,47.86842564360918,517.4569225406016,12.690512272417212,6.386468082623953,49.21483718438286,47.93718697475063,78.07726432921834,48.473737672508555,2.6436636639971853,available,231.64713676679972,50.06950313628787,0.0,0.0,normal,,normal,False
SOLAR_001,2026-01-26 11:30:00,solar,596.5623296582601,44.74181766001883,521.3873966990323,10.588143345645724,5.361543777258574,52.57302386791281,48.205841909433026,58.66398280482985,46.72152123154224,2.533597096391249,available,232.36850961450486,49.95356622677681,0.0,0.0,normal,,normal,False
SOLAR_001,2026-01-26 11:45:00,solar,724.0001539332858,49.07642101774077,519.6388979473008,12.454844408456388,6.2867839439965225,56.82370309789687,48.54589624783175,73.7347464611985,48.093446679743224,2.707264592431001,available,227.89593994179876,49.99212303826403,0.0,0.0,normal,,normal,False
SOLAR_001,2026-01-26 12:00:00,solar,740.8822727566804,49.899760986739665,524.2187825092221,12.67736207371311,6.442599551830234,61.57370309789687,48.92589624783175,81.75629486148182,52.55527403545902,2.324838113725281,available,228.97622649982316,50.12025955899635,0.0,0.11776143810495299,normal,,normal,False
SOLAR_001,2026-01-26 12:15:00,solar,702.9982935306122,48.73799305206616,522.1977824199857,12.207321974314183,6.186525750427678,66.10588298120337,49.28847063849627,77.43337303571842,48.42092116529841,2.3699532171169415,available,230.90300704025276,50.09714652105857,0.0,0.0,normal,,normal,False
SOLAR_001,2026-01-26 12:30:00,solar,774.9900414665741,48.54696949127944,521.6396741589737,13.3712408970964,6.759385596691467,70.85588298120337,49.66847063849627,80.53398762996625,47.376815552358906,2.433301223927527,available,230.0389213888249,49.93615303913387,0.0,0.3260843727639404,normal,,normal,False
SOLAR_001,2026-01-26 12:45:00,solar,672.2300201252742,46.2923711890873,520.7831504223054,11.850346078560834,6.019341582234362,74.77963461230235,49.98237076898419,66.10754650163992,45.977109985164816,2.7151296823615323,available,230.93273918103844,49.99936187957456,0.0,0.0,normal,,normal,False
SOLAR_001,2026-01-26 13:00:00,solar,736.680623716733,50.01533830184042,517.4298506995932,12.782993120267824,6.4895716781952775,79.52963461230235,50.362370768984185,79.42437853746576,49.20573329614405,2.263490951273634,available,229.42551787085046,50.00680373132617,0.0,0.22608072692164338,normal,,normal,False
SOLAR_001,2026-01-26 13:15:00,solar,672.8252782519822,50.01315436997609,517.7313883899993,11.625531312088139,5.8437419669594926,83.81655206329059,50.705324165063246,71.19638435697048,50.43241006160122,2.233706218758866,available,233.72653077410305,50.02082628523754,0.0,0.0,normal,,normal,False
SOLAR_001,2026-01-26 13:30:00,solar,665.0039272582536,47.79383540341115,519.4704540111093,11.63950691535155,5.864789851988091,87.85611409376656,51.028489127501324,66.66347573444565,46.141441265777225,2.463053405271482,available,228.66051973572198,50.06370213308546,0.0,0.0,normal,,normal,False
SOLAR_001,2026-01-26 13:45:00,solar,675.8695731100073,47.1447336718573,517.2440168822252,11.94722699179871,6.002148374451786,91.95898542411601,51.35671883392928,67.27551174987241,47.28637370991821,2.547098833104883,available,235.38314942609642,50.09195795414689,0.0,0.0,normal,,normal,False
SOLAR_001,2026-01-26 14:00:00,solar,615.7231820694846,46.49107101892476,521.7663193974207,10.704990226425133,5.399564127022463,95.70016713659363,51.65601337092749,60.98939126186217,47.15503995827787,2.2490953165149823,available,232.48384783469828,50.001870808779756,0.0,0.0,normal,,normal,False
SOLAR_001,2026-01-26 14:15:00,solar,657.9641412192889,45.37238230317782,517.0031930042259,11.665960662809349,5.873467963853033,99.6963695058116,51.97570956046493,64.74607227531226,46.855216295687384,2.5082449160905322,available,231.66423057476865,50.05609928983152,0.0,0.0,normal,,normal,False
SOLAR_001,2026-01-26 14:30:00,solar,613.5427952706594,47.76914134415019,517.3709332371252,10.823990693650359,5.444370601055609,100.0,52.0,4.917093023293878,48.449747431769815,2.6306888715411367,available,227.9190447312854,50.03240980415531,0.0,2.5579928923031905,normal,,normal,False
SOLAR_001,2026-01-26 14:45:00,solar,571.9203290148955,44.85600863286326,509.42606041399733,10.260285029639428,5.059062196561811,100.0,52.0,0.0,46.2772831118616,2.578420252062245,available,231.81936476738994,49.99894346109944,0.0,2.4806419444995664,normal,,normal,False
SOLAR_001,2026-01-26 15:00:00,solar,544.354271529237,42.66684879490618,517.9150567119725,9.607702700560267,4.8491379770500584,100.0,52.0,0.0,42.06118112219795,2.388856605239595,available,231.20787686136123,49.915092091281764,0.0,2.4602813718104635,normal,,normal,False
SOLAR_001,2026-01-26 15:15:00,solar,460.51142249120403,41.08287964925861,510.86222192730395,8.284095710307538,4.105472421482363,100.0,52.0,0.0,41.47706990550275,2.2785860670172355,available,225.76077919465413,50.050923681001954,0.0,1.826886354465127,normal,,normal,False
SOLAR_001,2026-01-26 15:30:00,solar,454.63593029638685,40.12881729135289,508.00461425098763,8.366720465888415,4.102207307949458,100.0,52.0,0.0,37.89959029689179,2.621067370183407,available,227.19079938555754,50.030259685610936,0.0,1.4811399377660508,normal,,normal,False
SOLAR_001,2026-01-26 15:45:00,solar,370.8017285034378,40.50042683016404,517.6961486968423,6.591111363995546,3.315825890791618,100.0,52.0,0.0,40.38643887131147,2.2530874037571116,available,230.715255852831,50.01947946150567,0.0,1.0627384870345065,normal,,normal,False
SOLAR_001,2026-01-26 16:00:00,solar,382.23922049521525,38.20236784651563,512.7904860897304,7.026549236307624,3.4993227653143557,100.0,52.0,0.0,38.58911912892522,2.413070923923041,available,229.73340055666839,49.95093670474927,0.0,1.0862518413913147,normal,,normal,False
SOLAR_001,2026-01-26 16:15:00,solar,372.8800879396028,38.17047152336394,512.7541566799472,7.051347534990235,3.524502002501971,100.0,52.0,0.0,38.64770406596504,2.590686206435666,available,228.96704358089835,50.09795686366363,0.0,0.9338157960663049,normal,,normal,False
SOLAR_001,2026-01-26 16:30:00,solar,272.7091991051176,35.939649665665925,509.4716533789311,4.983257323299708,2.47321927212927,100.0,52.0,0.0,34.365572494233604,2.339261160490277,available,232.15789838891092,50.00762359412244,0.0,0.13395811163899296,normal,,normal,False
SOLAR_001,2026-01-26 16:45:00,solar,196.94323842511142,31.701422686118192,506.05618612244837,3.759484022555751,1.8443958208442681,99.86732408952533,51.989385927162026,-1.9395053463801557,31.311256775217522,1.94522951280502,available,228.23244142316136,49.942931221225855,0.0,0.0,normal,,normal,False
SOLAR_001,2026-01-26 17:00:00,solar,175.67589674946242,32.182461617939296,504.05796486982535,3.596615679413733,1.7542364577940452,99.71676151552475,51.97734092124198,-2.2014892299668944,31.93170111708181,1.868664014034477,available,229.08951811396787,49.93488398100978,0.0,0.0,normal,,normal,False
SOLAR_001,2026-01-26 17:15:00,solar,167.57660988734028,31.697089432807832,507.01824718214925,3.2568484279786976,1.6017575309647105,99.15556779193274,51.93244542335462,-8.21273149094038,31.268014336483485,2.0282647608946376,available,228.7059404239661,50.03387362002319,0.0,0.0,normal,,normal,False
SOLAR_001,2026-01-26 17:30:00,solar,118.67447870355109,27.314527762613473,507.1406000133542,2.2821513552737307,1.1247528763164154,97.73993129867715,51.819194503894174,-20.762262809650608,28.039533609253024,2.2006366111906686,available,231.02033851575945,50.03536248698701,0.0,0.0,normal,,normal,False
SOLAR_001,2026-01-26 17:45:00,solar,35.61000707920429,27.519371167268652,501.0353275928995,0.6879102671619721,0.33516099736780797,95.39357921426326,51.63148633714106,-34.537599256982766,27.30254373267029,2.118388581522367,available,226.561083600358,49.976849492167666,0.0,0.0,normal,,normal,False
SOLAR_001,2026-01-26 18:00:00,solar,0.0,25.74309021830294,508.29017145880323,0.042235964071565525,0.020856435432510395,92.20863187523665,51.376690550018935,-47.11397234322895,25.842417178901513,2.4414164130927345,available,229.0046562962992,50.02313125806651,0.0,0.0,normal,,normal,False
SOLAR_001,2026-01-26 18:15:00,solar,6.828460554008021,25.731293206137092,499.21072580115674,0.3062303149710032,0.14821787860434618,89.69631349261248,51.175705079409,-37.3099299331905,25.241673606868268,2.057579849398717,available,226.55446955867464,50.033380317126884,0.0,0.0,normal,,normal,False
SOLAR_001,2026-01-26 18:30:00,solar,27.495577165630586,25.65451734491698,494.4239662204401,0.5009733648013995,0.24149696503292506,87.54594769640468,51.00367581571238,-32.042357319949545,26.719341786757063,1.87577497015085,available,229.3742490495162,50.00699626104985,0.0,0.0,normal,,normal,False
SOLAR_001,2026-01-26 18:45:00,solar,20.62782554962608,25.362272352776777,493.1139090360241,0.340892484749979,0.16248911416170742,85.54193214336645,50.84335457146932,-29.95576969981669,26.50150653909158,1.6855409344707644,available,231.44609801951503,49.96493294395278,0.0,0.0,normal,,normal,False
SOLAR_001,2026-01-26 19:00:00,solar,0.0,26.006014838514236,493.2488985284827,0.0,0.0,82.75295989957259,50.62023679196581,-41.8729551581187,25.697673094075284,2.1196189052833345,available,231.48179299049423,50.048067797458366,0.0,0.0,normal,,normal,False
SOLAR_001,2026-01-26 19:15:00,solar,0.0,21.77291697726134,498.34475282971005,0.01034384649626612,0.005019824958905395,80.31990704455545,50.425592563564436,-36.670271499181624,24.623506210463585,1.8541399947719273,available,228.54480333446506,50.04188156552456,0.0,0.0,normal,,normal,False
SOLAR_001,2026-01-26 19:30:00,solar,0.0,22.573088151209006,499.0719279155489,0.0,0.0,78.31126954220129,50.2649015633761,-30.37038677703182,21.806610353475968,1.5265645017891634,available,231.06664390583185,50.02838400200247,0.0,0.0,normal,,normal,False
SOLAR_001,2026-01-26 19:45:00,solar,0.0,23.63429568933136,502.73039855071954,0.0,0.0,75.935714002748,50.07485712021984,-36.05446553047653,24.641492603211617,1.8054222099845032,available,229.62967315551012,49.9583134061611,0.0,0.0,normal,,normal,False
SOLAR_001,2026-01-26 20:00:00,solar,28.87937992863638,23.631639984090132,499.8855678589849,0.4899927874114724,0.2385384198501066,74.17609037389998,49.934087229911995,-26.781584126432204,22.680639309502762,1.5758523777745987,available,232.7221699461568,49.93344837532479,0.0,0.0,normal,,normal,False
SOLAR_001,2026-01-26 20:15:00,solar,0.0,22.439032072890996,503.37348413853675,0.10669250010976832,0.05200117385385709,72.05389995387713,49.76431199631017,-32.41006766730638,23.212056321153888,1.6648658930712161,available,229.74007427705212,50.00382619552029,0.0,0.0,normal,,normal,False
SOLAR_001,2026-01-26 20:30:00,solar,0.0,25.45158179695438,500.1795713304913,0.0,0.0,69.78114238514739,49.58249139081179,-34.83680839310743,26.146585790420808,1.727295752234609,available,224.05390527543355,50.046478556330726,0.0,0.0,normal,,normal,False
SOLAR_001,2026-01-26 20:45:00,solar,0.0,21.825182454642047,500.0540857045075,0.039688739613675555,0.01914801191048296,67.80336506721649,49.42426920537732,-30.41240236413957,20.813444337290235,1.522258773537971,available,231.78936201742195,50.0520186440481,0.0,0.0,normal,,normal,False
SOLAR_001,2026-01-26 21:00:00,solar,5.17159084636787,22.325696465541736,497.6899405039662,0.0,0.0,65.71878991632862,49.25750319330629,-32.163163213073155,22.195093501036173,1.5842771146747825,available,229.08180160152182,50.029219091704995,0.0,0.0,normal,,normal,False
SOLAR_001,2026-01-26 21:15:00,solar,11.173586771533623,19.929739949872364,505.6903538415913,0.23844104232354665,0.11590218011946432,63.880703153575546,49.11045625228604,-28.444979873859463,21.797479396236895,1.5128481198117965,available,229.45160009570114,49.977477291094324,0.0,0.0,normal,,normal,False
SOLAR_001,2026-01-26 21:30:00,solar,7.874071827507597,18.44615323178072,493.874062813688,0.041806045193762284,0.019877891231105792,61.933788329399505,48.95470306635196,-30.224987053201083,17.6318516615326,1.4995331576048971,available,230.671846944481,49.959789630000294,0.0,0.0,normal,,normal,False
SOLAR_001,2026-01-26 21:45:00,solar,21.162337258158296,19.442161581903026,501.20524116285554,0.3891531963507919,0.18971778931213748,60.30942414291871,48.8247539314335,-25.2846493288852,19.844027569020998,1.4242345710375426,available,227.15058417385052,49.99915665850016,0.0,0.0,normal,,normal,False
SOLAR_001,2026-01-26 22:00:00,solar,0.0,20.118192788709276,499.2733981530031,0.22144205784208412,0.10712029950112927,58.458614464135486,48.67668915713084,-28.89710414228508,20.453676674994252,1.513735655376378,available,230.1493071497573,49.99963080043541,0.0,0.0,normal,,normal,False
SOLAR_001,2026-01-26 22:15:00,solar,21.390057690460868,19.882114572152446,503.127018390018,0.5264836923218222,0.25602000526654556,56.93039397375529,48.554431517900426,-23.920526641543862,19.839831617583968,1.4174675779554997,available,231.06899398977103,50.055364764659934,0.0,0.0,normal,,normal,False
SOLAR_001,2026-01-26 22:30:00,solar,0.0,19.051403673859674,499.9166823953766,0.0,0.0,54.69148471906438,48.37531877752515,-35.17436322002344,17.32027328631882,1.70157103356509,available,230.72812837892613,49.976014280183946,0.0,0.0,normal,,normal,False
SOLAR_001,2026-01-26 22:45:00,solar,13.166897576487617,18.18736857309868,500.0345748224636,0.590367416428799,0.28417704497413426,52.941663130302366,48.23533305042419,-27.570337413632338,19.01599360741199,1.6140414524332607,available,228.80213749793316,49.980167536168786,0.0,0.0,normal,,normal,False
SOLAR_001,2026-01-26 23:00:00,solar,0.0,17.377118245289466,498.93344151076116,0.0,0.0,50.56761520508121,48.0454092164065,-37.553565524673566,17.388734527157887,1.8042764231680768,available,231.98386392704248,50.10274955501364,0.0,0.0,normal,,normal,False
SOLAR_001,2026-01-26 23:15:00,solar,0.08922054616326318,17.454335456485342,505.573025616528,0.11705520409381487,0.057165899035727843,48.095481780251816,47.84763854242014,-39.266752970570074,18.558181129188053,1.935987301906067,available,228.0050081015081,50.07756111181934,0.0,0.0,normal,,normal,False
SOLAR_001,2026-01-26 23:30:00,solar,4.252873870602245,18.725878294433866,500.00962354024114,0.0,0.0,45.87269912871742,47.669815930297396,-35.43782962443673,18.957636399636684,1.6893148151661392,available,228.74895673524333,49.955860977941796,0.0,0.0,normal,,normal,False
SOLAR_001,2026-01-26 23:45:00,solar,20.803518674971528,19.152668202664177,507.87860484645387,0.3951827267419188,0.19503171365701893,43.97026600264864,47.51762128021189,-30.427642143239535,19.217137434261105,1.6408808894692901,available,229.7279971289457,50.07343759494735,0.0,0.0,normal,,normal,False
SOLAR_001,2026-01-27 00:00:00,solar,0.0,15.729156741469682,501.08898832651016,0.0,0.0,41.735966720465775,47.338877337637264,-35.870463136414784,16.101697774107052,1.6980674544589789,available,230.5909367185437,49.94390591267155,0.0,0.0,normal,,normal,False
SOLAR_001,2026-01-27 00:15:00,solar,0.5535458736282749,18.29185552316527,500.0870393631893,0.037089113811546476,0.017926002774210918,39.5960256084015,47.16768204867212,-34.480287657354474,17.30432470872177,1.6442812479430604,available,229.35091336328802,49.97829706420952,0.0,0.0,normal,,normal,False
SOLAR_001,2026-01-27 00:30:00,solar,0.0,16.08380412424898,499.4186921605822,0.005603540121477888,0.002686719955291922,37.54181118535964,47.00334489482877,-33.21472046308715,17.64191035151766,1.563889681467104,available,232.4571737980032,49.983987825109004,0.0,0.0,normal,,normal,False
SOLAR_001,2026-01-27 00:45:00,solar,9.098928795748952,17.94584323498508,502.2569875987407,0.15564434290264376,0.07597186978510093,35.59864066856495,46.847891253485194,-31.52350198162015,17.570428892200574,1.5527814625490666,available,230.59057242720232,49.9961204188626,0.0,0.0,normal,,normal,False
SOLAR_001,2026-01-27 01:00:00,solar,13.989897656210271,17.061798827711524,497.6464265083712,0.39976980060573286,0.19305426820623928,34.06187077757643,46.724949662206114,-24.996177108693093,16.69923729343894,1.3609993853575129,available,230.15131592739974,50.030987816859884,0.0,0.0,normal,,normal,False
SOLAR_001,2026-01-27 01:15:00,solar,23.16906436514558,19.942896970316895,500.58296959615615,0.41556033956363675,0.20124361498244292,32.035000070200475,46.56280000561604,-33.082669801213285,21.235193287568833,1.7416653525881702,available,230.52027231824636,50.0053236659143,0.0,0.0,normal,,normal,False
SOLAR_001,2026-01-27 01:30:00,solar,0.0,16.43277402691161,500.03254805643127,0.03268304724140049,0.01576754084095632,29.979437297098766,46.3983549837679,-33.66989429051594,16.680116222418338,1.5779952483982551,available,231.4658118619234,50.03073636771927,0.0,0.0,normal,,normal,False
SOLAR_001,2026-01-27 01:45:00,solar,16.690076742398226,17.81967271707952,501.30099079706076,0.42434012076222605,0.20635403359162474,27.768967523971405,46.221517401917716,-36.34577837349609,17.58322268528348,1.8863110611684186,available,230.48154978628205,49.97990795687199,0.0,0.0,normal,,normal,False
SOLAR_001,2026-01-27 02:00:00,solar,24.496228574586958,18.76081466668034,501.40012130504704,0.3528413300785693,0.17203225768425642,25.635699772221656,46.05085598177773,-35.20637036521861,19.17463476023364,1.7933157490140659,available,226.38096633370185,50.018711131197016,0.0,0.0,normal,,normal,False
SOLAR_001,2026-01-27 02:15:00,solar,0.0,16.060550818349938,501.6079795207356,0.0,0.0,23.661162469578684,45.89289299756629,-32.69892682704136,16.686534896976553,1.5006483500086591,available,232.17901772805774,50.00394834192391,0.0,0.0,normal,,normal,False
SOLAR_001,2026-01-27 02:30:00,solar,11.02220856177211,17.699112903324878,500.3796189846932,0.23209180707595034,0.11360116528194836,21.3207308367277,45.70565846693822,-38.91702035653666,17.580773276581155,1.8923292062486952,available,230.2393504161522,49.93058349627821,0.0,0.0,normal,,normal,False
SOLAR_001,2026-01-27 02:45:00,solar,17.25320256804191,17.753343546537522,506.2757739693975,0.41289911283366015,0.2035062265758773,20.07597100941472,45.606077680753174,-20.7432324125762,18.675673631552282,1.1495236953337447,available,231.3697056144435,50.02415051043455,0.0,0.0,normal,,normal,False
SOLAR_001,2026-01-27 03:00:00,solar,0.0,17.16710194839997,501.69027526472996,0.14164493871956957,0.06889191295252199,17.445766819276436,45.395661345542116,-44.03405799707317,15.89654757873919,2.067847097457616,available,229.1881129479337,50.00480276842431,0.0,0.0,normal,,normal,False
SOLAR_001,2026-01-27 03:15:00,solar,0.0,17.520128211657322,510.42394515343733,0.0,0.0,15.556812440782968,45.244544995262636,-31.729909711885753,17.78193800071224,1.4356053276550358,available,226.34656690782617,49.96430452094018,0.0,0.0,normal,,normal,False
SOLAR_001,2026-01-27 03:30:00,solar,16.973203609973936,20.538878605415896,500.1994056342635,0.31374940287785597,0.1522673315168377,13.355743412804795,45.06845947302438,-37.117143137867174,21.339148289572254,1.8250797927802496,available,225.44218076025132,49.97875789357853,0.0,0.0,normal,,normal,False
SOLAR_001,2026-01-27 03:45:00,solar,0.0,17.83929524550666,503.8356531698207,0.0,0.0,10.940642586001262,44.8752514068801,-40.901757000280035,18.461090350457475,1.8354766283706847,available,228.11126442128446,49.97998396276129,0.0,0.0,normal,,normal,False
SOLAR_001,2026-01-27 04:00:00,solar,0.0,19.899864355701574,497.0958031665013,0.03319119675473359,0.016111173328282824,8.33060021884328,44.66644801750746,-44.409893490132966,17.658814898027387,1.99974337236835,available,231.0345884737151,49.98775407627876,0.0,0.0,normal,,normal,False
SOLAR_001,2026-01-27 04:15:00,solar,0.0,19.856471797346238,505.60315702124524,0.0,0.0,6.047401892605691,44.48379215140846,-39.00815654462196,19.72987924180906,1.735230727940567,available,232.59578190992855,50.0879479060316,0.0,0.0,normal,,normal,False
SOLAR_001,2026-01-27 04:30:00,solar,12.87968493067199,17.96519194654299,497.1828642529021,0.23878433701628166,0.1151717327445428,5.0,44.4,-17.928500864421743,16.751155034017607,1.3986887610632985,available,230.60394245055184,50.10451272194912,0.48749158993843045,0.0,normal,,normal,False
SOLAR_001,2026-01-27 04:45:00,solar,0.0,20.889762526502444,501.8235120718244,0.0,0.0,5.0,44.4,-0.0,22.175534230839432,1.7898946583374662,available,227.89554518125166,49.863698065832764,1.7898946583374662,0.0,normal,,normal,False
SOLAR_001,2026-01-27 05:00:00,solar,0.0,18.379730185363456,498.9422911937435,0.05527974595724712,0.026796572977084,5.0,44.4,-0.0,17.989056283366835,1.839698969203934,available,228.4317517127127,50.02440871984119,1.81290239622685,0.0,normal,,normal,False
SOLAR_001,2026-01-27 05:15:00,solar,1.7804786177359964,21.890628876158132,501.8080311884675,0.0,0.0,5.0,44.4,-0.0,23.065332728697932,1.5023709517692816,available,232.72156619730237,50.04774756842546,1.5023709517692816,0.0,normal,,normal,False
SOLAR_001,2026-01-27 05:30:00,solar,18.115028597155487,21.013304223676986,499.06081505251404,0.2914096668372101,0.13982756762220763,5.0,44.4,-0.0,19.796260381924377,1.9503375352931245,available,227.3784382589169,49.98919616109938,1.8105099676709169,0.0,normal,,normal,False
SOLAR_001,2026-01-27 05:45:00,solar,41.17410001175665,22.791827123056464,496.84298842431514,0.8794810449981341,0.41889477163941835,5.0,44.4,-0.0,23.18246990712167,1.7553982941135264,available,234.20354576302873,50.04640450423909,1.336503522474108,0.0,normal,,normal,False
SOLAR_001,2026-01-27 06:00:00,solar,0.0,20.246846759842846,498.9136308408089,0.0,0.0,5.0,44.4,-0.0,20.25478736189754,2.129817020618691,available,233.75207505164926,50.08270838443564,2.129817020618691,0.0,normal,,normal,False
SOLAR_001,2026-01-27 06:15:00,solar,58.588793301630965,24.282661063835096,507.47438308116944,1.0983512938236328,0.5415233904138457,5.0,44.4,-0.0,27.046730323890742,1.9802154609882616,available,234.26944413973976,49.9314079004908,1.438692070574416,0.0,normal,,normal,False
SOLAR_001,2026-01-27 06:30:00,solar,84.34216509761455,26.585296408855932,504.4796289184216,1.5471544102214212,0.7548132778197709,5.0,44.4,-0.0,27.763224096484084,2.45095576360297,available,230.7614029749689,50.00668809431125,1.6961424857831993,0.0,normal,,normal,False
SOLAR_001,2026-01-27 06:45:00,solar,160.74502083380327,26.350355474200146,498.74640632080605,3.326200613600959,1.6120613082920434,5.0,44.4,-0.0,27.464239744170943,2.0365549135391614,available,229.316950364803,50.09783735885565,0.424493605247118,0.0,normal,,normal,False
SOLAR_001,2026-01-27 07:00:00,solar,197.64489055154675,28.030371634572653,509.55791170701065,3.7884698171392124,1.8633842626158406,5.0,44.4,-0.0,30.05817937654513,2.202546823564373,available,230.71269253230307,49.93811173495009,0.3391625609485325,0.0,normal,,normal,False
SOLAR_001,2026-01-27 07:15:00,solar,244.41350771885735,31.250091132933672,502.8627325847541,4.683176642313178,2.280445266657621,5.2118640226686805,44.416949121813495,4.0167506343987025,31.533858724199487,2.102033458094522,available,231.8171699021039,49.99423838294392,0.0,0.0,normal,,normal,False
SOLAR_001,2026-01-27 07:30:00,solar,268.5163345196998,32.34601919400327,510.62710579953443,5.099281149530593,2.513465990145981,6.002634621556285,44.4802107697245,14.970974097250139,32.24651293295489,1.8475539068722087,available,228.69844818841935,49.97758013619529,0.0,0.0,normal,,normal,False
SOLAR_001,2026-01-27 07:45:00,solar,373.2182240967675,31.04481890891933,511.05843439476365,7.068021802037795,3.478282054267146,7.570365880882897,44.60562927047063,29.597043384164888,30.83129502918357,2.1580873095710515,available,227.7975935243477,50.052594637003985,0.0,0.0,normal,,normal,False
SOLAR_001,2026-01-27 08:00:00,solar,441.1938559554664,39.86468926027847,512.4652418650054,8.05806410152964,3.9621309930044823,9.454273242797493,44.7563418594238,35.44633539874857,40.192505917949624,2.375682688234296,available,229.43212701193866,50.05956229735981,0.0,0.0,normal,,normal,False
SOLAR_001,2026-01-27 08:15:00,solar,493.69572954933005,39.38529972117788,518.5241613250648,8.982675681855447,4.48079502438607,11.960361912140673,44.95682895297125,46.94260043567371,36.615177102987104,2.370404565991813,available,228.45538444493528,50.00811636790718,0.0,0.0,normal,,normal,False
SOLAR_001,2026-01-27 08:30:00,solar,503.77447726693214,40.31852395190838,508.8606648805664,9.251961922020556,4.590761617363629,14.781235531867566,45.18249884254941,52.575058545417164,40.32085015961676,2.215289095488351,available,232.48177295730073,50.00161046484551,0.0,0.0,normal,,normal,False
SOLAR_001,2026-01-27 08:45:00,solar,513.5571602673524,39.7196391682238,515.6300954055487,9.331758811749953,4.643640540056958,17.914200331008644,45.43313602648069,58.06964646040273,39.94643070535874,2.005354393411838,available,228.76714097254137,49.914042607723935,0.0,0.0,normal,,normal,False
SOLAR_001,2026-01-27 09:00:00,solar,625.7930559315207,40.36179613545965,519.1804900734605,11.215541749031226,5.663776838729628,21.73401622621686,45.738721298097346,70.32743763614646,40.20594565807179,2.4470897690806037,available,230.19128293319469,50.07115012605723,0.0,0.0,normal,,normal,False
SOLAR_001,2026-01-27 09:15:00,solar,661.1527373077013,45.42989315570511,512.4634293430801,11.73458758305493,5.8619048050780265,25.818635721077857,46.06549085768623,74.66933512651073,43.89898563108569,2.4222252304582375,available,231.9660810412157,49.98234168423215,0.0,0.0,normal,,normal,False
SOLAR_001,2026-01-27 09:30:00,solar,702.1598516364289,44.967544251625434,512.8840524837648,12.602875861650634,6.270435463537519,30.26551956502054,46.42124156520164,80.66876635292502,44.817707665678654,2.525691173901576,available,232.55968462069168,49.99288374707718,0.0,0.0,normal,,normal,False
SOLAR_001,2026-01-27 09:45:00,solar,632.2240699700745,45.23691999622735,515.4806420909612,11.301685325392057,5.642329043655792,34.21157037665584,46.73692563013247,71.09988755923123,43.70322078696593,2.3193388864892213,available,230.41711856370944,50.048579990130975,0.0,0.0,normal,,normal,False
SOLAR_001,2026-01-27 10:00:00,solar,682.5176436773662,45.6844869548459,518.619440218977,11.933736055261225,6.007511926498993,38.907747477518356,47.11261979820147,83.94089461161481,47.458244694342625,2.052836473141086,available,230.7685924732265,50.00987998377411,0.0,0.0,normal,,normal,False
SOLAR_001,2026-01-27 10:15:00,solar,744.628687069337,48.23565489776083,512.29554973481,13.25837504735258,6.574291479592148,43.657747477518356,47.49261979820147,84.22361236327247,47.97830469829275,2.5103447703050485,available,227.96601874499305,50.05019209752057,0.0,0.06394670928709978,normal,,normal,False
SOLAR_001,2026-01-27 10:30:00,solar,707.8920153085294,46.08827919263802,520.683198613659,12.521997203200854,6.363641153247964,48.348044628519546,47.867843570281565,82.51309484692855,44.025575139451774,2.413917236615382,available,232.0461132938478,50.03017050679827,0.0,0.0,normal,,normal,False
SOLAR_001,2026-01-27 10:45:00,solar,790.862875812756,50.88844259545512,513.3050556229192,13.90673014105524,6.991220241006938,53.098044628519546,48.24784357028156,82.90525967597472,50.681931643885115,2.70445531295282,available,232.52704648459454,50.01018935304179,0.0,0.2867649280541187,normal,,normal,False
SOLAR_001,2026-01-27 11:00:00,solar,869.8656459191053,50.0262504152822,524.4918398290112,14.953277245815718,7.664439179588215,57.848044628519546,48.62784357028156,82.25740041749582,50.921648801769464,2.4404132283193642,available,226.25929385516176,50.01552213642351,0.0,1.2240259512688514,normal,,normal,False
SOLAR_001,2026-01-27 11:15:00,solar,807.1633664955436,53.825547491126194,521.6707729204251,13.749688700508113,6.880462630552272,62.598044628519546,49.007843570281565,81.61958798010869,54.00162556514099,2.4322599983435533,available,233.52589164107124,49.94386136267118,0.0,0.44820263220871936,normal,,normal,False
SOLAR_001,2026-01-27 11:30:00,solar,896.4661187184252,56.235732648020154,527.4814567160187,15.078902466903994,7.697845988030953,67.34804462851955,49.38784357028156,80.99159045702784,55.32187657318537,2.5296010819914105,available,228.59868106625936,49.99255099352503,0.0,1.1682449060395426,normal,,normal,False
SOLAR_001,2026-01-27 11:45:00,solar,800.3789786043591,53.08703474977448,522.6323135072092,13.564991362708664,6.876965165170367,72.09804462851955,49.76784357028156,80.37318302432065,52.408786564932555,2.329650301697145,available,231.18926177627054,50.05420235249652,0.0,0.5473148634732219,normal,,normal,False
SOLAR_001,2026-01-27 12:00:00,solar,797.366521707801,52.60886230538027,518.7809581955161,13.571826857974218,6.84588268639483,76.84804462851955,50.147843570281566,79.76414767255248,52.322015060639906,2.3209728557752864,available,230.1551234496318,49.955067997380404,0.0,0.5249098306195439,normal,,normal,False
SOLAR_001,2026-01-27 12:15:00,solar,837.0897193664847,51.66591740963427,516.7624699239013,14.3224866692631,7.115361809913354,81.59804462851955,50.52784357028156,79.16427295054085,51.22625398163177,2.429457462189783,available,229.87924830777885,49.964236196065094,0.0,0.6859043477235716,normal,,normal,False
SOLAR_001,2026-01-27 12:30:00,solar,740.6317512525135,51.20572786955032,520.7844614597876,12.899289324438854,6.457656872319809,86.34804462851955,50.907843570281564,78.57335372058614,49.946161728097465,2.26206892596422,available,229.58696404344627,49.956018785631045,0.0,0.19558794635558918,normal,,normal,False
SOLAR_001,2026-01-27 12:45:00,solar,782.8563852273435,50.412157345939626,519.494703254153,13.708013546574321,6.954133036684066,91.09804462851955,51.28784357028157,77.99119092458346,50.34455959828932,2.395534283088261,available,228.0148733359529,50.0076690298453,0.0,0.5585987535958052,normal,,normal,False
SOLAR_001,2026-01-27 13:00:00,solar,845.7997690825288,49.81471791369526,524.0630726652904,14.449093613803933,7.323900386312403,95.84804462851955,51.66784357028156,77.41759136045557,48.480983679162634,2.822578893319821,available,231.04765602129595,50.07012644263855,0.0,0.5013214929925818,normal,,normal,False
SOLAR_001,2026-01-27 13:15:00,solar,838.3544991361713,54.198677062120545,515.2241273244827,14.3006215520908,7.0921882642290806,100.0,52.0,67.23814366769966,55.14772190800291,2.634645303618071,available,229.42791066248864,50.0273579997189,0.0,0.961159489890627,normal,,normal,False
SOLAR_001,2026-01-27 13:30:00,solar,724.859182724663,50.754830292117006,526.5611986520696,12.316986672208774,6.255288722987104,100.0,52.0,0.0,51.82593614101662,2.477353377910009,available,227.38115535735122,49.89115187100701,0.0,3.777935345077095,normal,,normal,False
SOLAR_001,2026-01-27 13:45:00,solar,761.3001994979,49.85099328878696,523.0365625975138,13.225561437414129,6.723434075255667,100.0,52.0,0.0,48.8478058520536,2.713928185880693,available,227.92999062310193,50.03243125000704,0.0,4.0095058893749735,normal,,normal,False
SOLAR_001,2026-01-27 14:00:00,solar,682.2347397551802,45.97957289190625,516.5064135546602,11.975577431798568,5.974459483508902,100.0,52.0,0.0,45.26292897881782,2.224732212101668,available,227.41510747261722,49.977895497270666,0.0,3.7497272714072336,normal,,normal,False
SOLAR_001,2026-01-27 14:15:00,solar,685.058026409981,46.875660551846806,523.8206758366014,11.74601480605194,5.975654629467136,100.0,52.0,0.0,46.45266041671306,2.872249299512145,available,228.95081889939595,50.0254691176238,0.0,3.103405329954991,normal,,normal,False
SOLAR_001,2026-01-27 14:30:00,solar,642.3261909239816,43.79359312334729,512.7345544255957,11.79708466587829,5.837709263205264,100.0,52.0,0.0,43.76207532903323,2.2649084996191107,available,230.9701986168647,49.992524991233246,0.0,3.5728007635861534,normal,,normal,False
SOLAR_001,2026-01-27 14:45:00,solar,650.165161379544,47.949859504144385,515.8591553092405,11.476819307910413,5.691177637631364,100.0,52.0,0.0,48.206707247576496,2.739089092467376,available,228.57776389880223,49.95697717218806,0.0,2.9520885451639884,normal,,normal,False
SOLAR_001,2026-01-27 15:00:00,solar,591.9886241098748,42.45692997894167,509.0362514174523,10.862163023991775,5.402736367041845,100.0,52.0,0.0,42.91998269478306,2.7180786610898764,available,231.95088311347325,49.99642642041788,0.0,2.6846577059519685,normal,,normal,False
SOLAR_001,2026-01-27 15:15:00,solar,600.0544008045857,45.25189361145248,520.573193327207,10.573343504606951,5.350031799509132,100.0,52.0,0.0,45.69161547292003,1.9460596554355902,available,229.76157104116527,49.977926494981254,0.0,3.403972144073542,normal,,normal,False
SOLAR_001,2026-01-27 15:30:00,solar,509.36370129709496,41.02202589279649,505.5856813278505,9.475119449850714,4.638776039024304,100.0,52.0,0.0,42.57589144563383,2.567361071682287,available,229.42119015631727,50.0153857474111,0.0,2.0714149673420166,normal,,normal,False
SOLAR_001,2026-01-27 15:45:00,solar,482.3878398280974,39.18251948055607,505.34963787534343,8.854283789545043,4.328609644633623,100.0,52.0,0.0,39.24288354620759,2.193224776768286,available,230.03353086059215,49.95569974765106,0.0,2.135384867865337,normal,,normal,False
SOLAR_001,2026-01-27 16:00:00,solar,384.6623185513435,38.92383807200728,507.4611475717552,7.075099524198111,3.5089254182347474,100.0,52.0,0.0,37.62135655760325,2.111406308536386,available,232.79030986351265,49.943761507276434,0.0,1.3975191096983615,normal,,normal,False
SOLAR_001,2026-01-27 16:15:00,solar,389.31757631981145,37.847661035727725,514.1350685030847,7.193364300085156,3.5983484795777727,100.0,52.0,0.0,36.23847960088799,2.303957534631548,available,227.25732261611537,50.03660409237384,0.0,1.2943909449462248,normal,,normal,False
SOLAR_001,2026-01-27 16:30:00,solar,326.9743321230201,37.6929719642746,511.47304819161735,5.846227373916198,2.9176280346071772,100.0,52.0,0.0,39.328758839256665,1.9706244796133388,available,233.3127339428383,50.05544197506832,0.0,0.9470035549938385,normal,,normal,False
SOLAR_001,2026-01-27 16:45:00,solar,263.65445364408964,32.5789450691464,506.9169918189796,5.013621148847933,2.457827813579637,100.0,52.0,0.0,33.08860093759642,2.2450471769696785,available,231.92032021784928,50.029002889645824,0.0,0.2127806366099585,normal,,normal,False
SOLAR_001,2026-01-27 17:00:00,solar,198.70725845520118,31.3317094931693,509.2520857467196,3.7673642471846316,1.861467986065814,99.91205041082789,51.99296403286623,-1.285591022057419,31.538161824633598,1.9283096738366212,available,229.9566870099252,49.96756135826635,0.0,0.0,normal,,normal,False
SOLAR_001,2026-01-27 17:15:00,solar,133.1556646162924,26.843449134203986,503.440151541478,2.5953502174561964,1.2700329741462943,98.78945366528404,51.90315629322272,-16.437796610930395,27.292460580380197,2.1232065007596215,available,232.36605136954023,49.96299650324918,0.0,0.0,normal,,normal,False
SOLAR_001,2026-01-27 17:30:00,solar,96.75753683223758,25.821202423869686,504.30023896147304,1.8577087706911177,0.9061610457613718,96.92149543297394,51.75371963463792,-27.43084490502077,25.981471348751736,2.3258093023170527,available,229.35505429585137,49.965875538341116,0.0,0.0,normal,,normal,False
SOLAR_001,2026-01-27 17:45:00,solar,65.38369943572258,30.581957357982965,507.9149668872273,1.1605163769629183,0.5714787740928979,94.90142145778032,51.59211371662243,-29.757575539156754,31.01514626110058,2.106734995240055,available,230.57135675065396,50.04451974648752,0.0,0.0,normal,,normal,False
SOLAR_001,2026-01-27 18:00:00,solar,15.96042135730973,29.33614121579989,499.01352450718315,0.13172860493051933,0.06357050851449161,92.44816991300495,51.39585359304039,-36.276684667841586,28.96355279724277,1.9280416825437707,available,228.91717098491654,49.95874755709293,0.0,0.0,normal,,normal,False
SOLAR_001,2026-01-27 18:15:00,solar,0.0,25.504721561948823,496.9345095169132,0.01456399630085316,0.007034672447740346,89.722096042523,51.17776768340184,-40.4827376290236,26.559918151586277,2.07885081401402,available,231.93295032777058,50.044202025481475,0.0,0.0,normal,,normal,False
SOLAR_001,2026-01-27 18:30:00,solar,12.071057589115574,23.979716636408483,501.88148685730795,0.21159778812702465,0.10230946158246401,87.67254643263152,51.013803714610525,-30.534043535189564,23.45485139181911,1.6599671650999968,available,228.58548878952865,50.03184515787287,0.0,0.0,normal,,normal,False
SOLAR_001,2026-01-27 18:45:00,solar,0.0,24.010148516375843,502.9610972299662,0.0,0.0,85.37723432966634,50.830178746373306,-34.31892708773919,23.106861398051425,1.7444371982535356,available,229.8972644219965,50.06188634907669,0.0,0.0,normal,,normal,False
SOLAR_001,2026-01-27 19:00:00,solar,0.2970931716055785,25.317788633019685,500.4417909485811,0.012176892407163254,0.00592047822979102,83.01992256733388,50.64159380538671,-35.37718315615305,23.626943993146288,1.7974774176024626,available,231.3582776366504,50.053157653949405,0.0,0.0,normal,,normal,False
SOLAR_001,2026-01-27 19:15:00,solar,25.504999484231647,23.408219552761725,504.0135252548241,0.4799998558487068,0.23442269836232515,80.6800546838143,50.45440437470514,-35.24567604184049,23.170494843775636,2.0127222898372024,available,232.09637928297636,50.02713277911406,0.0,0.0,normal,,normal,False
SOLAR_001,2026-01-27 19:30:00,solar,14.534770212413074,23.8061367103325,499.19496345506593,0.24637789779165073,0.11957731944375789,78.32561404334557,50.266049123467646,-35.59808097033898,25.073639271735164,1.9089522061999955,available,228.35768991646225,49.92656594083166,0.0,0.0,normal,,normal,False
SOLAR_001,2026-01-27 19:45:00,solar,14.325695784399471,22.973376064775216,500.510184038334,0.07307249000839022,0.03540958386293184,75.86167483750506,50.068933987000406,-37.40031287514479,22.51602592228677,1.9080033803017176,available,231.50627647024072,50.03050641879285,0.0,0.0,normal,,normal,False
SOLAR_001,2026-01-27 20:00:00,solar,34.358226452225395,22.194003340463702,501.4982995302544,0.7608739715392201,0.3688511603981579,74.0186849298475,49.9214947943878,-28.057499792198133,20.81545546547992,1.7695234902179136,available,228.03602983774763,50.005773669601616,0.0,0.0,normal,,normal,False
SOLAR_001,2026-01-27 20:15:00,solar,0.0,20.960634623890062,501.1494441521498,0.0,0.0,71.92345668518873,49.7538765348151,-32.00501301293395,21.245462712859972,1.5923734659406663,available,225.69933834878213,49.98133731306132,0.0,0.0,normal,,normal,False
SOLAR_001,2026-01-27 20:30:00,solar,0.0,21.761197280972635,506.4530865171554,0.006246408258299597,0.003077892491225591,69.26476872233515,49.54118149778681,-40.7863274689762,21.110129484698675,2.023680744259943,available,228.5038727055384,50.068111212386725,0.0,0.0,normal,,normal,False
SOLAR_001,2026-01-27 20:45:00,solar,0.0,19.438646963885827,501.4782250000013,0.0,0.0,67.20722175876747,49.3765777407014,-31.66958432241529,20.98691406011296,1.563735692311437,available,231.66931995215265,49.99243321652451,0.0,0.0,normal,,normal,False
SOLAR_001,2026-01-27 21:00:00,solar,0.0,21.177594018435276,498.7843914603146,0.0,0.0,64.88405105033692,49.190724084026954,-35.89314390638418,22.252191783848527,1.7656097384072178,available,229.9755662420443,49.97352755415251,0.0,0.0,normal,,normal,False
SOLAR_001,2026-01-27 21:15:00,solar,0.0,19.403639929389016,502.11192680596406,0.11474458484584081,0.05583347610698906,62.80060673468334,49.024048538774665,-32.298794715910624,18.132745134514483,1.6392511560037102,available,228.9300040564876,50.05620280839635,0.0,0.0,normal,,normal,False
SOLAR_001,2026-01-27 21:30:00,solar,0.0,19.9297209539113,504.0354033610805,0.05273619643167542,0.025710118675968063,60.5244494825782,48.841955958606256,-35.417899992907465,19.755826218692405,1.7555896302758753,available,230.110956646982,49.97974536548611,0.0,0.0,normal,,normal,False
SOLAR_001,2026-01-27 21:45:00,solar,0.0,21.460523143552358,503.0969417660752,0.11230836966754057,0.055237798774293405,58.61720806330692,48.689376645064556,-29.770425881866455,20.705251799985497,1.5047412774204674,available,230.0447993460335,49.971025338968865,0.0,0.0,normal,,normal,False
SOLAR_001,2026-01-27 22:00:00,solar,14.10767581316038,19.15065635918275,502.87523028465193,0.3199538353157379,0.15632455259762223,56.42707721083746,48.51416617686699,-34.30955490007934,17.990151773101633,1.8208240004744127,available,231.24379709772865,49.943642294888306,0.0,0.0,normal,,normal,False
SOLAR_001,2026-01-27 22:15:00,solar,6.343548822180721,20.27541657848967,494.00779942594386,0.17093149654908923,0.08191441201647008,54.07161874049403,48.32572949923952,-37.04338156942211,20.21948208667986,1.8720628494774778,available,226.7765801511487,49.95899119892938,0.0,0.0,normal,,normal,False
SOLAR_001,2026-01-27 22:30:00,solar,0.0,15.75847733413561,490.0299495326387,0.0,0.0,51.72619923145562,48.13809593851645,-37.029275714309236,16.576710097947956,1.7825188268691952,available,229.79529408633095,49.96328053297087,0.0,0.0,normal,,normal,False
SOLAR_001,2026-01-27 22:45:00,solar,10.61929521653227,17.739650573834595,505.1010581544825,0.18491486549349917,0.09094378403928902,49.73348512239951,47.97867880979196,-31.565327775836057,17.657943285998638,1.605406506921932,available,230.24855454308306,50.031052376115774,0.0,0.0,normal,,normal,False
SOLAR_001,2026-01-27 23:00:00,solar,13.018735076827852,18.304823482043737,501.7554297848245,0.24400017634795862,0.11838117186302206,47.94410728412824,47.83552858273026,-28.429228177842813,17.788672230396642,1.4783083289491825,available,227.2692596722915,49.9490463847324,0.0,0.0,normal,,normal,False
SOLAR_001,2026-01-27 23:15:00,solar,0.0,20.606886828080867,499.9136903335389,0.12238760850253519,0.0591480578067835,45.22842185941288,47.61827374875303,-43.34304375823204,18.400650311889777,2.123068980590458,available,227.24183515753072,49.90710805620491,0.0,0.0,normal,,normal,False
SOLAR_001,2026-01-27 23:30:00,solar,0.0,14.592915147531155,502.7772521111206,0.0,0.0,43.444836460163685,47.47558691681309,-28.5520409848655,13.927099827805309,1.3555249034293917,available,229.27058316203522,50.01516149002808,0.0,0.0,normal,,normal,False
SOLAR_001,2026-01-27 23:45:00,solar,0.0,17.227174300695097,507.70923974266367,0.026083778698844297,0.012871332715653987,41.189128483622895,47.29513027868983,-36.24766550105995,17.77897906214256,1.7272093948866551,available,230.01704856654024,49.968302435391784,0.0,0.0,normal,,normal,False
SOLAR_001,2026-01-28 00:00:00,solar,0.0,19.423552492350918,505.65412466338563,0.022323296901319567,0.010807938219412908,39.07630080020722,47.12610406401658,-34.07345188591542,18.08161156071235,1.6165569776153248,available,230.02409205011105,49.99918665410619,0.0,0.0,normal,,normal,False
SOLAR_001,2026-01-28 00:15:00,solar,0.0,15.95697242927708,503.8488822912078,0.11488317241236132,0.05610158345005816,37.12583446776403,46.97006675742112,-31.559555159086905,17.239534547199586,1.5384559961068842,available,228.8873030373135,50.06412079878831,0.0,0.0,normal,,normal,False
SOLAR_001,2026-01-28 00:30:00,solar,1.334991178908392,16.77400253421753,496.4530974686694,0.014305425975123735,0.006893371029683236,35.04163837658126,46.803331070126504,-33.84351055965607,16.190367672370787,1.5908824003285884,available,228.80533081406574,50.00357723730793,0.0,0.0,normal,,normal,False
SOLAR_001,2026-01-28 00:45:00,solar,0.0,17.512596014913086,496.9728367881205,0.08328291683334652,0.04007738869522211,33.17778814704039,46.65422305176323,-30.362228364180808,17.70631583489268,1.456603563146286,available,229.20964735704146,50.07548105577114,0.0,0.0,normal,,normal,False
SOLAR_001,2026-01-28 01:00:00,solar,0.0,17.276762830584172,490.45438127452917,0.0,0.0,31.005755927541745,46.48046047420334,-35.51480493045314,16.877623675106097,1.650744486818969,available,230.59704352269748,49.9965926564484,0.0,0.0,normal,,normal,False
SOLAR_001,2026-01-28 01:15:00,solar,0.0,19.363643250511398,502.53405389553967,0.0,0.0,28.85148442896383,46.30811875431711,-35.355492362051145,18.187326510089708,1.637246338919216,available,232.48924201358665,50.05034782406783,0.0,0.0,normal,,normal,False
SOLAR_001,2026-01-28 01:30:00,solar,3.080050173562871,17.809597939832248,504.43450878984464,0.0,0.0,26.062293830338888,46.08498350642711,-45.99730093554935,18.24989399458056,2.119784854954956,available,225.55920622711176,49.97262863839564,0.0,0.0,normal,,normal,False
SOLAR_001,2026-01-28 01:45:00,solar,7.662862702528337,19.317733948011927,504.760712184766,0.23311951569380931,0.11356557092852361,23.829391016656626,45.90635128133253,-36.966696133146904,18.719721244760116,1.8105717093270424,available,231.24600424260365,50.00538453251928,0.0,0.0,normal,,normal,False
SOLAR_001,2026-01-28 02:00:00,solar,7.2425762715568025,16.879571086800578,502.7017218851071,0.2157574122259679,0.10536083886046012,21.713464327364754,45.73707714618918,-35.15975187312142,16.046539922762364,1.713465122722284,available,229.77769667761305,49.953351599868974,0.0,0.0,normal,,normal,False
SOLAR_001,2026-01-28 02:15:00,solar,0.22250037429466796,16.266263486016186,499.38373256709076,0.09440458258682108,0.04496960093749202,19.48191056395911,45.55855284511673,-37.22639887079017,13.890114213332083,1.7409504611257798,available,231.05144456219767,49.95929004463743,0.0,0.0,normal,,normal,False
SOLAR_001,2026-01-28 02:30:00,solar,0.0,17.19425848289154,497.74289015235945,0.0,0.0,16.83599144821162,45.34687931585693,-44.34480516203726,18.496945256194735,2.0108985279680933,available,232.371086674522,49.98876667851888,0.0,0.0,normal,,normal,False
SOLAR_001,2026-01-28 02:45:00,solar,0.0,15.983236169219778,496.69854081563693,0.0,0.0,14.904956219676874,45.19239649757415,-32.474196710616646,15.989384917528756,1.4675867736864057,available,228.48974784836685,49.93357329727182,0.0,0.0,normal,,normal,False
SOLAR_001,2026-01-28 03:00:00,solar,0.0,18.66308971782407,499.3463006033392,0.0,0.0,12.740146483211479,45.01921171865692,-36.545628786118236,19.769659105379148,1.6452553997136996,available,231.8886093557945,50.00796799858694,0.0,0.0,normal,,normal,False
SOLAR_001,2026-01-28 03:15:00,solar,0.0,17.600895544749314,496.0886949844142,0.14550818407512928,0.07072607064144946,11.09390892133283,44.88751271370663,-27.872797385936064,18.221087951745304,1.3218666176692233,available,227.49191427134414,49.984862000890274,0.0,0.0,normal,,normal,False
SOLAR_001,2026-01-28 03:30:00,solar,1.3496619238170546,17.472584816090567,507.0238162600343,0.19445714596382385,0.09552951042919235,8.801431796399587,44.70411454371197,-38.973652262939886,18.579017234265827,1.837812125378456,available,230.2551984655345,50.011728996555846,0.0,0.0,normal,,normal,False
SOLAR_001,2026-01-28 03:45:00,solar,25.65974470267834,20.126602579645617,494.7905137877376,0.6089241173159246,0.29208923296339456,6.659933227601371,44.53279465820811,-36.54697453366904,19.562457764342806,1.919628145250039,available,229.51496646132804,49.934340450773725,0.0,0.0,normal,,normal,False
SOLAR_001,2026-01-28 04:00:00,solar,14.617731828322796,17.700122160440802,499.2117868924431,0.33452056857165263,0.16268745607916701,5.0,44.4,-28.413271463446893,16.32766654853975,1.575879989553033,available,230.09255893601477,50.035086615532556,0.15164328049682396,0.0,normal,,normal,False
SOLAR_001,2026-01-28 04:15:00,solar,0.0,20.540332615083212,492.2551263462765,0.1356392880671345,0.06477317394061803,5.0,44.4,-0.0,21.30302549049708,2.08798609300159,available,228.021931430301,50.08488068327357,2.023212919060972,0.0,normal,,normal,False
SOLAR_001,2026-01-28 04:30:00,solar,12.211251755339404,19.3264452080854,501.18621944519225,0.22365268354040468,0.10860839974072845,5.0,44.4,-0.0,19.45664395175112,1.6840164569107525,available,230.8737669121004,50.074326654962796,1.5754080571700242,0.0,normal,,normal,False
SOLAR_001,2026-01-28 04:45:00,solar,11.525442617983252,22.13778910045364,499.9904651609715,0.19405745972338004,0.09456562098075877,5.0,44.4,-0.0,21.67142271753321,1.7868586188102649,available,233.17257453102957,50.09519532647674,1.692292997829506,0.0,normal,,normal,False
SOLAR_001,2026-01-28 05:00:00,solar,0.0,19.91089363265565,498.57283858544184,0.0,0.0,5.0,44.4,-0.0,20.653607040397638,1.9074446128278721,available,228.05628625836724,50.002121549729154,1.9074446128278721,0.0,normal,,normal,False
SOLAR_001,2026-01-28 05:15:00,solar,15.279586607437903,22.233833333489823,496.26886693587977,0.21268870558245156,0.10253658281711305,5.0,44.4,-0.0,22.541963928547613,2.2310486276447055,available,230.37929104332645,49.98238360733317,2.1285120448275925,0.0,normal,,normal,False
SOLAR_001,2026-01-28 05:30:00,solar,0.0,21.59055953410373,500.00984734235044,0.0,0.0,5.0,44.4,-0.0,22.22949800823838,1.7696236498847973,available,231.71174624215803,50.0243791769935,1.7696236498847973,0.0,normal,,normal,False
SOLAR_001,2026-01-28 05:45:00,solar,0.0,22.8657765534496,497.82215643994306,0.0,0.0,5.0,44.4,-0.0,21.843382122645316,2.028818016919572,available,229.4065185436691,49.988089011541874,2.028818016919572,0.0,normal,,normal,False
SOLAR_001,2026-01-28 06:00:00,solar,8.193649043468554,22.55802824859051,499.4525284425333,0.26826819393163903,0.13058205684854418,5.0,44.4,-0.0,23.53564471058673,2.1549675509584847,available,232.7207858431133,49.91297814254458,2.0243854941099406,0.0,normal,,normal,False
SOLAR_001,2026-01-28 06:15:00,solar,46.076326249273606,21.291179783604075,509.13778259227485,0.9718060638454701,0.4791073086897579,5.0,44.4,-0.0,21.286549107605875,2.1431254408894618,available,229.14062331716258,50.04096497568613,1.6640181321997038,0.0,normal,,normal,False
SOLAR_001,2026-01-28 06:30:00,solar,84.26536242361044,26.706141023913098,503.2992327079713,1.8048527424867569,0.8867218040428764,5.0,44.4,-0.0,27.791011195433963,2.179816993112364,available,229.76741059360242,49.98827990602122,1.2930951890694877,0.0,normal,,normal,False
SOLAR_001,2026-01-28 06:45:00,solar,147.79706844628126,27.105580422859166,506.0332752722187,2.735113810485082,1.3352902821018218,5.0,44.4,-0.0,28.073833743324926,2.240090689342046,available,228.01369160714685,49.92663236121276,0.9048004072402243,0.0,normal,,normal,False
SOLAR_001,2026-01-28 07:00:00,solar,148.3100046858644,28.89202423317883,503.31852179932844,3.0896853216428024,1.5195913308263673,5.0,44.4,-0.0,29.57832222573372,2.00552402537511,available,230.25318071413957,49.97458588673722,0.48593269454874255,0.0,normal,,normal,False
SOLAR_001,2026-01-28 07:15:00,solar,200.44479306022725,30.50431144641997,503.29104726736415,3.738774507070297,1.8296821546649136,5.0,44.4,-0.0,30.393185235277773,2.4822037167524877,available,230.00604589099794,49.989416992374984,0.6525215620875742,0.0,normal,,normal,False
SOLAR_001,2026-01-28 07:30:00,solar,273.52343012036033,30.591824377032353,507.5618377935072,5.150385437652819,2.5230555000865516,5.443029929248636,44.435442394339894,8.39595185856119,31.30139360015374,2.149977664929805,available,231.27180248968972,50.00059162591186,0.0,0.0,normal,,normal,False
SOLAR_001,2026-01-28 07:45:00,solar,282.63706375084377,31.059365740121045,518.861477823789,5.255401726801796,2.65196022094516,6.038798620993555,44.483103889679484,11.278438487281218,32.17015129374989,2.15026027000207,available,228.7275879191554,50.00119224986388,0.0,0.0,normal,,normal,False
SOLAR_001,2026-01-28 08:00:00,solar,338.6800863703601,35.261768127150155,508.85028922042414,6.5110872644945275,3.2030007627086587,6.88011347014807,44.550409077611846,15.902786912947606,35.868500992533626,2.494525100262751,available,228.63600875089884,50.06845098725473,0.0,0.0,normal,,normal,False
SOLAR_001,2026-01-28 08:15:00,solar,335.83498566256833,34.19107735457057,512.5571558738513,6.33326660455837,3.1493188489279857,8.097806390863484,44.64782451126908,22.966978316843683,34.39367470032763,2.123893231483427,available,230.92498423579997,49.93557297554338,0.0,0.0,normal,,normal,False
SOLAR_001,2026-01-28 08:30:00,solar,395.46083584125284,37.96994884178669,508.8616345198123,7.34433954137938,3.6160418020651566,9.615483071898305,44.76923864575186,28.54735884575292,38.68179768609952,2.3379982811937285,available,232.79438098014913,49.992392791354995,0.0,0.0,normal,,normal,False
SOLAR_001,2026-01-28 08:45:00,solar,373.83513710969413,36.17459784498083,502.1658281483943,7.032779828300254,3.423326078044148,11.125018092830501,44.89000144742644,28.317829027850074,35.64889334956036,2.1521386919959835,available,231.25802049526197,49.95605180787115,0.0,0.0,normal,,normal,False
SOLAR_001,2026-01-28 09:00:00,solar,475.5361731104795,40.92351899393442,510.98281029600435,8.578912076590719,4.27280094483027,12.847790522451694,45.027823241796135,32.21909534504626,42.43750854377048,2.82204521462295,available,233.6948244972223,50.06280841256217,0.0,0.0,normal,,normal,False
SOLAR_001,2026-01-28 09:15:00,solar,491.9303523673813,40.8222071666354,524.5596342589946,8.892407321007992,4.536753235931839,14.910115145276563,45.19280921162213,38.42855643446746,39.140379782233225,2.8000588167108975,available,231.1106149424439,49.971927294679716,0.0,0.0,normal,,normal,False
SOLAR_001,2026-01-28 09:30:00,solar,498.23126941520536,41.1490742290124,518.2486279847238,9.069789003325615,4.5329451663217695,17.520221572156714,45.40161772577254,48.412027358891265,41.18347694982385,2.3349608068437466,available,231.03858571170875,49.98280850812428,0.0,0.0,normal,,normal,False
SOLAR_001,2026-01-28 09:45:00,solar,536.596617231986,41.469319338389724,523.1930890502647,9.70978699010049,4.900560497206799,20.396854509809238,45.63174836078474,53.086454584596765,41.06336141979841,2.478132760236252,available,231.35858576133984,50.052484768268066,0.0,0.0,normal,,normal,False
SOLAR_001,2026-01-28 10:00:00,solar,575.0024800941599,43.673450891752104,515.9296191359608,10.350974796227721,5.1873934655747505,23.71786697133319,45.897429357706656,60.932433733191026,43.03255919842492,2.3907513927124735,available,232.97634151155833,50.06623874112219,0.0,0.0,normal,,normal,False
SOLAR_001,2026-01-28 10:15:00,solar,523.7865941505155,44.14682257854479,508.51013041562715,9.251746578270318,4.571541455871639,26.375098457421227,46.1100078765937,48.52891428369266,44.45201857870975,2.33387283600803,available,232.47514013223437,50.073631176894025,0.0,0.0,normal,,normal,False
SOLAR_001,2026-01-28 10:30:00,solar,597.8972602061879,44.41958169919836,514.0427546363759,10.60671864073374,5.270351256738585,29.736529968574935,46.378922397485994,61.03374164296607,43.29410609341388,2.439672089451252,available,227.83024353378246,49.91784434521708,0.0,0.0,normal,,normal,False
SOLAR_001,2026-01-28 10:45:00,solar,664.586999625797,47.23172394228853,520.5267016340788,11.676859139054379,5.944134472138124,33.923816707155346,46.71390533657243,75.48365257633894,49.38365614080584,2.4179982712283055,available,231.60116377522013,50.0241457051344,0.0,0.0,normal,,normal,False
SOLAR_001,2026-01-28 11:00:00,solar,658.0809816976538,46.58374248330698,520.2689719695271,11.521290468924725,5.838725984118163,38.32729570913754,47.066183656731006,78.78677546536453,45.23163704498588,2.130533140343688,available,230.53071301159702,50.01350584723358,0.0,0.0,normal,,normal,False
SOLAR_001,2026-01-28 11:15:00,solar,659.6724962146101,46.956827660212205,519.5740104217516,11.527540121714882,5.790993776317788,42.242525645427605,47.37940205163421,69.58795580049949,46.00555963696011,2.493958040494572,available,229.61192996822214,49.99743869272267,0.0,0.0,normal,,normal,False
SOLAR_001,2026-01-28 11:30:00,solar,664.9249364920918,49.67539627528875,517.707901177731,11.469395311754054,5.738219651685833,46.161902691229656,47.69295221529837,69.20368493170032,48.62971263765888,2.437691613115686,available,226.45414168908516,50.00332840555495,0.0,0.0,normal,,normal,False
SOLAR_001,2026-01-28 11:45:00,solar,619.641298988921,47.92213842774809,523.716041211985,10.837270345751447,5.498917810352227,49.709489120466834,47.976759129637344,62.268507872651924,48.120636544174424,2.5114766067840786,available,226.91967817947943,50.06428869694792,0.0,0.0,normal,,normal,False
SOLAR_001,2026-01-28 12:00:00,solar,705.9090099172441,48.52831175474816,517.9946133039962,12.389213470534958,6.214371011108385,54.19809016837711,48.33584721347017,78.20023408233364,49.542855860812985,2.434496444447104,available,229.2710655597738,50.05192946135223,0.0,0.0,normal,,normal,False
SOLAR_001,2026-01-28 12:15:00,solar,718.3785539007887,49.14664194224638,521.1884459454228,12.500253913983116,6.360457528443572,58.92848322012438,48.71427865760995,81.7725109650089,49.67264884768756,2.3769686427616623,available,227.0708169831305,50.0448456613328,0.0,0.0,normal,,normal,False
SOLAR_001,2026-01-28 12:30:00,solar,651.3125231797903,46.17012135378498,520.6102098876066,11.390307759120983,5.781203863405648,62.681068320806475,49.01448546566452,64.47219905931641,47.642465645958964,2.621132199673354,available,229.31248636249217,50.010345709924124,0.0,0.0,normal,,normal,False
SOLAR_001,2026-01-28 12:45:00,solar,660.1909924638229,47.23032995486837,518.1416958346157,11.62553374333686,5.844019792235262,66.59511526898963,49.32760922151917,66.81936520601184,46.40306190944313,2.547980256923135,available,231.4286825055239,50.11352953892082,0.0,0.0,normal,,normal,False
SOLAR_001,2026-01-28 13:00:00,solar,630.2898111344366,47.22134195968383,515.7933323216231,11.003970180092395,5.524739409822017,69.93301547099533,49.594641237679625,56.67675494483141,47.88006342221079,2.7138760818172183,available,228.8380873530877,49.9799688578006,0.0,0.0,normal,,normal,False
SOLAR_001,2026-01-28 13:15:00,solar,646.8205627750856,48.43144691640105,517.2292822430102,11.320852787127045,5.7039068253632,73.707890719103,49.89663125752824,63.708555749769644,48.12791028059223,2.5250645111672636,available,230.16692520550248,49.91920192915378,0.0,0.0,normal,,normal,False
SOLAR_001,2026-01-28 13:30:00,solar,676.9826591615866,48.98851185402271,525.9720777810167,11.39573392603374,5.8157687421796505,77.79234953131171,50.22338796250494,68.48491116291169,49.21658597502928,2.376224479267052,available,227.86009608344187,49.98673779925732,0.0,0.0,normal,,normal,False
SOLAR_001,2026-01-28 13:45:00,solar,623.8526472395349,44.79792455995422,522.3872462837185,10.84651510901976,5.507505075356644,81.33176291207239,50.50654103296579,59.013319373516914,45.90660565286694,2.5269464389265965,available,230.59753456994167,50.00288688724278,0.0,0.0,normal,,normal,False
SOLAR_001,2026-01-28 14:00:00,solar,504.3354319400504,44.835340678542686,521.4020630008166,8.874326457793513,4.5020261619063175,84.3105322795081,50.74484258236065,49.43236069714539,43.14307036027733,1.9935887998552033,available,231.01627078293913,50.065159204885894,0.0,0.0,normal,,normal,False
SOLAR_001,2026-01-28 14:15:00,solar,544.1229957800955,44.098425281901804,513.4835374189516,10.018451995189528,5.002522840268785,86.93208760467954,50.95456700837436,43.32537133764006,46.08943384540413,2.794897303282303,available,227.1541314859717,49.97445109682419,0.0,0.0,normal,,normal,False
SOLAR_001,2026-01-28 14:30:00,solar,596.2128170292472,43.89199011979388,510.11630971395715,10.628056871415986,5.237787195558477,90.28784642403993,51.223027713923194,55.16858900755265,43.74674612167561,2.411885031886569,available,228.49622740680402,50.024561503701456,0.0,0.0,normal,,normal,False
SOLAR_001,2026-01-28 14:45:00,solar,538.3649522248912,45.74181010249899,519.422773012614,9.385040860170278,4.712041318968557,92.58782281833864,51.40702582546709,37.67621634742313,44.135182595296406,2.7752190921906905,available,227.4656594651853,49.926137786281046,0.0,0.0,normal,,normal,False
SOLAR_001,2026-01-28 15:00:00,solar,506.67466443292955,44.92396293242125,517.7612046655307,9.026915598793877,4.526828944550262,95.41704145546966,51.633363316437574,46.14264405654104,44.23111541750681,2.14432903959782,available,231.01842959363572,50.05407089514654,0.0,0.0,normal,,normal,False
SOLAR_001,2026-01-28 15:15:00,solar,396.65057073024224,40.13217202788486,513.7359122087315,7.425779228381468,3.686963551210807,97.33341353095923,51.78667308247674,31.16220670071684,40.23447725995092,2.073176540272218,available,230.32801312109635,50.0034159707228,0.0,0.0,normal,,normal,False
SOLAR_001,2026-01-28 15:30:00,solar,354.93697415833793,39.490088138854944,510.6930690298406,6.567067086365931,3.228440878710614,98.37999477879377,51.8703995823035,16.99103118967506,38.7970120914073,2.347109301586787,available,229.90057641152885,49.985972196424626,0.0,0.0,normal,,normal,False
SOLAR_001,2026-01-28 15:45:00,solar,381.93956382112015,39.962541560997494,505.2556260434519,7.176389692721742,3.5293886380755977,99.81315894183162,51.98505271534653,23.215809576493182,37.91464861048998,2.322513553412153,available,229.74343692371735,50.106582621204495,0.0,0.0,normal,,normal,False
SOLAR_001,2026-01-28 16:00:00,solar,321.6762056081019,39.08531083772676,513.469601777514,5.8789176307491475,2.9333145465588415,100.0,52.0,3.025766124184344,39.18210989952948,2.292648954887389,available,230.6456708708652,50.05349535398051,0.0,0.4833257532138666,normal,,normal,False
SOLAR_001,2026-01-28 16:15:00,solar,268.1945654996325,36.41238763133888,513.5903142642437,4.9338643885749,2.4409957391956314,100.0,52.0,0.0,35.6906380678074,2.236195151248647,available,230.6857029840228,49.94800790607286,0.0,0.20480058794698452,normal,,normal,False
SOLAR_001,2026-01-28 16:30:00,solar,272.07141022598444,33.07158284255281,504.93729893333705,5.222393846453011,2.5546955350198197,100.0,52.0,0.0,33.72272279473799,2.0465841123790125,available,229.00884501237292,49.9945304112672,0.0,0.5081114226408072,normal,,normal,False
SOLAR_001,2026-01-28 16:45:00,solar,192.83559358440982,35.72459309420415,503.37839090310473,3.601104393952497,1.7566663000277871,99.88038118349614,51.99043049467969,-1.7485968028719117,34.6562057336708,1.8475766005707184,available,228.72880639225917,50.13681597700022,0.0,0.0,normal,,normal,False
SOLAR_001,2026-01-28 17:00:00,solar,174.5165029741084,33.46139790857277,510.14062860208566,3.376152098423293,1.6722098088181212,99.22131687716963,51.93770535017357,-9.644031622711585,35.72292746009431,2.173098681626272,available,229.88200960992626,50.098940839327064,0.0,0.0,normal,,normal,False
SOLAR_001,2026-01-28 17:15:00,solar,115.56130126022511,29.220767055129492,501.33434858874864,2.1059580842579924,1.0184040408236534,98.15175345082235,51.85214027606579,-15.676656733861698,29.734396133861825,1.8312722448475816,available,229.62053020400054,50.04614815651421,0.0,0.0,normal,,normal,False
SOLAR_001,2026-01-28 17:30:00,solar,58.36390305562678,26.593443994410183,509.7267646758266,1.2250061033172366,0.6014585512624497,96.59665216702126,51.7277321733617,-22.848033850157087,26.790238437837917,1.7833355269512778,available,234.12136445009864,49.907647593152305,0.0,0.0,normal,,normal,False
SOLAR_001,2026-01-28 17:45:00,solar,53.73954535610738,28.350785036630942,500.87185555314,1.06246400491067,0.5175764466372063,94.70753558567559,51.576602846854044,-27.836819848057992,28.97390845316071,1.953305048459917,available,229.23221065525783,50.066607513599,0.0,0.0,normal,,normal,False
SOLAR_001,2026-01-28 18:00:00,solar,20.246327373082284,25.900501442493333,498.4537531725334,0.38318089733488686,0.1838030996801251,92.20447151016828,51.37635772081346,-37.027317267663854,24.078989106679476,2.0861317970656765,available,230.57933062422876,49.968240741861585,0.0,0.0,normal,,normal,False
SOLAR_001,2026-01-28 18:15:00,solar,0.0,25.860625285111336,500.18043200485357,0.0,0.0,89.08852356372394,51.127081885097915,-46.31831804169394,25.363667178622634,2.3681204392976944,available,230.9318529765663,50.066175896709,0.0,0.0,normal,,normal,False
SOLAR_001,2026-01-28 18:30:00,solar,7.2943216435157625,26.211151648545652,498.45347306254394,0.04734725089368611,0.022853911835723245,86.30660098172919,50.904528078538334,-41.533852529857704,27.994172419261236,2.1371150741517355,available,232.80104858122837,49.96386657572226,0.0,0.0,normal,,normal,False
SOLAR_001,2026-01-28 18:45:00,solar,0.0,23.60815907261581,504.50484954539075,0.11879484153752766,0.05809765271454497,83.48981779777654,50.679185423822126,-42.24131074525391,23.28802638197051,2.1988528725185583,available,228.37763081650772,50.024441477311484,0.0,0.0,normal,,normal,False
SOLAR_001,2026-01-28 19:00:00,solar,0.0,22.325838010973495,503.54324055830153,0.0,0.0,80.83947073565486,50.467157658852386,-39.912367976585664,22.263012193648194,2.01426376721248,available,232.67929565828334,49.967985868679115,0.0,0.0,normal,,normal,False
SOLAR_001,2026-01-28 19:15:00,solar,18.475662249849936,24.582797353443215,504.35242517100335,0.3945353678673689,0.19460578034130732,78.55773757241667,50.28461900579333,-34.48603645303999,24.11629787126436,1.9287229844023237,available,229.70520885135832,49.98183598457253,0.0,0.0,normal,,normal,False
SOLAR_001,2026-01-28 19:30:00,solar,6.974925260660297,22.460608003060685,500.7380789627762,0.052884203995700166,0.025474918832586544,75.52684862560832,50.04214789004867,-46.030710045369744,23.925116065690034,2.3289505184069283,available,235.0026904592928,50.031109831805395,0.0,0.0,normal,,normal,False
SOLAR_001,2026-01-28 19:45:00,solar,8.826634789233886,23.07417729421655,498.17458200676657,0.17562830499366686,0.08525222691116277,73.61744502072436,49.88939560165795,-29.08727841280127,22.829542994317347,1.5363989666229707,available,230.7252044384523,49.934055078833104,0.0,0.0,normal,,normal,False
SOLAR_001,2026-01-28 20:00:00,solar,27.038072663903037,20.84922884543653,499.96374397028904,0.4125544718075028,0.1974835929010191,71.65051035780313,49.73204082862425,-30.05849586932154,19.597393544198972,1.692353936721151,available,227.54214174129825,50.11862090170398,0.0,0.0,normal,,normal,False
SOLAR_001,2026-01-28 20:15:00,solar,0.0,21.37164965616591,498.2972128337189,0.010022357311600874,0.004879091085805038,69.442512528673,49.55540100229384,-33.86267321419145,23.950464778717397,1.6829574412246968,available,229.60568265471423,49.9486389266394,0.0,0.0,normal,,normal,False
SOLAR_001,2026-01-28 20:30:00,solar,0.0,22.393643810004367,505.86638605273185,0.0366342682068985,0.01778679078625931,66.95964151494738,49.356771321195794,-38.23147097997341,21.018620370004605,1.9047687612177402,available,232.6725387146565,49.94584248869722,0.0,0.0,normal,,normal,False
SOLAR_001,2026-01-28 20:45:00,solar,2.8428002790245195,21.883947936912797,504.0090948951944,0.08891322031756323,0.04401459118355366,65.0339514616787,49.2027161169343,-29.74478963734465,21.786567707450303,1.5075390316677515,available,230.16308230882245,50.03125668839643,0.0,0.0,normal,,normal,False
SOLAR_001,2026-01-28 21:00:00,solar,0.0,19.317463043690097,499.6339077325712,0.0,0.0,62.620151632755835,49.00961213062047,-37.43118523550227,18.475668740425178,1.834487869981374,available,229.88074918480578,50.064597056831126,0.0,0.0,normal,,normal,False
SOLAR_001,2026-01-28 21:15:00,solar,14.096457634904102,18.711023255758313,496.2941001729149,0.25671898753039657,0.12440790173854491,60.444896170585054,48.835591693646805,-33.85223960468294,18.009422175158235,1.7776020529883407,available,231.43799432773537,49.983814861670886,0.0,0.0,normal,,normal,False
SOLAR_001,2026-01-28 21:30:00,solar,0.0,19.762315531566646,506.16335875281527,0.053065293713207125,0.026199516647385884,58.103500161097,48.64828001288776,-36.57808594136336,18.70248308495,1.8056604838583037,available,229.3100046186649,49.94642653912894,0.0,0.0,normal,,normal,False
SOLAR_001,2026-01-28 21:45:00,solar,0.0,20.226128489828632,500.5467365421772,0.0,0.0,55.7549695244748,48.46039756195798,-36.831792012247746,19.68613632890956,1.7848832838328743,available,229.57853364843413,49.95388105456561,0.0,0.0,normal,,normal,False
SOLAR_001,2026-01-28 22:00:00,solar,1.1838901533779085,19.687612495817447,499.4793301592131,0.0,0.0,53.23134781970701,48.25850782557656,-39.74330293335396,20.671645747951615,1.9179524956235219,available,228.1106509801369,49.94849902145005,0.0,0.0,normal,,normal,False
SOLAR_001,2026-01-28 22:15:00,solar,3.0660978745221827,18.04553402796825,506.19861087887585,0.25027188812302953,0.12235637667794776,51.30475703412166,48.10438056272973,-30.438163425376402,16.143547805734396,1.5865653737228154,available,233.45764156193277,50.015408981509935,0.0,0.0,normal,,normal,False
SOLAR_001,2026-01-28 22:30:00,solar,16.824277132133947,19.313870209994608,497.9602047464877,0.2500599749276749,0.12127453516063842,49.240268537927456,47.939221483034196,-32.729176832019924,20.57467779254905,1.690285792268233,available,227.55477744150494,49.99650069399584,0.0,0.0,normal,,normal,False
SOLAR_001,2026-01-28 22:45:00,solar,7.076536256653638,20.610159327212514,498.72429239468187,0.2527025103050825,0.1219811681633109,47.52370220049152,47.80189617603932,-27.29160390723653,21.69855739391549,1.4265715846146207,available,230.33893331952697,50.02129163044527,0.0,0.0,normal,,normal,False
SOLAR_001,2026-01-28 23:00:00,solar,8.300635044477042,18.4530550805844,499.07696420649694,0.05499366080832045,0.026510297814935607,45.75282841325274,47.66022627306022,-28.23872615691326,18.96211432359255,1.3723743761164058,available,230.95976909616385,50.01824347138037,0.0,0.0,normal,,normal,False
SOLAR_001,2026-01-28 23:15:00,solar,5.765250312130046,15.416300163346502,494.7337233134326,0.1871747370053236,0.09007236815067335,43.356065238794066,47.46848521910353,-38.37367053489882,15.542470640916784,1.9116123807392666,available,229.97269776016307,50.04121561441635,0.0,0.0,normal,,normal,False
SOLAR_001,2026-01-28 23:30:00,solar,0.0,17.837643779571955,501.2629414617038,0.07063683543600596,0.03418656462099519,41.57022380420278,47.32561790433622,-28.678748432464054,18.11428297139549,1.3914260549103703,available,227.49227440902035,49.97950279900653,0.0,0.0,normal,,normal,False
SOLAR_001,2026-01-28 23:45:00,solar,0.0,20.437424550353175,496.9506210212862,0.0,0.0,39.360716041132775,47.148857283290624,-35.61541035541316,21.86083698062998,1.6792258999332061,available,228.00247194457774,49.96308976305628,0.0,0.0,normal,,normal,False
SOLAR_001,2026-01-29 00:00:00,solar,5.199090329868768,15.43741025454985,497.7171130707555,0.0,0.0,37.1814942517887,46.9745195401431,-35.25759446003801,13.691625520070502,1.6562085599014966,available,231.04503383671323,50.007814703418376,0.0,0.0,normal,,normal,False
SOLAR_001,2026-01-29 00:15:00,solar,0.0,17.17909002992092,497.18225808239333,0.0,0.0,34.831547326249115,46.78652378609993,-38.17252317302282,17.906379719756135,1.785959663410083,available,228.4402413828077,49.997250499530004,0.0,0.0,normal,,normal,False
SOLAR_001,2026-01-29 00:30:00,solar,30.416807167938277,17.480803000033585,497.65171918678425,0.5677882421527228,0.27338950906618453,33.58309972941255,46.686647978353,-20.323159076139298,16.734631046757432,1.2222096826619697,available,225.85596555502306,50.012647600717976,0.0,0.0,normal,,normal,False
SOLAR_001,2026-01-29 00:45:00,solar,24.159281305917936,17.76279400889032,496.64434214393674,0.5535099264121865,0.2687604618599669,31.65135293932332,46.53210823514586,-31.550849857237587,18.588541531046364,1.7368880223277827,available,230.7739566455782,49.96441435294869,0.0,0.0,normal,,normal,False
SOLAR_001,2026-01-29 01:00:00,solar,11.39110438232895,17.57615583928888,500.98885671047987,0.12657420712865972,0.06144514421328845,29.687824212121228,46.3750259369697,-32.17856599588357,16.962555494249084,1.55372697688688,available,228.25500924008844,50.03211086447262,0.0,0.0,normal,,normal,False
SOLAR_001,2026-01-29 01:15:00,solar,6.8124049072737405,18.895255639106008,499.37762763005713,0.14945603008047897,0.0722617440178508,27.8698796410464,46.22959037128371,-29.886439895325104,19.60212560075127,1.4538996180347217,available,231.2624385471405,49.94108133605696,0.0,0.0,normal,,normal,False
SOLAR_001,2026-01-29 01:30:00,solar,0.0,17.187060899984544,500.1920325528325,0.0,0.0,25.851339235759763,46.06810713886078,-33.30049362335879,15.638575564923546,1.534090708017843,available,229.59675740355144,49.97798076703024,0.0,0.0,normal,,normal,False
SOLAR_001,2026-01-29 01:45:00,solar,0.0,19.05039237299546,509.41515230584923,0.0,0.0,23.47796894139333,45.87823751531147,-39.31627545884911,17.357818951536206,1.803761423718491,available,229.5003753429724,50.05645206666332,0.0,0.0,normal,,normal,False
SOLAR_001,2026-01-29 02:00:00,solar,0.0,17.0620357277968,499.3777552756032,0.0,0.0,21.166736478548568,45.693338918283885,-38.44185418148882,16.948972887393225,1.7565366717620172,available,230.10447636603416,49.94343425204886,0.0,0.0,normal,,normal,False
SOLAR_001,2026-01-29 02:15:00,solar,1.8252006012946205,16.891913947604678,502.41979048894547,0.02974591475627968,0.01452851170660468,19.08025559544837,45.52642044763587,-34.83088403534907,18.327443973862554,1.6002539828627544,available,227.72301333987923,50.052512152282965,0.0,0.0,normal,,normal,False
SOLAR_001,2026-01-29 02:30:00,solar,4.1302165400039215,16.632324211363184,502.8749983973439,0.03505961619407577,0.017124237627175305,17.240722350148484,45.37925778801188,-30.808024074762262,17.168608632533438,1.4151695040550882,available,228.34909382480478,49.92954503134442,0.0,0.0,normal,,normal,False
SOLAR_001,2026-01-29 02:45:00,solar,8.451654606284869,15.207551630748075,499.7485735025429,0.05664595439910032,0.02720630000294476,15.371305419557448,45.22970443356459,-31.412030766994253,15.736666093469658,1.447963167252132,available,229.48015190249066,49.92073870628504,0.0,0.0,normal,,normal,False
SOLAR_001,2026-01-29 03:00:00,solar,16.583943561798332,18.766092880442645,501.09519652618013,0.2734631527643995,0.1341494839552031,13.136754766273523,45.050940381301885,-37.696405049973926,19.626286693951666,1.8324079804509859,available,227.71131415045886,49.9253068869987,0.0,0.0,normal,,normal,False
SOLAR_001,2026-01-29 03:15:00,solar,0.0,21.260713146589946,500.0827927610497,0.0,0.0,11.231825953018141,44.89854607624145,-32.24482805335606,20.863736730982488,1.44774589807409,available,231.42763531892328,50.005840308362274,0.0,0.0,normal,,normal,False
SOLAR_001,2026-01-29 03:30:00,solar,0.0,19.133879833890145,500.8102335828459,0.0,0.0,8.991791138153387,44.71934329105227,-38.069129240496835,19.74462869452609,1.702426459297214,available,229.3852420390238,50.03647978752215,0.0,0.0,normal,,normal,False
SOLAR_001,2026-01-29 03:45:00,solar,26.11542023537686,20.420127884774097,497.65393284260745,0.6431692465213692,0.30867712653742885,6.389777066995846,44.51118216535967,-44.4277279972744,19.84045491134118,2.2862078206171597,available,227.1011267966982,50.064629705194456,0.0,0.0,normal,,normal,False
SOLAR_001,2026-01-29 04:00:00,solar,13.877668605476675,18.7776472593094,498.0231547616807,0.24943019539509545,0.12063699749929985,5.0,44.4,-23.788976822451417,18.463632338355485,1.866912167674019,available,228.88194204242194,50.06064353785684,0.6900445992578763,0.0,normal,,normal,False
SOLAR_001,2026-01-29 04:15:00,solar,0.0,19.018079207389015,500.0676890131323,0.0,0.0,5.0,44.4,-0.0,18.828229700895214,1.9494199302004502,available,230.2024051298438,50.043134929246115,1.9494199302004502,0.0,normal,,normal,False
SOLAR_001,2026-01-29 04:30:00,solar,0.0,21.21563222943885,492.112385424596,0.0,0.0,5.0,44.4,-0.0,20.670104519871476,1.615585401062444,available,229.10781909297623,49.95841082740711,1.615585401062444,0.0,normal,,normal,False
SOLAR_001,2026-01-29 04:45:00,solar,0.0,23.124048829297514,505.9842911590613,0.09038933913570013,0.04425639309031717,5.0,44.4,-0.0,23.057998284232863,1.6098919093790884,available,230.79963177279137,49.957974823302,1.5656355162887712,0.0,normal,,normal,False
SOLAR_001,2026-01-29 05:00:00,solar,0.5683342010648939,22.746130258721852,508.64343207199653,0.0,0.0,5.0,44.4,-0.0,22.491572159490794,2.042695837111476,available,231.14807269902528,50.03938961607598,2.042695837111476,0.0,normal,,normal,False
SOLAR_001,2026-01-29 05:15:00,solar,8.508295660295037,22.3245535045664,500.68140103969887,0.3213234798972163,0.15539111648308276,5.0,44.4,-0.0,21.61688852305767,1.8557389573137708,available,234.80340055190624,50.07106542199872,1.700347840830688,0.0,normal,,normal,False
SOLAR_001,2026-01-29 05:30:00,solar,45.62986942979696,22.514688578275056,502.661876709004,0.8315764300910037,0.40522721255597355,5.0,44.4,-0.0,22.374086868607684,2.175987509813712,available,232.30128840272144,49.948442956004484,1.7707602972577383,0.0,normal,,normal,False
SOLAR_001,2026-01-29 05:45:00,solar,3.4156181009277438,22.149892566802045,504.324230680202,0.11840791163473482,0.058302863780032625,5.0,44.4,-0.0,22.30515865469737,1.9991952393713392,available,226.72725931127331,50.06469996696946,1.9408923755913066,0.0,normal,,normal,False
SOLAR_001,2026-01-29 06:00:00,solar,11.926766707654513,21.356174872831335,494.7013210416869,0.3493784047933448,0.16737347938419705,5.0,44.4,-0.0,20.256310583288002,2.7112725571100262,available,229.27953503000265,49.90398312658554,2.543899077725829,0.0,normal,,normal,False
SOLAR_001,2026-01-29 06:15:00,solar,11.040108654413721,20.738119180293456,505.02117436574053,0.2669053439627853,0.13093244485296468,5.0,44.4,-0.0,21.155575590706604,1.9349674450908947,available,229.46671741510406,50.01949625469677,1.80403500023793,0.0,normal,,normal,False
SOLAR_001,2026-01-29 06:30:00,solar,88.48532715809588,23.608252296772125,500.9047646666641,1.6391430084099086,0.800908568771781,5.0,44.4,-0.0,23.11457217777845,2.136563092336909,available,231.1501418448493,49.99480963661121,1.335654523565128,0.0,normal,,normal,False
SOLAR_001,2026-01-29 06:45:00,solar,168.5154301821011,27.82976390172443,513.0647033595899,3.155462668013133,1.5658867389711597,5.0,44.4,-0.0,28.02796767624858,1.9289615123897639,available,228.13282785859658,49.98979051275815,0.36307477341860417,0.0,normal,,normal,False
SOLAR_001,2026-01-29 07:00:00,solar,200.28015680299646,28.569015527934894,504.42334262205566,4.029775837494578,1.958907840780616,5.0,44.4,-0.0,27.90371828793323,2.34288457242662,available,228.93749567160333,50.00156355653498,0.3839767316460041,0.0,normal,,normal,False
SOLAR_001,2026-01-29 07:15:00,solar,141.24841668177208,25.784869764575777,510.06151819874987,2.681674819087666,1.3168082943625812,5.0,44.4,-0.0,26.835365167911124,2.25275023816128,available,227.51117624818136,49.95731349063793,0.9359419437986987,0.0,normal,,normal,False
SOLAR_001,2026-01-29 07:30:00,solar,278.9891676068728,31.832427467137578,506.94001692586124,5.449221760877866,2.6876141710249715,5.816577959107962,44.465326236728636,15.464737478425336,32.788543177656635,1.9999695738814247,available,228.79546855301697,50.02230390507777,0.0,0.0,normal,,normal,False
SOLAR_001,2026-01-29 07:45:00,solar,359.1632948100085,33.867069137664195,517.6325448297018,6.650914274469184,3.3461400853594396,7.230376453988456,44.578430116319076,26.707247215234187,32.81768036538044,2.155572931775865,available,228.87006890549586,50.003033424039636,0.0,0.0,normal,,normal,False
SOLAR_001,2026-01-29 08:00:00,solar,323.9042453086267,32.15006616550719,507.9505991318444,6.20823531466864,3.07561219338979,7.8909176749324565,44.6312734139946,12.463127223147259,32.67506533540865,2.5193669547001054,available,229.37398837428722,50.04676557411683,0.0,0.0,normal,,normal,False
SOLAR_001,2026-01-29 08:15:00,solar,409.7234263293661,35.93789339942617,515.7717598097016,7.461960411413534,3.727934863110999,9.32492656908096,44.74599412552648,26.987587621587537,37.38416495697199,2.520348425933312,available,227.6269745261605,50.079519519833106,0.0,0.0,normal,,normal,False
SOLAR_001,2026-01-29 08:30:00,solar,339.2485105943109,34.67856729033889,514.6819401099823,6.277146901637423,3.110700462761204,10.630745444308946,44.850459635544716,24.517852358617276,33.7303885781975,2.011063515200795,available,231.9640514788018,50.00634584563541,0.0,0.0,normal,,normal,False
SOLAR_001,2026-01-29 08:45:00,solar,484.0676319520845,38.27275592044842,514.804156148658,8.81872161512291,4.350310631187505,13.156319189286409,45.05250553514291,47.20711795884294,37.403801561090326,2.2235116880485895,available,230.94442772566677,49.959064081698074,0.0,0.0,normal,,normal,False
SOLAR_001,2026-01-29 09:00:00,solar,528.1674349551928,42.094191121043735,515.0581652279101,9.575249674599606,4.854577452246907,15.71193799801252,45.256955039841,47.552913083945036,42.82925057283804,2.70247740279334,available,227.1023404545711,49.94310504363396,0.0,0.0,normal,,normal,False
SOLAR_001,2026-01-29 09:15:00,solar,450.9809547445044,36.30916315660986,512.3687460787921,8.412809663957926,4.192503321284163,17.92972602258088,45.43437808180647,41.10567915543726,35.00198468125093,2.3248923532265953,available,230.05194587833486,50.08491259090799,0.0,0.0,normal,,normal,False
SOLAR_001,2026-01-29 09:30:00,solar,586.8227570096886,39.953200442236806,505.5228415640884,10.959672792196677,5.3779433657904585,21.44977273103347,45.715981818482675,64.84055994945567,39.17568749974469,2.4136935060409077,available,226.8694902405149,50.07851864953172,0.0,0.0,normal,,normal,False
SOLAR_001,2026-01-29 09:45:00,solar,617.0974957231053,44.04778677545175,520.9269606798973,10.896489526938609,5.513895095974106,24.910560253221778,45.992844820257744,63.36523427710017,43.03312154079721,2.599547708868161,available,232.68451145205327,50.04436858052416,0.0,0.0,normal,,normal,False
SOLAR_001,2026-01-29 10:00:00,solar,642.2188935148554,45.14941059026568,515.3651516343116,11.366822389982362,5.640397843417994,29.063388772379213,46.325071101790336,75.4908448017369,45.89689488505649,2.143279090443313,available,233.22821674631325,50.00299269510633,0.0,0.0,normal,,normal,False
SOLAR_001,2026-01-29 10:15:00,solar,673.208535651721,46.699414747674325,522.6158554053819,11.78091421843183,5.94771607762807,33.471463398945495,46.67771707191564,79.52537262491056,46.00698498889207,2.2356532342038298,available,229.88852541222292,50.04075827801493,0.0,0.0,normal,,normal,False
SOLAR_001,2026-01-29 10:30:00,solar,617.3381535189894,44.17846695759474,519.8843817218883,10.864565879388248,5.5281029871467755,37.22051610326052,46.97764128826084,67.2042471180635,43.893863552767996,2.371005972986751,available,228.29470966529067,50.065223269052986,0.0,0.0,normal,,normal,False
SOLAR_001,2026-01-29 10:45:00,solar,571.8891446565193,42.7406301948923,523.7396297139826,10.247430813483184,5.223642753260067,40.23272797509228,47.21861823800738,53.72032400927925,41.99230595617237,2.6870432822438475,available,228.67146134480885,49.96910215114403,0.0,0.0,normal,,normal,False
SOLAR_001,2026-01-29 11:00:00,solar,671.8529997320716,46.84752862075044,522.5260866062192,11.723186515249118,5.918512909930984,44.10385117200218,47.528308093760174,68.58845494814538,47.996042121459304,2.6586196914805402,available,229.09251583544838,50.00148976511227,0.0,0.0,normal,,normal,False
SOLAR_001,2026-01-29 11:15:00,solar,756.8514241887888,48.53702759242655,509.7569248861478,13.417465929963177,6.592501873242262,48.83864550005495,47.907091640004396,83.22766185818544,47.67764063389249,2.6053066496188735,available,229.7863455281508,49.9446882231538,0.0,0.0,normal,,normal,False
SOLAR_001,2026-01-29 11:30:00,solar,696.8162692952772,50.21417056694448,522.2884796924682,12.040253514838625,6.083616457118585,53.16743718289595,48.253394974631675,75.5449074858043,48.80657051129518,2.438318197884061,available,232.74093929481265,49.99354691871863,0.0,0.0,normal,,normal,False
SOLAR_001,2026-01-29 11:45:00,solar,639.0099434667909,46.117418618247726,518.5824765223141,11.274024586807093,5.661895398206789,56.690684293461956,48.535254743476955,61.12968708817234,44.67062625756522,2.6949504629933103,available,231.91120362061812,50.07721367732512,0.0,0.0,normal,,normal,False
SOLAR_001,2026-01-29 12:00:00,solar,603.8792092168595,45.778683286869345,524.6600447490727,10.395258734942548,5.346237581516463,60.142469663836856,48.81139757310695,59.55098137336745,46.47234292145418,2.439470953832338,available,231.9420090074682,50.05392738942122,0.0,0.0,normal,,normal,False
SOLAR_001,2026-01-29 12:15:00,solar,757.222382064323,53.509183723827604,522.3220084453192,12.742408969289826,6.4497062259146904,64.73224754206647,49.17857980336532,78.59267436019672,54.27504885032479,2.584630117931853,available,230.3411565413457,50.0067503400705,0.0,0.0,normal,,normal,False
SOLAR_001,2026-01-29 12:30:00,solar,702.0509170662505,48.1992466161769,522.2407733793386,12.296842450303556,6.191059148602065,68.93896767657859,49.51511741412629,71.54383046851629,49.447801173628505,2.6485579826971355,available,227.69277655211656,49.865338344166936,0.0,0.0,normal,,normal,False
SOLAR_001,2026-01-29 12:45:00,solar,721.4736586084039,49.85608922567896,518.5267344252316,12.538621109650537,6.30465690179489,73.09989584721076,49.84799166777686,70.29249112911306,48.5951159090667,2.8007173896835833,available,228.45988658073674,49.96721036822814,0.0,0.0,normal,,normal,False
SOLAR_001,2026-01-29 13:00:00,solar,724.4845811245522,50.08157867819334,515.6680917573501,12.476860296507006,6.249404839143425,77.61952456910853,50.209561965528685,75.80235686666052,49.850366534102136,2.4434017049137156,available,230.12144252630486,50.005120298243305,0.0,0.0,normal,,normal,False
SOLAR_001,2026-01-29 13:15:00,solar,662.7396050586842,48.65060505471465,517.20705475402,11.635637782725748,5.79896106547631,81.68714497388748,50.534971597910996,67.78206147313621,51.07790446235414,2.373596514083514,available,227.59779980631183,49.98920432901591,0.0,0.0,normal,,normal,False
SOLAR_001,2026-01-29 13:30:00,solar,655.3715075901741,47.758632617487905,511.2780216041019,11.596699857227204,5.763186101616254,85.33089994570884,50.8264719956567,60.37061237873661,47.456316002498916,2.694760862187752,available,230.60796590110422,50.001638629064416,0.0,0.0,normal,,normal,False
SOLAR_001,2026-01-29 13:45:00,solar,636.3444444565664,47.064869265852536,515.5760798924672,11.16825506943951,5.6201478179728825,88.80099412085801,51.10407952966864,57.18104298992777,46.5014606329153,2.6979632494262122,available,231.6102470428207,50.01212949606215,0.0,0.0,normal,,normal,False
SOLAR_001,2026-01-29 14:00:00,solar,585.0049010367321,45.53710474469745,511.463871677531,10.386331060905878,5.156549374929849,92.19191562038259,51.37535324963061,55.58137630373268,45.516095024220384,2.3010365332249343,available,231.09069078391664,49.97331596204535,0.0,0.0,normal,,normal,False
SOLAR_001,2026-01-29 14:15:00,solar,669.8785856457052,46.51148469425772,510.87842903101966,12.081893972397621,5.962608700893993,96.69189238993779,51.735351391195024,73.2469002303063,47.041435467806636,2.1731545791632927,available,231.01037894583666,49.99962345250944,0.0,0.0,normal,,normal,False
SOLAR_001,2026-01-29 14:30:00,solar,541.0667660713978,44.48210408362286,516.3329821947295,9.472081289894295,4.731092680480816,99.19784607107619,51.93582768568609,40.63238958831778,44.995337304625565,2.6208158963642783,available,226.2674347000872,49.992527830641656,0.0,0.0,normal,,normal,False
SOLAR_001,2026-01-29 14:45:00,solar,509.36735437102794,46.0552618061414,517.1729919075954,8.938599834584805,4.4457759924836635,100.0,52.0,12.990347027106314,45.440830583769525,2.029982438646465,available,232.6667115933422,49.96483986661744,0.0,1.7402955084276703,normal,,normal,False
SOLAR_001,2026-01-29 15:00:00,solar,511.1032754683162,44.65578257664431,514.01496170303,9.173261577997158,4.570582592482378,100.0,52.0,0.0,44.07074728729346,1.9996377658256161,available,226.86522933993598,50.092316883101,0.0,2.5709448266567616,normal,,normal,False
SOLAR_001,2026-01-29 15:15:00,solar,440.55729472304887,41.290096687531,511.19175431264773,8.211052365705951,4.078021969220253,100.0,52.0,0.0,40.993636629362946,2.2630465938332893,available,229.69450157230835,49.97617707220345,0.0,1.8149753753869637,normal,,normal,False
SOLAR_001,2026-01-29 15:30:00,solar,472.0240617557202,42.63781962309064,508.38559593121875,8.684184902854303,4.262674300427291,100.0,52.0,0.0,41.90773297931982,2.294430586199755,available,231.23708708757215,49.88728953936442,0.0,1.9682437142275355,normal,,normal,False
SOLAR_001,2026-01-29 15:45:00,solar,380.82771754806174,37.4798077279584,509.8426326909332,7.013673333145108,3.503274161457455,100.0,52.0,0.0,36.245044651633364,2.038016171603381,available,230.71719505196964,50.0891632930043,0.0,1.465257989854074,normal,,normal,False
SOLAR_001,2026-01-29 16:00:00,solar,357.26418321348814,37.49058381734346,506.711107835089,6.849291286811956,3.380242090076507,100.0,52.0,0.0,39.298535335976936,2.269372867675436,available,227.44432734590808,49.95768620077463,0.0,1.110869222401071,normal,,normal,False
SOLAR_001,2026-01-29 16:15:00,solar,335.38212567119115,38.42174861375634,508.5944508358948,6.107043634490266,2.984986340110582,100.0,52.0,0.0,38.01482399953065,2.252323928325847,available,227.8033487541926,50.0449954174572,0.0,0.7326624117847351,normal,,normal,False
SOLAR_001,2026-01-29 16:30:00,solar,293.33600014418874,37.82548079685306,501.56754155098616,5.574802132506831,2.6874781368460634,100.0,52.0,0.0,37.475237623976405,2.0761299657534344,available,230.57414324481357,49.96595567854964,0.0,0.611348171092629,normal,,normal,False
SOLAR_001,2026-01-29 16:45:00,solar,225.7894986150206,32.377429838369665,509.23405961888614,4.350954790268951,2.1382834567364175,99.45650376515319,51.95652030121226,-7.950053931420402,32.05834323458704,2.551340595219994,available,231.021690027539,50.02846390677964,0.0,0.0,normal,,normal,False
SOLAR_001,2026-01-29 17:00:00,solar,188.03748941530736,31.475554771247946,502.90825641374767,3.5545513713978347,1.7480460707987704,98.85864226318105,51.90869138105448,-8.753346104669125,31.395044770905322,2.2024208122975955,available,227.78559231077435,49.99759263200024,0.0,0.0,normal,,normal,False
SOLAR_001,2026-01-29 17:15:00,solar,133.55232105377047,33.70689254869507,505.40683404145193,2.619453765957141,1.2900705507081287,97.51203976120279,51.800963180896225,-19.756734984435855,34.141652318222356,2.313488452211615,available,230.78518527792994,50.05001654186568,0.0,0.0,normal,,normal,False
SOLAR_001,2026-01-29 17:30:00,solar,77.23798109835067,28.754125428667855,506.1594118269258,1.4522833016721621,0.7190021034383718,96.13244491208859,51.690595592967085,-20.28400085739083,28.288933625009456,1.7674941887651587,available,226.96945304061188,49.98931478808477,0.0,0.0,normal,,normal,False
SOLAR_001,2026-01-29 17:45:00,solar,54.27981854633991,30.342114679831198,502.6195461123269,1.1260138022841968,0.5490067398965015,94.57000240450049,51.56560019236004,-23.028071065541237,31.481468209212704,1.7364630456634553,available,231.24877851460758,49.96723400462142,0.0,0.0,normal,,normal,False
SOLAR_001,2026-01-29 18:00:00,solar,0.0,26.122019291631336,503.1965071583923,0.0,0.0,91.81735434906656,51.34538834792532,-40.743922471750395,26.719835170871157,2.092012522129785,available,228.23231635646593,50.012850992594814,0.0,0.0,normal,,normal,False
SOLAR_001,2026-01-29 18:15:00,solar,6.9506442178594305,25.908668783047535,491.73344294858373,0.17489681571671548,0.08288608957261061,88.8454411383325,51.1076352910666,-44.19406273239731,25.717770172423318,2.3415401297304905,available,230.1610269158364,49.98087541342665,0.0,0.0,normal,,normal,False
SOLAR_001,2026-01-29 18:30:00,solar,0.5085966871808192,24.468161931230036,498.02857334518444,0.0,0.0,86.55692000977132,50.92455360078171,-34.15397749661967,23.801927307733607,1.7392760577065003,available,229.82520461540898,49.903541357330056,0.0,0.0,normal,,normal,False
SOLAR_001,2026-01-29 18:45:00,solar,0.0,25.871654616876345,504.4123066671563,0.11396468402648138,0.05570424965303877,84.07641943774506,50.7261135550196,-37.16390439995402,26.95658115287023,1.9408846843929988,available,232.32131465582253,49.969924963517826,0.0,0.0,normal,,normal,False
SOLAR_001,2026-01-29 19:00:00,solar,0.0,26.036666325456,502.0369181532649,0.0,0.0,81.923113936739,50.55384911493912,-32.37166327422135,25.874624137714644,1.6365121807646021,available,230.48426005740066,50.14343844880127,0.0,0.0,normal,,normal,False
SOLAR_001,2026-01-29 19:15:00,solar,0.0,21.989674750177702,507.39385306220584,0.12310254905344362,0.061092961609851754,79.75135767468532,50.380108613974826,-32.76163558533808,20.74692349982369,1.7116277207706467,available,228.80179629071898,49.90893135537298,0.0,0.0,normal,,normal,False
SOLAR_001,2026-01-29 19:30:00,solar,0.0,22.55764082612898,506.81752191986806,0.050078454579684975,0.024603185443898067,77.32792144606236,50.18623371568499,-36.69953685282866,23.57870534942356,1.8664147191973517,available,230.71918541108835,50.012052491151046,0.0,0.0,normal,,normal,False
SOLAR_001,2026-01-29 19:45:00,solar,6.892111712910458,24.179288325271198,501.19836853780254,0.1252437269931277,0.06130653460358089,75.16852498273958,50.01348199861917,-32.8139782823085,23.452959876857985,1.702447846728897,available,234.28482647844194,49.98785519858667,0.0,0.0,normal,,normal,False
SOLAR_001,2026-01-29 20:00:00,solar,4.167842855009769,22.09813979898111,498.9920855244608,0.16342077617785622,0.07845180061290946,73.27978364227491,49.862382691381995,-28.788103200717114,22.966640574814384,1.513895219366065,available,231.48024584257368,50.09182099475906,0.0,0.0,normal,,normal,False
SOLAR_001,2026-01-29 20:15:00,solar,15.294064544072887,21.392197153679877,496.166245147732,0.3927125018204839,0.19162406940990792,71.57874971121129,49.726299976896904,-25.998028974787772,18.87792948346696,1.484409857018262,available,229.8816659725326,49.944448084288716,0.0,0.0,normal,,normal,False
SOLAR_001,2026-01-29 20:30:00,solar,0.0,22.835529204248473,498.096765737859,0.047371317879583756,0.02284359770150301,69.83399689627481,49.586719751701985,-26.741275607491897,22.466866693007706,1.348855737053228,available,228.33277405732406,50.00506517181401,0.0,0.0,normal,,normal,False
SOLAR_001,2026-01-29 20:45:00,solar,34.11690525858001,23.412081607000257,498.36701236604256,0.4589408460715741,0.22266808806839136,67.76038761235442,49.42083100898835,-31.888234649329817,24.572050207736304,1.7986111438478871,available,228.76701699878456,50.03430988419301,0.0,0.0,normal,,normal,False
SOLAR_001,2026-01-29 21:00:00,solar,0.0,19.825536863991793,497.6270032304731,0.0,0.0,65.39023214715405,49.231218571772324,-36.58894103801652,19.830667594088045,1.8013181535522815,available,231.35998584327047,49.99103526651776,0.0,0.0,normal,,normal,False
SOLAR_001,2026-01-29 21:15:00,solar,0.0,20.429558160844707,496.3266490090358,0.13943497183451917,0.06695703496595937,63.135987753761974,49.05087902030096,-34.92752368961453,21.027693448484822,1.7801827739439375,available,228.22839485535664,49.96162234727852,0.0,0.0,normal,,normal,False
SOLAR_001,2026-01-29 21:30:00,solar,0.0,17.925957803082607,501.6063063500882,0.0,0.0,61.21341428363579,48.897073142690864,-29.88227604200292,17.024027066365335,1.4611558372958957,available,230.00537752215828,49.99889019165432,0.0,0.0,normal,,normal,False
SOLAR_001,2026-01-29 21:45:00,solar,0.0,18.041357928581473,506.78655871256893,0.08706437995391933,0.04299152239442085,58.86599663865649,48.70927973109252,-36.62623262001282,18.38906315539399,1.827028932578691,available,232.87523782467883,49.98452518780688,0.0,0.0,normal,,normal,False
SOLAR_001,2026-01-29 22:00:00,solar,27.5873020630763,19.926182931471146,503.73302707292106,0.6288937858092413,0.30616113179071985,56.964045099171685,48.55712360793373,-29.768714919766733,19.929935198461752,1.7516443017991743,available,230.3007847860473,49.984384874969486,0.0,0.0,normal,,normal,False
SOLAR_001,2026-01-29 22:15:00,solar,24.679213033835914,19.401211854862822,498.7103197669187,0.43318024735247124,0.20879300132814987,55.13631727507808,48.41090538200625,-28.6933932623256,19.644545919931502,1.59786614763929,available,227.84173641740514,50.04653561732773,0.0,0.0,normal,,normal,False
SOLAR_001,2026-01-29 22:30:00,solar,10.813412931925644,17.266547803663542,504.05611539040285,0.02324651578500628,0.011368676414158282,53.10800176809924,48.248640141447936,-31.949497038356366,19.305827707820228,1.5528884617180712,available,234.35569570534523,50.02014747916365,0.0,0.0,normal,,normal,False
SOLAR_001,2026-01-29 22:45:00,solar,0.0,17.10575182679382,501.38660346735554,0.0,0.0,51.20792499452028,48.096633999561625,-30.024104138621638,18.4103414635498,1.4440583479200084,available,233.52489659589182,50.027588343865716,0.0,0.0,normal,,normal,False
SOLAR_001,2026-01-29 23:00:00,solar,32.602818268064155,17.155326075277195,499.8371825962526,0.8806053037303401,0.43002049143386856,49.6635233451495,47.97308186761196,-24.466746930307714,17.94731942040747,1.6037657449556642,available,231.00235311675817,50.01651480914165,0.0,0.0,normal,,normal,False
SOLAR_001,2026-01-29 23:15:00,solar,0.0,18.404480594640997,499.58750909741036,0.0,0.0,47.18708099662036,47.77496647972963,-39.395028894069405,19.209099735545998,1.882096184882146,available,232.55151082267818,50.0479940199791,0.0,0.0,normal,,normal,False
SOLAR_001,2026-01-29 23:30:00,solar,0.0,14.581384477383141,499.20023944804694,0.0,0.0,44.84310581832419,47.58744846546593,-37.43468483707127,13.672228615413017,1.7814211355050882,available,229.4660406377314,50.0652129850287,0.0,0.0,normal,,normal,False
SOLAR_001,2026-01-29 23:45:00,solar,25.87066344784937,16.500889835390204,502.6042644909491,0.4329899964744807,0.21175342151127702,43.14841111002743,47.45187288880219,-27.14261629511938,16.029660748999003,1.499721399816813,available,231.4489089553309,49.985664338240184,0.0,0.0,normal,,normal,False
SOLAR_001,2026-01-30 00:00:00,solar,11.8603905206557,14.740616657244434,500.5586803291057,0.36800948218651724,0.17679895722501512,41.1998251427513,47.295986011420105,-31.311860900252135,13.208034918935772,1.657724292354872,available,229.1529203896385,50.04097344529371,0.0,0.0,normal,,normal,False
SOLAR_001,2026-01-30 00:15:00,solar,39.61985649758268,18.753530355403925,497.086308809692,0.7925226296723674,0.38092156877233263,39.95014631924348,47.196011705539476,-20.12364756139913,17.483944993022785,1.330677474638277,available,227.2891699400901,49.93519058522133,0.0,0.0,normal,,normal,False
SOLAR_001,2026-01-30 00:30:00,solar,4.477000685742352,14.467710662444834,496.8925915635986,0.03091375950101554,0.014922099361962921,37.73311849226866,47.018649479381494,-35.83559219921319,13.581176837786998,1.6998632478628257,available,235.18384522168137,49.88734720161826,0.0,0.0,normal,,normal,False
SOLAR_001,2026-01-30 00:45:00,solar,0.0,17.062581335133086,501.2236159251267,0.1410023363111543,0.06894762487312478,35.99163484698925,46.87933078775914,-28.232646417340522,17.033456752533226,1.392475195285474,available,227.1869238667534,50.09132025169727,0.0,0.0,normal,,normal,False
SOLAR_001,2026-01-30 01:00:00,solar,0.0,19.459286023621136,501.7146048627331,0.057751367243343836,0.028134404551969496,33.78735841820835,46.702988673456666,-35.870297243431054,18.234277326308337,1.7033844904254538,available,230.59511626211582,49.98333207798832,0.0,0.0,normal,,normal,False
SOLAR_001,2026-01-30 01:15:00,solar,0.0,19.52513850923613,498.7474694227329,0.0,0.0,30.93512699738982,46.47481015979118,-46.64238266641739,19.48596832264911,2.167695879822083,available,230.57175337035633,50.012623641998154,0.0,0.0,normal,,normal,False
SOLAR_001,2026-01-30 01:30:00,solar,0.0,14.351024616615096,495.471977509015,0.0,0.0,29.000585255410222,46.320046820432815,-31.7411536651542,14.196995108488668,1.4702517239044952,available,231.03201116837903,49.938739210205185,0.0,0.0,normal,,normal,False
SOLAR_001,2026-01-30 01:45:00,solar,20.60268009889285,18.097184442096143,505.0038604683405,0.5339047487908787,0.2608769139202094,26.474149710360635,46.11793197682885,-41.634369364229144,16.962955654965047,2.180967928157896,available,229.8206314676163,49.9364328143201,0.0,0.0,normal,,normal,False
SOLAR_001,2026-01-30 02:00:00,solar,10.779015107809245,16.02453764910107,504.1544184381084,0.22314477652482484,0.10904567544949714,24.369715512460502,45.94957724099684,-34.807066494120456,17.550124513631513,1.708415665853598,available,229.84150031354378,49.96435280542173,0.0,0.0,normal,,normal,False
SOLAR_001,2026-01-30 02:15:00,solar,0.36554411808730464,15.590923642921059,492.050493996106,0.0,0.0,22.42772400218226,45.79421792017458,-32.22925545718847,14.266397941278912,1.4759135478114647,available,230.27682346678066,50.03214488649109,0.0,0.0,normal,,normal,False
SOLAR_001,2026-01-30 02:30:00,solar,0.0,17.362638340835883,505.3583316932541,0.0,0.0,20.475224313337442,45.638017945067,-32.514553224204064,18.479963154601435,1.4838997635220612,available,230.95973696268157,49.97417285996938,0.0,0.0,normal,,normal,False
SOLAR_001,2026-01-30 02:45:00,solar,4.083714324229271,19.6664204027766,499.16409681066796,0.0,0.0,17.66645693412147,45.41331655472972,-47.00522600307237,17.412144180897698,2.134663208204138,available,229.99636727713954,49.98321047750493,0.0,0.0,normal,,normal,False
SOLAR_001,2026-01-30 03:00:00,solar,18.230646693516718,19.293076652177383,500.75994832010855,0.24860988599048064,0.12006890939421415,15.48181117621034,45.238544894096826,-36.70168392682134,19.150843438603978,1.7803996854066733,available,229.8632777083502,49.96277444606332,0.0,0.0,normal,,normal,False
SOLAR_001,2026-01-30 03:15:00,solar,7.752946616459721,17.300824986569353,504.5528922402105,0.0,0.0,13.389621949931653,45.07116975599453,-35.278955939685154,16.103200153528398,1.5900638119718011,available,227.35778011412125,50.05828940446552,0.0,0.0,normal,,normal,False
SOLAR_001,2026-01-30 03:30:00,solar,3.001233053400465,19.57910844041137,506.6101551465162,0.0,0.0,11.172036114750739,44.89376288918006,-37.54118893748798,18.92465372281638,1.685365234737495,available,234.02736493939474,50.0434265004542,0.0,0.0,normal,,normal,False
SOLAR_001,2026-01-30 03:45:00,solar,0.0,15.371558849824638,504.0114611401821,0.0,0.0,8.756051179641569,44.700484094371326,-41.076703930241706,17.181713305361214,1.8361485506829696,available,231.07139829860472,49.975792587611906,0.0,0.0,normal,,normal,False
SOLAR_001,2026-01-30 04:00:00,solar,15.609272654016229,18.31106565039471,500.96412199580226,0.27374223442531287,0.1326515456432696,6.597361285807195,44.52778890286458,-36.8445045158885,17.964098038331358,1.7732558649573935,available,230.4178135226083,50.034205813269516,0.0,0.0,normal,,normal,False
SOLAR_001,2026-01-30 04:15:00,solar,0.0,18.148741977247646,494.497437254788,0.17117480471950827,0.08207393749094243,5.0,44.4,-27.342220207510543,17.044193180179054,1.870149918656283,available,228.75106541132078,49.987738149896046,0.5740814039518725,0.0,normal,,normal,False
SOLAR_001,2026-01-30 04:30:00,solar,6.89122275957261,20.028431603536667,491.895072704061,0.11575735265892512,0.055463435150605186,5.0,44.4,-0.0,20.516067470899923,2.182514634766565,available,227.99277161430032,49.9831225377312,2.1270511996159596,0.0,normal,,normal,False
SOLAR_001,2026-01-30 04:45:00,solar,46.265795657002776,20.963411314797856,503.512635756098,0.9170563385760316,0.4467429478479163,5.0,44.4,-0.0,20.607664398764026,1.6297581077010421,available,231.71997289609507,49.99751446126507,1.1830151598531258,0.0,normal,,normal,False
SOLAR_001,2026-01-30 05:00:00,solar,0.0,20.287793359570173,505.3681213829779,0.05038459513486197,0.024562796682270738,5.0,44.4,-0.0,20.438506527094994,2.0124574952566476,available,229.68027522983093,50.03216169824377,1.9878946985743768,0.0,normal,,normal,False
SOLAR_001,2026-01-30 05:15:00,solar,0.0,20.641899873307782,496.7414205566478,0.0,0.0,5.0,44.4,-0.0,19.727445316969376,1.8976298341563163,available,231.24212916914578,49.9553900242553,1.8976298341563163,0.0,normal,,normal,False
SOLAR_001,2026-01-30 05:30:00,solar,0.0,21.354826834928,498.9208801410451,0.040101845785005544,0.01944736366528403,5.0,44.4,-0.0,20.48961040286528,1.8414541442892338,available,227.2956997325977,50.025119730877535,1.8220067806239497,0.0,normal,,normal,False
SOLAR_001,2026-01-30 05:45:00,solar,0.0,22.560120193315203,497.77093644645817,0.028187149590835656,0.013680526479369492,5.0,44.4,-0.0,21.772439391502186,2.1850034254044237,available,233.09370968795326,50.12489104865668,2.1713228989250544,0.0,normal,,normal,False
SOLAR_001,2026-01-30 06:00:00,solar,18.65473636606163,22.87863163258747,497.664399706044,0.3903428389904872,0.18916948050950175,5.0,44.4,-0.0,23.677064775049214,1.707714873063058,available,231.8027548708189,50.00915605901776,1.5185453925535564,0.0,normal,,normal,False
SOLAR_001,2026-01-30 06:15:00,solar,66.84914553636001,23.879068659389265,505.60790732017074,1.6016602587758455,0.7943442325290387,5.0,44.4,-0.0,23.652238907023563,1.5561447365239112,available,229.8378746144707,50.001785904597156,0.7618005039948724,0.0,normal,,normal,False
SOLAR_001,2026-01-30 06:30:00,solar,117.91147576501761,26.636725968292254,503.4840163754156,2.417060838672624,1.1872272883619601,5.0,44.4,-0.0,25.588465724734736,2.1036433894514532,available,230.93525083684582,49.99579161647031,0.9164161010894931,0.0,normal,,normal,False
SOLAR_001,2026-01-30 06:45:00,solar,196.35256046292727,29.690177422441323,502.9850931947399,3.72297787129857,1.8096447348865397,5.0,44.4,-0.0,29.85199689104394,2.0601546969326785,available,231.48200871906963,50.02391058308345,0.25050996204613885,0.0,normal,,normal,False
SOLAR_001,2026-01-30 07:00:00,solar,236.41772049894323,29.076404176389637,515.8064609840919,4.544609508182585,2.2793266458487054,5.514695186707669,44.44117561493661,9.752836635196674,29.15588369705833,1.8458991202001425,available,227.32603889917107,49.919479806754694,0.0,0.0,normal,,normal,False
SOLAR_001,2026-01-30 07:15:00,solar,352.4281730999148,33.17942213609985,500.69110571003296,6.729475519383284,3.258914901953606,7.2441436363501435,44.57953149090801,32.66920026068955,33.75302493414118,1.8025372601494158,available,233.35565378277585,50.08505421531091,0.0,0.0,normal,,normal,False
SOLAR_001,2026-01-30 07:30:00,solar,332.7824547544407,34.97610455897126,509.84531297328493,6.310428087342497,3.113516521373926,7.903422619115244,44.63227380952922,12.43903242853248,34.49430332584463,2.5583342200980512,available,230.96652199616594,50.0490593477152,0.0,0.0,normal,,normal,False
SOLAR_001,2026-01-30 07:45:00,solar,378.2470995641623,33.16766872731593,504.64986066369124,7.114112227856972,3.4570763313107795,9.287386717320592,44.74299093738565,26.047508821018262,33.09009721647584,2.2916328801904866,available,228.5917954249346,49.96777420642515,0.0,0.0,normal,,normal,False
SOLAR_001,2026-01-30 08:00:00,solar,402.3906990600565,38.57855408660298,509.37025251202306,7.361958506327445,3.632099214703055,10.953651175550922,44.876292094044075,31.26751352692363,39.00023272072634,2.228929144614356,available,227.80681668667089,50.00157736150604,0.0,0.0,normal,,normal,False
SOLAR_001,2026-01-30 08:15:00,solar,470.3607334358821,36.00036213090982,511.70595819824274,8.8211542276715,4.390723041360806,12.974381278019163,45.037950502241536,37.782968268625034,34.991009106084206,2.689055586650709,available,231.9741954827681,49.972132590008414,0.0,0.0,normal,,normal,False
SOLAR_001,2026-01-30 08:30:00,solar,581.026888639471,40.6864093257353,515.5536114587148,10.659576803946814,5.328901679452675,16.359405291639607,45.30875242333117,62.91381654370567,41.57263218779616,2.4783551416670377,available,230.422318394454,50.0149617511946,0.0,0.0,normal,,normal,False
SOLAR_001,2026-01-30 08:45:00,solar,587.9049105653123,40.368358600351804,512.1421887213572,10.822728737482377,5.34602494013219,19.560268755099184,45.56482150040794,59.15668887685614,40.38480222855704,2.650560970903072,available,230.96520180586418,50.00306754317442,0.0,0.0,normal,,normal,False
SOLAR_001,2026-01-30 09:00:00,solar,585.4416227980284,45.41793106525478,512.6743432325436,10.570027344567567,5.215146301598664,23.28063385997871,45.8624507087983,68.31163593024033,44.31691825215893,2.0822072659106423,available,230.05332910911255,50.011431677799244,0.0,0.0,normal,,normal,False
SOLAR_001,2026-01-30 09:15:00,solar,712.0506162545313,44.935231994229774,513.9204557583255,12.786806300053208,6.443648217629496,28.03063385997871,46.242450708798295,86.50060580026617,43.82680968839131,2.094849395340603,available,227.99451262164789,49.948583922473915,0.0,0.34879882228889336,normal,,normal,False
SOLAR_001,2026-01-30 09:30:00,solar,773.4449719321145,46.84619256657111,511.54725606062004,13.8153441909505,6.8666752527071235,32.78063385997871,46.6224507087983,85.79557571917053,46.74679400063332,2.480424050154259,available,231.01723557985625,49.97592282469972,0.0,0.3862512025528648,normal,,normal,False
SOLAR_001,2026-01-30 09:45:00,solar,748.0903191370184,46.76155557421606,519.1586314544177,13.106849724172164,6.572361106419228,37.53063385997871,47.0024507087983,85.101945530071,46.211329763812,2.4570611691553035,available,229.60492972169908,50.05730289564501,0.0,0.11529993726392451,normal,,normal,False
SOLAR_001,2026-01-30 10:00:00,solar,735.4333144176214,47.4789845405873,518.4458455588164,12.988263920095521,6.547247709180339,42.17091345601383,47.373673076481104,82.48471390505955,48.23359116254638,2.6396438388349726,available,229.95661774701372,49.97331043205012,0.0,0.0,normal,,normal,False
SOLAR_001,2026-01-30 10:15:00,solar,820.4437896514007,49.281310725281095,519.678129515914,14.35277609534426,7.316702886029006,46.92091345601383,47.75367307648111,83.76319018630669,48.994558812767224,2.077434958627178,available,234.75400541141116,49.867825273257544,0.0,1.2392679274018281,normal,,normal,False
SOLAR_001,2026-01-30 10:30:00,solar,827.2765947326346,50.036058043420915,518.1994186400934,14.359607713455157,7.240990895500964,51.67091345601383,48.13367307648111,83.10190651031917,50.33910460730303,2.5564652728244077,available,231.73813827552942,49.992468480740904,0.0,0.6845256226765564,normal,,normal,False
SOLAR_001,2026-01-30 10:45:00,solar,858.5661929743607,45.990627180941225,518.1670907503417,15.166810191668079,7.513656633138771,56.42091345601383,48.513673076481105,82.45098229717749,45.14200606452672,2.6239722849568565,available,231.85352981951584,50.12057455552309,0.0,0.8896843481819143,normal,,normal,False
SOLAR_001,2026-01-30 11:00:00,solar,813.5803901000473,50.48742733299499,524.0209178787047,14.09472617733787,7.262301629857634,61.17091345601383,48.89367307648111,81.8101760066802,50.46443135688993,2.621901035192358,available,235.44104625487512,50.04244388313908,0.0,0.6404005946652767,normal,,normal,False
SOLAR_001,2026-01-30 11:15:00,solar,857.4978118488124,51.7422644191791,523.7028514886927,14.620313177213038,7.356203084687707,65.92091345601384,49.27367307648111,81.17925354968607,53.05780036477268,2.3600144999399495,available,230.76914774436023,49.97079270970281,0.0,0.9961885847477578,normal,,normal,False
SOLAR_001,2026-01-30 11:30:00,solar,837.0005598687995,52.950023920417586,525.4880995722137,14.154502207513284,7.2072201840650685,70.67091345601384,49.653673076481105,80.55798800299901,52.801895628335494,2.54987322193743,available,230.23941507289862,49.99746991114477,0.0,0.6573469621276384,normal,,normal,False
SOLAR_001,2026-01-30 11:45:00,solar,932.805791777432,55.91224712332064,521.4475558707555,15.723276856349026,7.906435218220257,75.42091345601384,50.03367307648111,79.94615933724532,55.35928295939247,2.293905097064301,available,228.6415853012175,50.033992968499646,0.0,1.612530121155956,normal,,normal,False
SOLAR_001,2026-01-30 12:00:00,solar,868.2345431319944,52.18578227023564,525.4106563786216,14.718600802390466,7.472697089795066,80.17091345601384,50.4136730764811,79.3435541570581,51.32197732021706,2.391410783630574,available,229.0948962835453,49.91218741110449,0.0,1.0812863061644915,normal,,normal,False
SOLAR_001,2026-01-30 12:15:00,solar,1021.0490829255818,57.61606765847309,518.2928479058904,17.05091939812068,8.584815654521245,84.92091345601384,50.793673076481106,78.74996545292395,57.5972971285909,2.240449247597785,available,225.9057924669036,49.95719705025347,0.0,2.34436640692346,normal,,normal,False
SOLAR_001,2026-01-30 12:30:00,solar,847.7627343330557,50.48182921727586,519.0254900829109,14.705296675054775,7.3244164534421135,89.67091345601384,51.17367307648111,78.16519236408611,51.89114398541706,2.294417041750464,available,231.58084667761315,50.01991734376649,0.0,1.0299994116916498,normal,,normal,False
SOLAR_001,2026-01-30 12:45:00,solar,838.2875708144347,53.09321524707526,524.3961086227924,14.18570830082318,7.212405671008861,94.42091345601384,51.553673076481104,77.58903995193329,51.729620817486236,2.39316091050563,available,227.4661580053792,50.079724328690546,0.0,0.8192447605032314,normal,,normal,False
SOLAR_001,2026-01-30 13:00:00,solar,845.7455122545126,51.284924107660956,522.6922026788222,14.655572260211635,7.474487987658874,99.17091345601384,51.93367307648111,77.02131898333715,51.23500642135691,2.3364792723025065,available,231.80547196391151,49.9780338409163,0.0,1.1380087153563672,normal,,normal,False
SOLAR_001,2026-01-30 13:15:00,solar,872.7915066045967,51.02775392559006,517.7768009622425,15.177708573396819,7.589771711562531,100.0,52.0,13.426502736618055,49.313882019992256,2.2743602696616696,available,229.91394796607887,50.078350868629876,0.0,4.617233299596723,normal,,normal,False
SOLAR_001,2026-01-30 13:30:00,solar,810.529708072778,50.92497371413005,514.2925577061468,14.067877131302357,6.967660782608957,100.0,52.0,0.0,50.514551503788624,2.1558263791944348,available,230.25611742952873,49.96228382023332,0.0,4.811834403414522,normal,,normal,False
SOLAR_001,2026-01-30 13:45:00,solar,815.5724595881857,53.35551712332393,517.1215980026839,14.053055376497909,7.044062552198407,100.0,52.0,0.0,53.61828648728665,2.7958118913815118,available,229.9152641397112,49.83072436691246,0.0,4.248250660816895,normal,,normal,False
SOLAR_001,2026-01-30 14:00:00,solar,713.078832153132,48.85995989294805,514.5810343105805,12.56482436921319,6.260713772179688,100.0,52.0,0.0,47.2795848128551,2.2895988430581458,available,232.77214885776593,50.037190542012496,0.0,3.9711149291215424,normal,,normal,False
SOLAR_001,2026-01-30 14:15:00,solar,722.5433641833575,50.93682723256725,523.5274061760056,12.494638453630943,6.3255793197901315,100.0,52.0,0.0,50.49201768576782,2.4401544402423916,available,232.41888471987286,50.027019947150535,0.0,3.88542487954774,normal,,normal,False
SOLAR_001,2026-01-30 14:30:00,solar,691.382019822558,46.628608152419254,518.9072293799037,12.120571654947339,6.063398458743687,100.0,52.0,0.0,46.919127612352696,2.0052146118821854,available,229.94221718869076,50.036809214173395,0.0,4.0581838468615015,normal,,normal,False
SOLAR_001,2026-01-30 14:45:00,solar,632.1181416828191,47.65283938962128,511.97310584003253,11.246380579398934,5.600055983006049,100.0,52.0,0.0,47.78397748096271,2.609857739947423,available,228.20199184717342,50.034855243603666,0.0,2.990198243058626,normal,,normal,False
SOLAR_001,2026-01-30 15:00:00,solar,616.2711678437303,44.49071696672892,509.9621717810709,11.132775397568237,5.523872920865077,100.0,52.0,0.0,44.82967523394999,2.351630181631316,available,231.84777821066407,50.0095875027214,0.0,3.1722427392337615,normal,,normal,False
SOLAR_001,2026-01-30 15:15:00,solar,531.3451036340795,43.44190788420361,510.0736632068631,9.654319884496555,4.750443449839489,100.0,52.0,0.0,42.4673112475372,2.207930708210006,available,228.05085005716947,49.98705924084184,0.0,2.542512741629483,normal,,normal,False
SOLAR_001,2026-01-30 15:30:00,solar,493.77273466745265,42.222815991714086,509.9399276263091,8.929093162763538,4.395591762254562,100.0,52.0,0.0,42.512923695482385,2.1869144289211344,available,226.89027741776368,49.98896558113349,0.0,2.2086773333334278,normal,,normal,False
SOLAR_001,2026-01-30 15:45:00,solar,478.61283266055545,42.22043706975299,510.44460308520325,8.786941807724912,4.353750614224758,100.0,52.0,0.0,41.62042884321248,2.423888576412032,available,230.99669973697544,49.97697992991645,0.0,1.9298620378127258,normal,,normal,False
SOLAR_001,2026-01-30 16:00:00,solar,433.7000947412809,40.16836076670484,514.4581859635235,7.959360921573557,3.9521590007848473,100.0,52.0,0.0,40.88239011535968,1.6343809142510421,available,232.43697984360645,49.97998046181965,0.0,2.317778086533805,normal,,normal,False
SOLAR_001,2026-01-30 16:15:00,solar,338.8806005649468,35.97865891309143,504.979706238968,6.543330285627885,3.2080732536902823,100.0,52.0,0.0,33.668007573417384,2.0341912428567355,available,229.18982966441226,49.90944826213705,0.0,1.1738820108335468,normal,,normal,False
SOLAR_001,2026-01-30 16:30:00,solar,388.3112740838952,39.289572283297275,516.811817626688,7.08315723946196,3.577709677822353,100.0,52.0,0.0,38.999962904905146,2.148390777044052,available,230.80903537646952,49.939284602653366,0.0,1.4293189007783011,normal,,normal,False
SOLAR_001,2026-01-30 16:45:00,solar,307.46870788664353,38.1731942197914,502.6555883587486,5.753604197811024,2.8044538038475952,100.0,52.0,0.0,38.27207131462386,2.1185255431401693,available,229.1686523765246,49.99182893509371,0.0,0.685928260707426,normal,,normal,False
SOLAR_001,2026-01-30 17:00:00,solar,227.17409717202304,32.3036472959164,499.540189977672,4.493808018724704,2.163870721111036,99.4030786290516,51.952246290324126,-8.732254605231065,33.653079346479664,2.6175309630318173,available,231.44398669737163,49.88795665096612,0.0,0.0,normal,,normal,False
SOLAR_001,2026-01-30 17:15:00,solar,217.0435103663904,29.769260476025217,510.65502574161644,4.091449800434071,2.030735968291365,99.41550464980166,51.95324037198413,0.20141221988871585,29.856057514751473,2.0202719508176314,available,232.19005937282444,49.89960800884903,0.0,0.0,normal,,normal,False
SOLAR_001,2026-01-30 17:30:00,solar,109.78277045466892,30.172332640453035,507.89554624374887,2.223613928836466,1.0944795187567304,97.88615903644032,51.83089272291522,-22.42490154217915,30.360618392133084,2.256782184911354,available,229.47426957103596,49.983285891326915,0.0,0.0,normal,,normal,False
SOLAR_001,2026-01-30 17:45:00,solar,61.32702897754601,27.286481390482557,500.5786673935777,1.3220768449291018,0.6414524890310205,95.58311909376961,51.646649527501566,-33.89010463297727,27.661971618965424,2.3917628454607547,available,227.94479368455495,49.99358345418475,0.0,0.0,normal,,normal,False
SOLAR_001,2026-01-30 18:00:00,solar,0.0,25.615079031784703,501.5253292604981,0.12534550378425285,0.061127430059843085,92.85549358443035,51.42843948675443,-40.308347050502086,26.868166232333365,2.134122817157686,available,227.08593879477692,49.984332232498446,0.0,0.0,normal,,normal,False
SOLAR_001,2026-01-30 18:15:00,solar,29.73585307398011,26.943295214558916,501.62627647640807,0.6257213249261635,0.3055464186666988,90.84199495426789,51.26735959634143,-29.84860096115956,26.561400802382785,1.8358053775901682,available,231.8513768649205,49.88100463343235,0.0,0.0,normal,,normal,False
SOLAR_001,2026-01-30 18:30:00,solar,0.0,24.229094700801966,500.54684971497426,0.0,0.0,88.62572430123686,51.09005794409895,-32.96856108768881,22.825993706424295,1.6843656963035873,available,227.72686701658435,50.077619761163696,0.0,0.0,normal,,normal,False
SOLAR_001,2026-01-30 18:45:00,solar,2.6907138133111665,24.121811792928273,494.8140818461181,0.06560250357638979,0.03147736256501874,85.95491371035453,50.876393096828366,-39.89701166919208,22.5272645168038,2.0612934116355834,available,230.74404848240474,49.9281884666061,0.0,0.0,normal,,normal,False
SOLAR_001,2026-01-30 19:00:00,solar,21.668078754458033,24.39152269345657,490.072131269335,0.4819935650180081,0.23156242758314788,83.34836891186505,50.6678695129492,-39.097243793637894,25.055717953666672,2.2125364744351557,available,231.55481413688503,49.95909194647624,0.0,0.0,normal,,normal,False
SOLAR_001,2026-01-30 19:15:00,solar,10.532510234299378,26.01012175822401,496.62109527070635,0.15483123070201213,0.07504724943606568,80.86218784570276,50.46897502765622,-37.43879500718848,26.23332875246964,1.9645448597194015,available,228.9973962428989,49.93691160076003,0.0,0.0,normal,,normal,False
SOLAR_001,2026-01-30 19:30:00,solar,0.0,23.13142106063001,507.2646176454838,0.1314024517531895,0.06493394348976372,78.21804555263279,50.257443644210625,-39.985084736092915,22.87507859152305,2.0744820862229396,available,229.6675782996401,50.064951543152475,0.0,0.0,normal,,normal,False
SOLAR_001,2026-01-30 19:45:00,solar,19.987037502434333,21.280533312225522,507.42165401090665,0.4569143361881265,0.22504488069399298,75.4623684233498,50.03698947386798,-41.85532823370274,20.69443885064387,2.3193594989490665,available,231.99808689501356,50.02107100610203,0.0,0.0,normal,,normal,False
SOLAR_001,2026-01-30 20:00:00,solar,45.69269812970314,21.53676641581326,498.9526521420308,0.8390487778795416,0.4039809946419842,73.43803439409172,49.87504275152734,-30.8469682903485,21.717599120850878,1.942474856878124,available,228.38361242533048,49.976337843942574,0.0,0.0,normal,,normal,False
SOLAR_001,2026-01-30 20:15:00,solar,5.713388078389584,22.10160332732701,496.1681431099053,0.3062267364742369,0.148238227833169,71.62010203336905,49.72960816266952,-27.782816820711897,22.311326554061413,1.5298668219823957,available,228.18057678993182,49.97281720520326,0.0,0.0,normal,,normal,False
SOLAR_001,2026-01-30 20:30:00,solar,2.101681581706195,19.679616011950557,501.11248487891754,0.05255017683972735,0.025562542091490757,69.369171812375,49.54953374499,-34.52518800196474,20.1594458200007,1.7362695100469667,available,229.53121755758187,50.00897966170389,0.0,0.0,normal,,normal,False
SOLAR_001,2026-01-30 20:45:00,solar,3.071287505143468,18.637306125709337,501.7559247818681,0.0,0.0,66.767412046705,49.3413929637364,-40.074616931922634,17.528639195274312,1.977337421909199,available,232.55582532415275,49.93767228493879,0.0,0.0,normal,,normal,False
SOLAR_001,2026-01-30 21:00:00,solar,23.587731014967318,22.0429972617752,502.40287807717624,0.39242323645688676,0.1910002452678067,64.87129922432521,49.189703937946014,-29.295678356319403,20.278691695399168,1.6320459902764513,available,233.22146218920722,50.019036970107315,0.0,0.0,normal,,normal,False
SOLAR_001,2026-01-30 21:15:00,solar,0.0,21.137755973165753,489.8918852686496,0.15184815689991127,0.07179813681904015,62.38312150224888,48.99064972017991,-38.59950989788726,20.224229094458206,1.962813205597052,available,229.80243395911853,49.97256775812992,0.0,0.0,normal,,normal,False
SOLAR_001,2026-01-30 21:30:00,solar,0.0,19.186465196098176,512.6310247353007,0.17800180131110488,0.08899417082524765,60.35600380955675,48.82848030476454,-31.551451874607903,17.835336336769025,1.629603617271266,available,228.5757567439104,50.02598195909734,0.0,0.0,normal,,normal,False
SOLAR_001,2026-01-30 21:45:00,solar,0.0,19.825068231027085,504.5298986721745,0.10004214379937527,0.049132404025420705,58.19340413241491,48.65547233059319,-33.77987461431686,18.422142296521503,1.6927081586532218,available,232.12822923183916,50.024286125574335,0.0,0.0,normal,,normal,False
SOLAR_001,2026-01-30 22:00:00,solar,0.0,19.33243499798742,499.2085451850413,0.13214003058562512,0.0640463767758157,56.251175206819624,48.50009401654557,-30.43486849631374,20.902171347372015,1.5401403602282329,available,226.66140883667904,49.970319419082024,0.0,0.0,normal,,normal,False
SOLAR_001,2026-01-30 22:15:00,solar,0.0,19.64075042660079,497.1260894793566,0.12236487729629926,0.05899283635416112,54.186278235740225,48.334902258859216,-32.467670868884525,17.373748453141644,1.6283145343745054,available,230.49522170829619,49.89736442404056,0.0,0.0,normal,,normal,False
SOLAR_001,2026-01-30 22:30:00,solar,0.0,19.353651473871054,503.94922277631844,0.05525518520456748,0.026915664535951154,52.08124135233512,48.16649930818681,-33.214538203235314,19.823356183676193,1.626743695923829,available,229.9121728143216,49.987658738077855,0.0,0.0,normal,,normal,False
SOLAR_001,2026-01-30 22:45:00,solar,31.84349986386215,15.067117329187894,501.98157846013817,0.692334166951499,0.3334114114489088,50.872344451025974,48.069787556082076,-19.113078956778182,15.97411554368956,1.252173056443859,available,232.58765568704877,49.927526347530545,0.0,0.0,normal,,normal,False
SOLAR_001,2026-01-30 23:00:00,solar,9.64787048865404,17.81827049800169,500.36858995213805,0.2523008098234931,0.12156423496136425,49.08885697116763,47.92710855769341,-28.28149924923353,18.805735132091446,1.4770147196537042,available,232.79003707927674,50.00393173429467,0.0,0.0,normal,,normal,False
SOLAR_001,2026-01-30 23:15:00,solar,0.0,18.49874709153838,501.83333853456327,0.07333265714196888,0.035560099382783636,47.409324198713584,47.79274593589709,-26.70792150710759,18.77597910884706,1.3120050064478583,available,228.11494288410546,49.987171406656,0.0,0.0,normal,,normal,False
SOLAR_001,2026-01-30 23:30:00,solar,0.0,16.917158385862468,499.54912158310157,0.0,0.0,45.47191881594502,47.637753505275604,-30.9088481836376,18.23706808161619,1.4724280909041136,available,230.33535607094996,49.97060025600601,0.0,0.0,normal,,normal,False
SOLAR_001,2026-01-30 23:45:00,solar,24.74547629815178,18.044429959877796,501.6074490628692,0.5800102365572678,0.28263026075293685,44.012312934554686,47.52098503476437,-23.34338122505529,19.82782969079898,1.3919307306095887,available,228.85879131551692,49.93522188597453,0.0,0.0,normal,,normal,False
